surah_id	ayah	sentence	mention	uri	label
2	1	Alif Lām Mīm.			
2	2	Kitab (Al-Qur’an) ini tidak ada keraguan di dalamnya; (ia merupakan) petunjuk bagi orang-orang yang bertakwa,	Al-Qur’an	http://www.wikidata.org/entity/Q428	HolyBook
2	3	(yaitu) orang-orang yang beriman pada yang gaib, menegakkan salat, dan menginfakkan sebagian rezeki yang Kami anugerahkan kepada mereka,			
2	4	dan mereka yang beriman pada (Al-Qur’an) yang diturunkan kepadamu (Nabi Muhammad) dan (kitab-kitab suci) yang telah diturunkan sebelum engkau dan mereka yakin akan adanya akhirat.	Al-Qur’an	http://www.wikidata.org/entity/Q428	HolyBook
2	4	dan mereka yang beriman pada (Al-Qur’an) yang diturunkan kepadamu (Nabi Muhammad) dan (kitab-kitab suci) yang telah diturunkan sebelum engkau dan mereka yakin akan adanya akhirat.	Muhammad	http://www.wikidata.org/entity/Q9458	Messenger
2	5	Merekalah yang mendapat petunjuk dari Tuhannya dan mereka itulah orang-orang yang beruntung.			
2	6	Sesungguhnya orang-orang yang kufur itu sama saja bagi mereka, apakah engkau (Nabi Muhammad) beri peringatan atau tidak engkau beri peringatan, mereka tidak akan beriman.	Muhammad	http://www.wikidata.org/entity/Q9458	Messenger
2	7	Allah telah mengunci hati dan pendengaran mereka. Pada penglihatan mereka ada penutup, dan bagi mereka azab yang sangat berat.	Allah	http://www.wikidata.org/entity/Q2095353	Allah
2	9	Mereka menipu Allah dan orang-orang yang beriman, padahal mereka hanyalah menipu diri sendiri tanpa mereka sadari.	Allah	http://www.wikidata.org/entity/Q2095353	Allah
2	11	Apabila dikatakan kepada mereka, “Janganlah berbuat kerusakan di bumi,” mereka menjawab, “Sesungguhnya kami hanyalah orang-orang yang melakukan perbaikan.”	bumi	http://www.wikidata.org/entity/Q2	AstronomicalBody
2	12	Ingatlah, sesungguhnya merekalah yang berbuat kerusakan, tetapi mereka tidak menyadari.			
2	13	Apabila dikatakan kepada mereka, “Berimanlah kamu sebagaimana orang lain telah beriman,” mereka menjawab, “Apakah kami akan beriman seperti orang-orang yang picik akalnya itu beriman?” Ingatlah, sesungguhnya mereka itulah orang-orang yang picik akalnya, tetapi mereka tidak tahu.			
2	14	Apabila mereka berjumpa dengan orang yang beriman, mereka berkata, “Kami telah beriman.” Akan tetapi apabila mereka menyendiri dengan setan-setan (para pemimpin) mereka, mereka berkata, “Sesungguhnya kami bersama kamu, kami hanya pengolok-olok.”			
2	15	Allah akan memperolok-olokkan dan membiarkan mereka terombang-ambing dalam kesesatan.	Allah	http://www.wikidata.org/entity/Q2095353	Allah
2	16	Mereka itulah orang-orang yang membeli kesesatan dengan petunjuk. Maka, tidaklah beruntung perniagaannya dan mereka bukanlah orang-orang yang mendapatkan petunjuk.			
2	17	Perumpamaan mereka seperti orang yang menyalakan api. Setelah (api itu) menerangi sekelilingnya, Allah melenyapkan cahaya (yang menyinari) mereka dan membiarkan mereka dalam kegelapan, tidak dapat melihat.	Allah	http://www.wikidata.org/entity/Q2095353	Allah
2	18	(Mereka) tuli, bisu, lagi buta, sehingga mereka tidak dapat kembali.			
2	19	Atau, seperti (orang yang ditimpa) hujan lebat dari langit yang disertai berbagai kegelapan, petir, dan kilat. Mereka menyumbat telinga dengan jari-jarinya (untuk menghindari) suara petir itu karena takut mati. Allah meliputi orang-orang yang kafir.	langit	http://www.wikidata.org/entity/Q527	AstronomicalBody
2	19	Atau, seperti (orang yang ditimpa) hujan lebat dari langit yang disertai berbagai kegelapan, petir, dan kilat. Mereka menyumbat telinga dengan jari-jarinya (untuk menghindari) suara petir itu karena takut mati. Allah meliputi orang-orang yang kafir.	Allah	http://www.wikidata.org/entity/Q2095353	Allah
2	20	Hampir saja kilat itu menyambar penglihatan mereka. Setiap kali (kilat itu) menyinari, mereka berjalan di bawah (sinar) itu. Apabila gelap menerpa mereka, mereka berdiri (tidak bergerak). Sekiranya Allah menghendaki, niscaya Dia menghilangkan pendengaran dan penglihatan mereka. Sesungguhnya Allah Maha Kuasa atas segala sesuatu.	Allah	http://www.wikidata.org/entity/Q2095353	Allah
2	20	Hampir saja kilat itu menyambar penglihatan mereka. Setiap kali (kilat itu) menyinari, mereka berjalan di bawah (sinar) itu. Apabila gelap menerpa mereka, mereka berdiri (tidak bergerak). Sekiranya Allah menghendaki, niscaya Dia menghilangkan pendengaran dan penglihatan mereka. Sesungguhnya Allah Maha Kuasa atas segala sesuatu.	Allah	http://www.wikidata.org/entity/Q2095353	Allah
2	22	(Dialah) yang menjadikan bagimu bumi (sebagai) hamparan dan langit sebagai atap, dan Dialah yang menurunkan air (hujan) dari langit, lalu Dia menghasilkan dengan (hujan) itu buah-buahan sebagai rezeki untuk kamu. Oleh karena itu, janganlah kamu mengadakan tandingan-tandingan bagi Allah, padahal kamu mengetahui.	bumi	http://www.wikidata.org/entity/Q2	AstronomicalBody
2	22	(Dialah) yang menjadikan bagimu bumi (sebagai) hamparan dan langit sebagai atap, dan Dialah yang menurunkan air (hujan) dari langit, lalu Dia menghasilkan dengan (hujan) itu buah-buahan sebagai rezeki untuk kamu. Oleh karena itu, janganlah kamu mengadakan tandingan-tandingan bagi Allah, padahal kamu mengetahui.	langit	http://www.wikidata.org/entity/Q527	AstronomicalBody
2	22	(Dialah) yang menjadikan bagimu bumi (sebagai) hamparan dan langit sebagai atap, dan Dialah yang menurunkan air (hujan) dari langit, lalu Dia menghasilkan dengan (hujan) itu buah-buahan sebagai rezeki untuk kamu. Oleh karena itu, janganlah kamu mengadakan tandingan-tandingan bagi Allah, padahal kamu mengetahui.	langit	http://www.wikidata.org/entity/Q527	AstronomicalBody
2	22	(Dialah) yang menjadikan bagimu bumi (sebagai) hamparan dan langit sebagai atap, dan Dialah yang menurunkan air (hujan) dari langit, lalu Dia menghasilkan dengan (hujan) itu buah-buahan sebagai rezeki untuk kamu. Oleh karena itu, janganlah kamu mengadakan tandingan-tandingan bagi Allah, padahal kamu mengetahui.	Allah	http://www.wikidata.org/entity/Q2095353	Allah
2	23	Jika kamu (tetap) dalam keraguan tentang apa (Al-Qur’an) yang Kami turunkan kepada hamba Kami (Nabi Muhammad), buatlah satu surah yang semisal dengannya dan ajaklah penolong-penolongmu selain Allah, jika kamu orang-orang yang benar.	Al-Qur’an	http://www.wikidata.org/entity/Q428	HolyBook
2	23	Jika kamu (tetap) dalam keraguan tentang apa (Al-Qur’an) yang Kami turunkan kepada hamba Kami (Nabi Muhammad), buatlah satu surah yang semisal dengannya dan ajaklah penolong-penolongmu selain Allah, jika kamu orang-orang yang benar.	Muhammad	http://www.wikidata.org/entity/Q9458	Messenger
2	23	Jika kamu (tetap) dalam keraguan tentang apa (Al-Qur’an) yang Kami turunkan kepada hamba Kami (Nabi Muhammad), buatlah satu surah yang semisal dengannya dan ajaklah penolong-penolongmu selain Allah, jika kamu orang-orang yang benar.	Allah	http://www.wikidata.org/entity/Q2095353	Allah
2	24	Jika kamu tidak (mampu) membuat(-nya) dan (pasti) kamu tidak akan (mampu) membuat(-nya), takutlah pada api neraka yang bahan bakarnya adalah manusia dan batu yang disediakan bagi orang-orang kafir.			
2	25	Sampaikanlah kabar gembira kepada orang-orang yang beriman dan beramal saleh bahwa untuk mereka (disediakan) surga-surga yang di bawahnya mengalir sungai-sungai. Setiap kali diberi rezeki buah-buahan darinya, mereka berkata, “Inilah rezeki yang diberikan kepada kami sebelumnya.” Mereka telah diberi (buah-buahan) yang serupa dan di sana mereka (memperoleh) pasangan-pasangan yang disucikan. Mereka kekal di dalamnya.			
2	27	(yaitu) orang-orang yang melanggar perjanjian Allah setelah (perjanjian) itu diteguhkan, memutuskan apa yang diperintahkan Allah untuk disambungkan (silaturahmi), dan berbuat kerusakan di bumi. Mereka itulah orang-orang yang rugi.	Allah	http://www.wikidata.org/entity/Q2095353	Allah
2	27	(yaitu) orang-orang yang melanggar perjanjian Allah setelah (perjanjian) itu diteguhkan, memutuskan apa yang diperintahkan Allah untuk disambungkan (silaturahmi), dan berbuat kerusakan di bumi. Mereka itulah orang-orang yang rugi.	Allah	http://www.wikidata.org/entity/Q2095353	Allah
2	27	(yaitu) orang-orang yang melanggar perjanjian Allah setelah (perjanjian) itu diteguhkan, memutuskan apa yang diperintahkan Allah untuk disambungkan (silaturahmi), dan berbuat kerusakan di bumi. Mereka itulah orang-orang yang rugi.	bumi	http://www.wikidata.org/entity/Q2	AstronomicalBody
2	30	(Ingatlah) ketika Tuhanmu berfirman kepada para malaikat, “Aku hendak menjadikan khalifah di bumi.” Mereka berkata, “Apakah Engkau hendak menjadikan orang yang merusak dan menumpahkan darah di sana, sedangkan kami bertasbih memuji-Mu dan menyucikan nama-Mu?” Dia berfirman, “Sesungguhnya Aku mengetahui apa yang tidak kamu ketahui.”	bumi	http://www.wikidata.org/entity/Q2	AstronomicalBody
2	32	Mereka menjawab, “Maha Suci Engkau. Tidak ada pengetahuan bagi kami, selain yang telah Engkau ajarkan kepada kami. Sesungguhnya Engkaulah Yang Maha Mengetahui lagi Maha Bijaksana.”	Yang Maha Mengetahui lagi Maha Bijaksana	http://www.wikidata.org/entity/Q2095353	Allah
2	33	Dia (Allah) berfirman, “Wahai Adam, beri tahukanlah kepada mereka nama-nama benda itu!” Setelah dia (Adam) menyebutkan nama-nama itu, Dia berfirman, “Bukankah telah Kukatakan kepadamu bahwa Aku mengetahui rahasia langit dan bumi, dan Aku mengetahui apa yang kamu nyatakan dan apa yang selalu kamu sembunyikan?”	Allah	http://www.wikidata.org/entity/Q2095353	Allah
2	33	Dia (Allah) berfirman, “Wahai Adam, beri tahukanlah kepada mereka nama-nama benda itu!” Setelah dia (Adam) menyebutkan nama-nama itu, Dia berfirman, “Bukankah telah Kukatakan kepadamu bahwa Aku mengetahui rahasia langit dan bumi, dan Aku mengetahui apa yang kamu nyatakan dan apa yang selalu kamu sembunyikan?”	Adam	http://www.wikidata.org/entity/Q2001710	Prophet
2	33	Dia (Allah) berfirman, “Wahai Adam, beri tahukanlah kepada mereka nama-nama benda itu!” Setelah dia (Adam) menyebutkan nama-nama itu, Dia berfirman, “Bukankah telah Kukatakan kepadamu bahwa Aku mengetahui rahasia langit dan bumi, dan Aku mengetahui apa yang kamu nyatakan dan apa yang selalu kamu sembunyikan?”	Adam	http://www.wikidata.org/entity/Q2001710	Prophet
2	33	Dia (Allah) berfirman, “Wahai Adam, beri tahukanlah kepada mereka nama-nama benda itu!” Setelah dia (Adam) menyebutkan nama-nama itu, Dia berfirman, “Bukankah telah Kukatakan kepadamu bahwa Aku mengetahui rahasia langit dan bumi, dan Aku mengetahui apa yang kamu nyatakan dan apa yang selalu kamu sembunyikan?”	langit	http://www.wikidata.org/entity/Q527	AstronomicalBody
2	33	Dia (Allah) berfirman, “Wahai Adam, beri tahukanlah kepada mereka nama-nama benda itu!” Setelah dia (Adam) menyebutkan nama-nama itu, Dia berfirman, “Bukankah telah Kukatakan kepadamu bahwa Aku mengetahui rahasia langit dan bumi, dan Aku mengetahui apa yang kamu nyatakan dan apa yang selalu kamu sembunyikan?”	bumi	http://www.wikidata.org/entity/Q2	AstronomicalBody
2	35	Kami berfirman, “Wahai Adam, tinggallah engkau dan istrimu di dalam surga, makanlah dengan nikmat (berbagai makanan) yang ada di sana sesukamu, dan janganlah kamu dekati pohon ini, sehingga kamu termasuk orang-orang zalim!”	Adam	http://www.wikidata.org/entity/Q2001710	Prophet
2	36	Lalu, setan menggelincirkan keduanya darinya sehingga keduanya dikeluarkan dari segala kenikmatan ketika keduanya ada di sana (surga). Kami berfirman, “Turunlah kamu! Sebagian kamu menjadi musuh bagi yang lain serta bagi kamu ada tempat tinggal dan kesenangan di bumi sampai waktu yang ditentukan.”	bumi	http://www.wikidata.org/entity/Q2	AstronomicalBody
2	37	Kemudian, Adam menerima beberapa kalimat dari Tuhannya, lalu Dia pun menerima tobatnya. Sesungguhnya Dialah Yang Maha Penerima tobat lagi Maha Penyayang.	Adam	http://www.wikidata.org/entity/Q2001710	Prophet
2	37	Kemudian, Adam menerima beberapa kalimat dari Tuhannya, lalu Dia pun menerima tobatnya. Sesungguhnya Dialah Yang Maha Penerima tobat lagi Maha Penyayang.	Yang Maha Penerima tobat lagi Maha Penyayang	http://www.wikidata.org/entity/Q2095353	Allah
2	38	Kami berfirman, “Turunlah kamu semua dari surga! Lalu, jika benar-benar datang petunjuk-Ku kepadamu, siapa saja yang mengikuti petunjuk-Ku tidak ada rasa takut yang menimpa mereka dan mereka pun tidak bersedih hati.”			
2	39	(Sementara itu,) orang-orang yang mengingkari dan mendustakan ayat-ayat Kami, mereka itulah penghuni neraka. Mereka kekal di dalamnya.			
2	41	Berimanlah kamu kepada apa (Al-Qur’an) yang telah Aku turunkan sebagai pembenar bagi apa yang ada pada kamu (Taurat) dan janganlah kamu menjadi orang yang pertama kafir kepadanya. Janganlah kamu menukarkan ayat-ayat-Ku dengan harga murah dan bertakwalah hanya kepada-Ku.	Al-Qur’an	http://www.wikidata.org/entity/Q428	HolyBook
2	41	Berimanlah kamu kepada apa (Al-Qur’an) yang telah Aku turunkan sebagai pembenar bagi apa yang ada pada kamu (Taurat) dan janganlah kamu menjadi orang yang pertama kafir kepadanya. Janganlah kamu menukarkan ayat-ayat-Ku dengan harga murah dan bertakwalah hanya kepada-Ku.	Taurat	http://www.wikidata.org/entity/Q2383104	HolyBook
2	42	Janganlah kamu campuradukkan kebenaran dengan kebatilan dan (jangan pula) kamu sembunyikan kebenaran, sedangkan kamu mengetahui(-nya).			
2	43	Tegakkanlah salat, tunaikanlah zakat, dan rukuklah beserta orang-orang yang rukuk.			
2	45	Mohonlah pertolongan (kepada Allah) dengan sabar dan salat. Sesungguhnya (salat) itu benar-benar berat, kecuali bagi orang-orang yang khusyuk,	Allah	http://www.wikidata.org/entity/Q2095353	Allah
2	46	(yaitu) orang-orang yang meyakini bahwa mereka akan menemui Tuhannya dan hanya kepada-Nya mereka kembali.			
2	47	Wahai Bani Israil, ingatlah nikmat-Ku yang telah Aku anugerahkan kepadamu dan sesungguhnya Aku telah melebihkan kamu daripada semua umat di alam ini (pada masa itu).	Bani Israil	http://www.wikidata.org/entity/Q2605404	Person
2	48	Takutlah kamu pada suatu hari (kiamat) yang seseorang tidak dapat membela orang lain sedikit pun, syafaat dan tebusan apa pun darinya tidak diterima, dan mereka tidak akan ditolong.	kiamat	http://www.wikidata.org/entity/Q12200906	Event
2	49	(Ingatlah) ketika Kami menyelamatkan kamu dari (Fir‘aun dan) pengikut-pengikut Fir‘aun. Mereka menimpakan siksaan yang sangat berat kepadamu. Mereka menyembelih anak-anak laki-lakimu dan membiarkan hidup anak-anak perempuanmu. Pada yang demikian terdapat cobaan yang sangat besar dari Tuhanmu.	Fir‘aun	http://www.wikidata.org/entity/Q37110	Person
2	49	(Ingatlah) ketika Kami menyelamatkan kamu dari (Fir‘aun dan) pengikut-pengikut Fir‘aun. Mereka menimpakan siksaan yang sangat berat kepadamu. Mereka menyembelih anak-anak laki-lakimu dan membiarkan hidup anak-anak perempuanmu. Pada yang demikian terdapat cobaan yang sangat besar dari Tuhanmu.	Fir‘aun	http://www.wikidata.org/entity/Q37110	Person
2	50	(Ingatlah) ketika Kami membelah laut untukmu, lalu Kami menyelamatkanmu dan menenggelamkan (Fir‘aun dan) pengikut-pengikut Fir‘aun, sedangkan kamu menyaksikan(-nya).	Fir‘aun	http://www.wikidata.org/entity/Q37110	Person
2	50	(Ingatlah) ketika Kami membelah laut untukmu, lalu Kami menyelamatkanmu dan menenggelamkan (Fir‘aun dan) pengikut-pengikut Fir‘aun, sedangkan kamu menyaksikan(-nya).	Fir‘aun	http://www.wikidata.org/entity/Q37110	Person
2	51	(Ingatlah) ketika Kami menjanjikan (petunjuk Taurat) kepada Musa (melalui munajat selama) empat puluh malam. Kemudian, kamu (Bani Israil) menjadikan (patung) anak sapi (sebagai sembahan) setelah (kepergian)-nya, dan kamu (menjadi) orang-orang zalim.	Taurat	http://www.wikidata.org/entity/Q2383104	HolyBook
2	51	(Ingatlah) ketika Kami menjanjikan (petunjuk Taurat) kepada Musa (melalui munajat selama) empat puluh malam. Kemudian, kamu (Bani Israil) menjadikan (patung) anak sapi (sebagai sembahan) setelah (kepergian)-nya, dan kamu (menjadi) orang-orang zalim.	Musa	http://www.wikidata.org/entity/Q1990155	Messenger
2	51	(Ingatlah) ketika Kami menjanjikan (petunjuk Taurat) kepada Musa (melalui munajat selama) empat puluh malam. Kemudian, kamu (Bani Israil) menjadikan (patung) anak sapi (sebagai sembahan) setelah (kepergian)-nya, dan kamu (menjadi) orang-orang zalim.	Bani Israil	http://www.wikidata.org/entity/Q2605404	Person
2	52	Setelah itu, Kami memaafkan kamu agar kamu bersyukur.			
2	54	(Ingatlah) ketika Musa berkata kepada kaumnya, “Wahai kaumku, sesungguhnya kamu telah menzalimi dirimu sendiri dengan menjadikan (patung) anak sapi (sebagai sembahan). Oleh karena itu, bertobatlah kepada Penciptamu dan bunuhlah dirimu. Itu lebih baik bagimu dalam pandangan Penciptamu. Dia akan menerima tobatmu. Sesungguhnya Dialah Yang Maha Penerima Tobat lagi Maha Penyayang.	Musa	http://www.wikidata.org/entity/Q1990155	Messenger
2	54	(Ingatlah) ketika Musa berkata kepada kaumnya, “Wahai kaumku, sesungguhnya kamu telah menzalimi dirimu sendiri dengan menjadikan (patung) anak sapi (sebagai sembahan). Oleh karena itu, bertobatlah kepada Penciptamu dan bunuhlah dirimu. Itu lebih baik bagimu dalam pandangan Penciptamu. Dia akan menerima tobatmu. Sesungguhnya Dialah Yang Maha Penerima Tobat lagi Maha Penyayang.	Yang Maha Penerima Tobat lagi Maha Penyayang	http://www.wikidata.org/entity/Q2095353	Allah
2	56	Kemudian, Kami membangkitkan kamu setelah kematianmu agar kamu bersyukur.			
2	57	Kami menaungi kamu dengan awan dan Kami menurunkan kepadamu manna dan salwa. Makanlah (makanan) yang baik-baik dari rezeki yang telah Kami berikan kepadamu. Mereka tidak menzalimi Kami, tetapi justru merekalah yang menzalimi diri sendiri.			
2	58	(Ingatlah) ketika Kami berfirman, “Masuklah ke negeri ini (Baitulmaqdis). Lalu, makanlah dengan nikmat (berbagai makanan) yang ada di sana sesukamu. Masukilah pintu gerbangnya sambil membungkuk dan katakanlah, ‘Bebaskanlah kami (dari dosa-dosa kami),’ niscaya Kami mengampuni kesalahan-kesalahanmu. Kami akan menambah (karunia) kepada orang-orang yang berbuat kebaikan.”	Baitulmaqdis	http://www.wikidata.org/entity/Q1218	GeographicalLocation
2	59	Lalu, orang-orang yang zalim mengganti perintah dengan (perintah lain) yang tidak diperintahkan kepada mereka. Maka, Kami menurunkan malapetaka dari langit kepada orang-orang yang zalim itu karena mereka selalu berbuat fasik.	langit	http://www.wikidata.org/entity/Q527	AstronomicalBody
2	60	(Ingatlah) ketika Musa memohon (curahan) air untuk kaumnya. Lalu, Kami berfirman, “Pukullah batu itu dengan tongkatmu!” Maka, memancarlah darinya (batu itu) dua belas mata air. Setiap suku telah mengetahui tempat minumnya (masing-masing). Makan dan minumlah rezeki (yang diberikan) Allah dan janganlah melakukan kejahatan di bumi dengan berbuat kerusakan.	Musa	http://www.wikidata.org/entity/Q1990155	Messenger
2	60	(Ingatlah) ketika Musa memohon (curahan) air untuk kaumnya. Lalu, Kami berfirman, “Pukullah batu itu dengan tongkatmu!” Maka, memancarlah darinya (batu itu) dua belas mata air. Setiap suku telah mengetahui tempat minumnya (masing-masing). Makan dan minumlah rezeki (yang diberikan) Allah dan janganlah melakukan kejahatan di bumi dengan berbuat kerusakan.	Allah	http://www.wikidata.org/entity/Q2095353	Allah
2	60	(Ingatlah) ketika Musa memohon (curahan) air untuk kaumnya. Lalu, Kami berfirman, “Pukullah batu itu dengan tongkatmu!” Maka, memancarlah darinya (batu itu) dua belas mata air. Setiap suku telah mengetahui tempat minumnya (masing-masing). Makan dan minumlah rezeki (yang diberikan) Allah dan janganlah melakukan kejahatan di bumi dengan berbuat kerusakan.	bumi	http://www.wikidata.org/entity/Q2	AstronomicalBody
2	61	(Ingatlah) ketika kamu berkata, “Wahai Musa, kami tidak tahan hanya (makan) dengan satu macam makanan. Maka, mohonkanlah kepada Tuhanmu untuk kami agar Dia memberi kami apa yang ditumbuhkan bumi, seperti sayur-mayur, mentimun, bawang putih, kacang adas, dan bawang merah.” Dia (Musa) menjawab, “Apakah kamu meminta sesuatu yang buruk sebagai ganti dari sesuatu yang baik? Pergilah ke suatu kota. Pasti kamu akan memperoleh apa yang kamu minta.” Kemudian, mereka ditimpa kenistaan dan kemiskinan, dan mereka (kembali) mendapat kemurkaan dari Allah. Hal itu (terjadi) karena sesungguhnya mereka selalu mengingkari ayat-ayat Allah dan membunuh para nabi tanpa hak (alasan yang benar). Yang demikian itu ditimpakan karena mereka durhaka dan selalu melampaui batas.	Musa	http://www.wikidata.org/entity/Q1990155	Messenger
2	61	(Ingatlah) ketika kamu berkata, “Wahai Musa, kami tidak tahan hanya (makan) dengan satu macam makanan. Maka, mohonkanlah kepada Tuhanmu untuk kami agar Dia memberi kami apa yang ditumbuhkan bumi, seperti sayur-mayur, mentimun, bawang putih, kacang adas, dan bawang merah.” Dia (Musa) menjawab, “Apakah kamu meminta sesuatu yang buruk sebagai ganti dari sesuatu yang baik? Pergilah ke suatu kota. Pasti kamu akan memperoleh apa yang kamu minta.” Kemudian, mereka ditimpa kenistaan dan kemiskinan, dan mereka (kembali) mendapat kemurkaan dari Allah. Hal itu (terjadi) karena sesungguhnya mereka selalu mengingkari ayat-ayat Allah dan membunuh para nabi tanpa hak (alasan yang benar). Yang demikian itu ditimpakan karena mereka durhaka dan selalu melampaui batas.	bumi	http://www.wikidata.org/entity/Q2	AstronomicalBody
2	61	(Ingatlah) ketika kamu berkata, “Wahai Musa, kami tidak tahan hanya (makan) dengan satu macam makanan. Maka, mohonkanlah kepada Tuhanmu untuk kami agar Dia memberi kami apa yang ditumbuhkan bumi, seperti sayur-mayur, mentimun, bawang putih, kacang adas, dan bawang merah.” Dia (Musa) menjawab, “Apakah kamu meminta sesuatu yang buruk sebagai ganti dari sesuatu yang baik? Pergilah ke suatu kota. Pasti kamu akan memperoleh apa yang kamu minta.” Kemudian, mereka ditimpa kenistaan dan kemiskinan, dan mereka (kembali) mendapat kemurkaan dari Allah. Hal itu (terjadi) karena sesungguhnya mereka selalu mengingkari ayat-ayat Allah dan membunuh para nabi tanpa hak (alasan yang benar). Yang demikian itu ditimpakan karena mereka durhaka dan selalu melampaui batas.	putih	http://www.wikidata.org/entity/Q23444	Color
2	61	(Ingatlah) ketika kamu berkata, “Wahai Musa, kami tidak tahan hanya (makan) dengan satu macam makanan. Maka, mohonkanlah kepada Tuhanmu untuk kami agar Dia memberi kami apa yang ditumbuhkan bumi, seperti sayur-mayur, mentimun, bawang putih, kacang adas, dan bawang merah.” Dia (Musa) menjawab, “Apakah kamu meminta sesuatu yang buruk sebagai ganti dari sesuatu yang baik? Pergilah ke suatu kota. Pasti kamu akan memperoleh apa yang kamu minta.” Kemudian, mereka ditimpa kenistaan dan kemiskinan, dan mereka (kembali) mendapat kemurkaan dari Allah. Hal itu (terjadi) karena sesungguhnya mereka selalu mengingkari ayat-ayat Allah dan membunuh para nabi tanpa hak (alasan yang benar). Yang demikian itu ditimpakan karena mereka durhaka dan selalu melampaui batas.	Musa	http://www.wikidata.org/entity/Q1990155	Messenger
2	61	(Ingatlah) ketika kamu berkata, “Wahai Musa, kami tidak tahan hanya (makan) dengan satu macam makanan. Maka, mohonkanlah kepada Tuhanmu untuk kami agar Dia memberi kami apa yang ditumbuhkan bumi, seperti sayur-mayur, mentimun, bawang putih, kacang adas, dan bawang merah.” Dia (Musa) menjawab, “Apakah kamu meminta sesuatu yang buruk sebagai ganti dari sesuatu yang baik? Pergilah ke suatu kota. Pasti kamu akan memperoleh apa yang kamu minta.” Kemudian, mereka ditimpa kenistaan dan kemiskinan, dan mereka (kembali) mendapat kemurkaan dari Allah. Hal itu (terjadi) karena sesungguhnya mereka selalu mengingkari ayat-ayat Allah dan membunuh para nabi tanpa hak (alasan yang benar). Yang demikian itu ditimpakan karena mereka durhaka dan selalu melampaui batas.	Allah	http://www.wikidata.org/entity/Q2095353	Allah
2	61	(Ingatlah) ketika kamu berkata, “Wahai Musa, kami tidak tahan hanya (makan) dengan satu macam makanan. Maka, mohonkanlah kepada Tuhanmu untuk kami agar Dia memberi kami apa yang ditumbuhkan bumi, seperti sayur-mayur, mentimun, bawang putih, kacang adas, dan bawang merah.” Dia (Musa) menjawab, “Apakah kamu meminta sesuatu yang buruk sebagai ganti dari sesuatu yang baik? Pergilah ke suatu kota. Pasti kamu akan memperoleh apa yang kamu minta.” Kemudian, mereka ditimpa kenistaan dan kemiskinan, dan mereka (kembali) mendapat kemurkaan dari Allah. Hal itu (terjadi) karena sesungguhnya mereka selalu mengingkari ayat-ayat Allah dan membunuh para nabi tanpa hak (alasan yang benar). Yang demikian itu ditimpakan karena mereka durhaka dan selalu melampaui batas.	Allah	http://www.wikidata.org/entity/Q2095353	Allah
2	62	Sesungguhnya orang-orang yang beriman, orang-orang Yahudi, orang-orang Nasrani, dan orang-orang Sabiin, siapa saja (di antara mereka) yang beriman kepada Allah dan hari Akhir serta melakukan kebajikan (pasti) mendapat pahala dari Tuhannya, tidak ada rasa takut yang menimpa mereka dan mereka pun tidak bersedih hati.	orang-orang Yahudi	http://www.wikidata.org/entity/Q7325	Person
2	62	Sesungguhnya orang-orang yang beriman, orang-orang Yahudi, orang-orang Nasrani, dan orang-orang Sabiin, siapa saja (di antara mereka) yang beriman kepada Allah dan hari Akhir serta melakukan kebajikan (pasti) mendapat pahala dari Tuhannya, tidak ada rasa takut yang menimpa mereka dan mereka pun tidak bersedih hati.	orang-orang Nasrani	http://www.wikidata.org/entity/Q106039	Person
2	62	Sesungguhnya orang-orang yang beriman, orang-orang Yahudi, orang-orang Nasrani, dan orang-orang Sabiin, siapa saja (di antara mereka) yang beriman kepada Allah dan hari Akhir serta melakukan kebajikan (pasti) mendapat pahala dari Tuhannya, tidak ada rasa takut yang menimpa mereka dan mereka pun tidak bersedih hati.	orang-orang Sabiin	http://www.wikidata.org/entity/Q2144747	Person
2	62	Sesungguhnya orang-orang yang beriman, orang-orang Yahudi, orang-orang Nasrani, dan orang-orang Sabiin, siapa saja (di antara mereka) yang beriman kepada Allah dan hari Akhir serta melakukan kebajikan (pasti) mendapat pahala dari Tuhannya, tidak ada rasa takut yang menimpa mereka dan mereka pun tidak bersedih hati.	Allah	http://www.wikidata.org/entity/Q2095353	Allah
2	62	Sesungguhnya orang-orang yang beriman, orang-orang Yahudi, orang-orang Nasrani, dan orang-orang Sabiin, siapa saja (di antara mereka) yang beriman kepada Allah dan hari Akhir serta melakukan kebajikan (pasti) mendapat pahala dari Tuhannya, tidak ada rasa takut yang menimpa mereka dan mereka pun tidak bersedih hati.	hari Akhir	http://www.wikidata.org/entity/Q12200906	Event
2	63	(Ingatlah) ketika Kami mengambil janjimu dan Kami angkat gunung (Sinai) di atasmu (seraya berfirman), “Pegang teguhlah apa yang telah Kami berikan kepadamu dan ingatlah apa yang ada di dalamnya agar kamu bertakwa.”	Sinai	http://www.wikidata.org/entity/Q377485	GeographicalLocation
2	64	Setelah itu, kamu berpaling. Maka, seandainya bukan karena karunia Allah dan rahmat-Nya kepadamu, pasti kamu termasuk orang yang rugi.	Allah	http://www.wikidata.org/entity/Q2095353	Allah
2	65	Sungguh, kamu benar-benar telah mengetahui orang-orang yang melakukan pelanggaran di antara kamu pada hari Sabat, lalu Kami katakan kepada mereka, “Jadilah kamu kera yang hina!”	hari Sabat	http://www.wikidata.org/entity/Q102477	Event
2	66	Maka, Kami jadikan (yang demikian) itu sebagai peringatan bagi orang-orang pada masa itu dan bagi mereka yang datang kemudian, serta menjadi pelajaran bagi orang-orang yang bertakwa.			
2	68	Mereka berkata, “Mohonkanlah kepada Tuhanmu untuk kami agar Dia menjelaskan kepada kami tentang (sapi) itu.” Dia (Musa) menjawab, “Dia (Allah) berfirman bahwa sapi itu tidak tua dan tidak muda, (tetapi) pertengahan antara itu. Maka, kerjakanlah apa yang diperintahkan kepadamu.”	Musa	http://www.wikidata.org/entity/Q1990155	Messenger
2	68	Mereka berkata, “Mohonkanlah kepada Tuhanmu untuk kami agar Dia menjelaskan kepada kami tentang (sapi) itu.” Dia (Musa) menjawab, “Dia (Allah) berfirman bahwa sapi itu tidak tua dan tidak muda, (tetapi) pertengahan antara itu. Maka, kerjakanlah apa yang diperintahkan kepadamu.”	Allah	http://www.wikidata.org/entity/Q2095353	Allah
2	70	Mereka berkata, “Mohonkanlah kepada Tuhanmu untuk kami agar Dia menjelaskan kepada kami tentang (sapi) itu. (Karena) sesungguhnya sapi itu belum jelas bagi kami, dan jika Allah menghendakinya, niscaya kami mendapat petunjuk.”	Allah	http://www.wikidata.org/entity/Q2095353	Allah
2	72	(Ingatlah) ketika kamu membunuh seseorang lalu kamu saling tuduh tentang itu. Akan tetapi, Allah menyingkapkan apa yang selalu kamu sembunyikan.	Allah	http://www.wikidata.org/entity/Q2095353	Allah
2	75	Maka, apakah kamu (muslimin) sangat mengharapkan mereka agar percaya kepadamu, sedangkan segolongan mereka mendengar firman Allah lalu mereka mengubahnya setelah memahaminya, padahal mereka mengetahui(-nya)?	Allah	http://www.wikidata.org/entity/Q2095353	Allah
2	76	Apabila berjumpa dengan orang-orang yang beriman, mereka berkata, “Kami telah beriman.” Akan tetapi, apabila kembali kepada sesamanya, mereka bertanya, “Apakah akan kamu ceritakan kepada mereka apa yang telah diterangkan Allah kepadamu sehingga mereka dapat menyanggah kamu di hadapan Tuhanmu? Apakah kamu tidak mengerti?”	Allah	http://www.wikidata.org/entity/Q2095353	Allah
2	77	Tidakkah mereka tahu bahwa Allah mengetahui apa yang mereka sembunyikan dan apa yang mereka nyatakan?	Allah	http://www.wikidata.org/entity/Q2095353	Allah
2	78	Di antara mereka ada yang umi (buta huruf), tidak memahami Kitab (Taurat), kecuali hanya berangan-angan dan mereka hanya menduga-duga.	Taurat	http://www.wikidata.org/entity/Q2383104	HolyBook
2	79	Celakalah orang-orang yang menulis kitab dengan tangan mereka (sendiri), kemudian berkata, “Ini dari Allah,” (dengan maksud) untuk menjualnya dengan harga murah. Maka, celakalah mereka karena tulisan tangan mereka dan celakalah mereka karena apa yang mereka perbuat.	Allah	http://www.wikidata.org/entity/Q2095353	Allah
2	80	Mereka berkata, “Neraka tidak akan menyentuh kami, kecuali beberapa hari saja.” Katakanlah, “Sudahkah kamu menerima janji dari Allah sehingga Allah tidak akan mengingkari janji-Nya ataukah kamu berkata tentang Allah sesuatu yang tidak kamu ketahui?”	Allah	http://www.wikidata.org/entity/Q2095353	Allah
2	80	Mereka berkata, “Neraka tidak akan menyentuh kami, kecuali beberapa hari saja.” Katakanlah, “Sudahkah kamu menerima janji dari Allah sehingga Allah tidak akan mengingkari janji-Nya ataukah kamu berkata tentang Allah sesuatu yang tidak kamu ketahui?”	Allah	http://www.wikidata.org/entity/Q2095353	Allah
2	80	Mereka berkata, “Neraka tidak akan menyentuh kami, kecuali beberapa hari saja.” Katakanlah, “Sudahkah kamu menerima janji dari Allah sehingga Allah tidak akan mengingkari janji-Nya ataukah kamu berkata tentang Allah sesuatu yang tidak kamu ketahui?”	Allah	http://www.wikidata.org/entity/Q2095353	Allah
2	84	(Ingatlah) ketika Kami mengambil perjanjianmu (agar) kamu tidak menumpahkan darahmu (membunuh orang) dan mengusir dirimu (saudara sebangsamu) dari kampung halamanmu. Kemudian, kamu berikrar dan bersaksi.			
2	85	Kemudian, kamu (Bani Israil) membunuh dirimu (sesamamu) dan mengusir segolongan darimu dari kampung halamannya. Kamu saling membantu (menghadapi) mereka dalam kejahatan dan permusuhan. Jika mereka datang kepadamu sebagai tawanan, kamu tebus mereka, padahal kamu dilarang mengusir mereka. Apakah kamu beriman pada sebagian Kitab (Taurat) dan ingkar pada sebagian (yang lain)? Maka, tidak ada balasan (yang pantas) bagi orang yang berbuat demikian di antaramu, selain kenistaan dalam kehidupan dunia dan pada hari Kiamat mereka dikembalikan pada azab yang paling berat. Allah tidak lengah terhadap apa yang kamu kerjakan.	Bani Israil	http://www.wikidata.org/entity/Q2605404	Person
2	85	Kemudian, kamu (Bani Israil) membunuh dirimu (sesamamu) dan mengusir segolongan darimu dari kampung halamannya. Kamu saling membantu (menghadapi) mereka dalam kejahatan dan permusuhan. Jika mereka datang kepadamu sebagai tawanan, kamu tebus mereka, padahal kamu dilarang mengusir mereka. Apakah kamu beriman pada sebagian Kitab (Taurat) dan ingkar pada sebagian (yang lain)? Maka, tidak ada balasan (yang pantas) bagi orang yang berbuat demikian di antaramu, selain kenistaan dalam kehidupan dunia dan pada hari Kiamat mereka dikembalikan pada azab yang paling berat. Allah tidak lengah terhadap apa yang kamu kerjakan.	Taurat	http://www.wikidata.org/entity/Q2383104	HolyBook
2	85	Kemudian, kamu (Bani Israil) membunuh dirimu (sesamamu) dan mengusir segolongan darimu dari kampung halamannya. Kamu saling membantu (menghadapi) mereka dalam kejahatan dan permusuhan. Jika mereka datang kepadamu sebagai tawanan, kamu tebus mereka, padahal kamu dilarang mengusir mereka. Apakah kamu beriman pada sebagian Kitab (Taurat) dan ingkar pada sebagian (yang lain)? Maka, tidak ada balasan (yang pantas) bagi orang yang berbuat demikian di antaramu, selain kenistaan dalam kehidupan dunia dan pada hari Kiamat mereka dikembalikan pada azab yang paling berat. Allah tidak lengah terhadap apa yang kamu kerjakan.	hari Kiamat	http://www.wikidata.org/entity/Q12200906	Event
2	85	Kemudian, kamu (Bani Israil) membunuh dirimu (sesamamu) dan mengusir segolongan darimu dari kampung halamannya. Kamu saling membantu (menghadapi) mereka dalam kejahatan dan permusuhan. Jika mereka datang kepadamu sebagai tawanan, kamu tebus mereka, padahal kamu dilarang mengusir mereka. Apakah kamu beriman pada sebagian Kitab (Taurat) dan ingkar pada sebagian (yang lain)? Maka, tidak ada balasan (yang pantas) bagi orang yang berbuat demikian di antaramu, selain kenistaan dalam kehidupan dunia dan pada hari Kiamat mereka dikembalikan pada azab yang paling berat. Allah tidak lengah terhadap apa yang kamu kerjakan.	Allah	http://www.wikidata.org/entity/Q2095353	Allah
2	86	Mereka itulah orang-orang yang membeli kehidupan dunia dengan (kehidupan) akhirat. Maka, azabnya tidak akan diringankan dan mereka tidak akan ditolong.			
2	87	Sungguh, Kami benar-benar telah menganugerahkan Kitab (Taurat) kepada Musa dan Kami menyusulkan setelahnya rasul-rasul. Kami juga telah menganugerahkan kepada Isa, putra Maryam, bukti-bukti kebenaran, serta Kami perkuat dia dengan Ruhulkudus (Jibril). Mengapa setiap kali rasul datang kepadamu (membawa) sesuatu (pelajaran) yang tidak kamu inginkan, kamu menyombongkan diri? Lalu, sebagian(-nya) kamu dustakan dan sebagian (yang lain) kamu bunuh?	Taurat	http://www.wikidata.org/entity/Q2383104	HolyBook
2	87	Sungguh, Kami benar-benar telah menganugerahkan Kitab (Taurat) kepada Musa dan Kami menyusulkan setelahnya rasul-rasul. Kami juga telah menganugerahkan kepada Isa, putra Maryam, bukti-bukti kebenaran, serta Kami perkuat dia dengan Ruhulkudus (Jibril). Mengapa setiap kali rasul datang kepadamu (membawa) sesuatu (pelajaran) yang tidak kamu inginkan, kamu menyombongkan diri? Lalu, sebagian(-nya) kamu dustakan dan sebagian (yang lain) kamu bunuh?	Musa	http://www.wikidata.org/entity/Q1990155	Messenger
2	87	Sungguh, Kami benar-benar telah menganugerahkan Kitab (Taurat) kepada Musa dan Kami menyusulkan setelahnya rasul-rasul. Kami juga telah menganugerahkan kepada Isa, putra Maryam, bukti-bukti kebenaran, serta Kami perkuat dia dengan Ruhulkudus (Jibril). Mengapa setiap kali rasul datang kepadamu (membawa) sesuatu (pelajaran) yang tidak kamu inginkan, kamu menyombongkan diri? Lalu, sebagian(-nya) kamu dustakan dan sebagian (yang lain) kamu bunuh?	Isa	http://www.wikidata.org/entity/Q51664	Messenger
2	87	Sungguh, Kami benar-benar telah menganugerahkan Kitab (Taurat) kepada Musa dan Kami menyusulkan setelahnya rasul-rasul. Kami juga telah menganugerahkan kepada Isa, putra Maryam, bukti-bukti kebenaran, serta Kami perkuat dia dengan Ruhulkudus (Jibril). Mengapa setiap kali rasul datang kepadamu (membawa) sesuatu (pelajaran) yang tidak kamu inginkan, kamu menyombongkan diri? Lalu, sebagian(-nya) kamu dustakan dan sebagian (yang lain) kamu bunuh?	Maryam	http://www.wikidata.org/entity/Q1478857	Person
2	87	Sungguh, Kami benar-benar telah menganugerahkan Kitab (Taurat) kepada Musa dan Kami menyusulkan setelahnya rasul-rasul. Kami juga telah menganugerahkan kepada Isa, putra Maryam, bukti-bukti kebenaran, serta Kami perkuat dia dengan Ruhulkudus (Jibril). Mengapa setiap kali rasul datang kepadamu (membawa) sesuatu (pelajaran) yang tidak kamu inginkan, kamu menyombongkan diri? Lalu, sebagian(-nya) kamu dustakan dan sebagian (yang lain) kamu bunuh?	Ruhulkudus	http://www.wikidata.org/entity/Q3467762	Angel
2	87	Sungguh, Kami benar-benar telah menganugerahkan Kitab (Taurat) kepada Musa dan Kami menyusulkan setelahnya rasul-rasul. Kami juga telah menganugerahkan kepada Isa, putra Maryam, bukti-bukti kebenaran, serta Kami perkuat dia dengan Ruhulkudus (Jibril). Mengapa setiap kali rasul datang kepadamu (membawa) sesuatu (pelajaran) yang tidak kamu inginkan, kamu menyombongkan diri? Lalu, sebagian(-nya) kamu dustakan dan sebagian (yang lain) kamu bunuh?	Jibril	http://www.wikidata.org/entity/Q3467762	Angel
2	89	Setelah sampai kepada mereka Kitab (Al-Qur’an) dari Allah yang membenarkan apa yang ada pada mereka, sedangkan sebelumnya mereka memohon kemenangan atas orang-orang kafir, ternyata setelah sampai kepada mereka apa yang telah mereka ketahui itu, mereka mengingkarinya. Maka, laknat Allahlah terhadap orang-orang yang ingkar.	Al-Qur’an	http://www.wikidata.org/entity/Q428	HolyBook
2	89	Setelah sampai kepada mereka Kitab (Al-Qur’an) dari Allah yang membenarkan apa yang ada pada mereka, sedangkan sebelumnya mereka memohon kemenangan atas orang-orang kafir, ternyata setelah sampai kepada mereka apa yang telah mereka ketahui itu, mereka mengingkarinya. Maka, laknat Allahlah terhadap orang-orang yang ingkar.	Allah	http://www.wikidata.org/entity/Q2095353	Allah
2	90	Buruk sekali (perbuatan) mereka menjual dirinya dengan mengingkari apa yang diturunkan Allah karena dengki bahwa Allah menurunkan karunia-Nya kepada siapa yang Dia kehendaki di antara hamba-hamba-Nya. Oleh karena itu, mereka menanggung kemurkaan demi kemurkaan. Kepada orang-orang kafir (ditimpakan) azab yang menghinakan.	Allah	http://www.wikidata.org/entity/Q2095353	Allah
2	90	Buruk sekali (perbuatan) mereka menjual dirinya dengan mengingkari apa yang diturunkan Allah karena dengki bahwa Allah menurunkan karunia-Nya kepada siapa yang Dia kehendaki di antara hamba-hamba-Nya. Oleh karena itu, mereka menanggung kemurkaan demi kemurkaan. Kepada orang-orang kafir (ditimpakan) azab yang menghinakan.	Allah	http://www.wikidata.org/entity/Q2095353	Allah
2	91	Apabila dikatakan kepada mereka, “Berimanlah pada apa yang diturunkan Allah (Al-Qur’an),” mereka menjawab, “Kami beriman pada apa yang diturunkan kepada kami.” Mereka ingkar pada apa yang setelahnya, padahal (Al-Qur’an) itu adalah kebenaran yang membenarkan apa yang ada pada mereka. Katakanlah (Nabi Muhammad), “Mengapa kamu dahulu membunuh nabi-nabi Allah jika kamu orang-orang mukmin?”	Allah	http://www.wikidata.org/entity/Q2095353	Allah
2	91	Apabila dikatakan kepada mereka, “Berimanlah pada apa yang diturunkan Allah (Al-Qur’an),” mereka menjawab, “Kami beriman pada apa yang diturunkan kepada kami.” Mereka ingkar pada apa yang setelahnya, padahal (Al-Qur’an) itu adalah kebenaran yang membenarkan apa yang ada pada mereka. Katakanlah (Nabi Muhammad), “Mengapa kamu dahulu membunuh nabi-nabi Allah jika kamu orang-orang mukmin?”	Al-Qur’an	http://www.wikidata.org/entity/Q428	HolyBook
2	91	Apabila dikatakan kepada mereka, “Berimanlah pada apa yang diturunkan Allah (Al-Qur’an),” mereka menjawab, “Kami beriman pada apa yang diturunkan kepada kami.” Mereka ingkar pada apa yang setelahnya, padahal (Al-Qur’an) itu adalah kebenaran yang membenarkan apa yang ada pada mereka. Katakanlah (Nabi Muhammad), “Mengapa kamu dahulu membunuh nabi-nabi Allah jika kamu orang-orang mukmin?”	Al-Qur’an	http://www.wikidata.org/entity/Q428	HolyBook
2	91	Apabila dikatakan kepada mereka, “Berimanlah pada apa yang diturunkan Allah (Al-Qur’an),” mereka menjawab, “Kami beriman pada apa yang diturunkan kepada kami.” Mereka ingkar pada apa yang setelahnya, padahal (Al-Qur’an) itu adalah kebenaran yang membenarkan apa yang ada pada mereka. Katakanlah (Nabi Muhammad), “Mengapa kamu dahulu membunuh nabi-nabi Allah jika kamu orang-orang mukmin?”	Muhammad	http://www.wikidata.org/entity/Q9458	Messenger
2	91	Apabila dikatakan kepada mereka, “Berimanlah pada apa yang diturunkan Allah (Al-Qur’an),” mereka menjawab, “Kami beriman pada apa yang diturunkan kepada kami.” Mereka ingkar pada apa yang setelahnya, padahal (Al-Qur’an) itu adalah kebenaran yang membenarkan apa yang ada pada mereka. Katakanlah (Nabi Muhammad), “Mengapa kamu dahulu membunuh nabi-nabi Allah jika kamu orang-orang mukmin?”	Allah	http://www.wikidata.org/entity/Q2095353	Allah
2	93	(Ingatlah) ketika Kami mengambil janjimu dan Kami angkat gunung (Sinai) di atasmu (seraya berfirman), “Pegang teguhlah apa yang Kami berikan kepadamu dan dengarkanlah!” Mereka menjawab, “Kami mendengarkannya, tetapi kami tidak menaatinya.” Diresapkanlah ke dalam hati mereka itu (kecintaan menyembah patung) anak sapi karena kekufuran mereka. Katakanlah, “Sangat buruk apa yang diperintahkan oleh keimananmu kepadamu jika kamu orang-orang mukmin!”	Sinai	http://www.wikidata.org/entity/Q377485	GeographicalLocation
2	94	Katakanlah (Nabi Muhammad), “Jika negeri akhirat di sisi Allah khusus untukmu, bukan untuk orang lain, mintalah kematian jika kamu orang-orang benar.”	Muhammad	http://www.wikidata.org/entity/Q9458	Messenger
2	94	Katakanlah (Nabi Muhammad), “Jika negeri akhirat di sisi Allah khusus untukmu, bukan untuk orang lain, mintalah kematian jika kamu orang-orang benar.”	Allah	http://www.wikidata.org/entity/Q2095353	Allah
2	95	Akan tetapi, mereka tidak akan menginginkan kematian itu sama sekali karena (dosa-dosa) yang telah dilakukan oleh tangan-tangan mereka. Allah Maha Mengetahui orang-orang zalim.	Allah	http://www.wikidata.org/entity/Q2095353	Allah
2	96	Engkau (Nabi Muhammad) sungguh-sungguh akan mendapati mereka (orang-orang Yahudi) sebagai manusia yang paling tamak akan kehidupan (dunia), bahkan (lebih tamak) daripada orang-orang musyrik. Tiap-tiap orang (dari) mereka ingin diberi umur seribu tahun, padahal umur panjang itu tidak akan menjauhkan mereka dari azab. Allah Maha Melihat apa yang mereka kerjakan.	Muhammad	http://www.wikidata.org/entity/Q9458	Messenger
2	96	Engkau (Nabi Muhammad) sungguh-sungguh akan mendapati mereka (orang-orang Yahudi) sebagai manusia yang paling tamak akan kehidupan (dunia), bahkan (lebih tamak) daripada orang-orang musyrik. Tiap-tiap orang (dari) mereka ingin diberi umur seribu tahun, padahal umur panjang itu tidak akan menjauhkan mereka dari azab. Allah Maha Melihat apa yang mereka kerjakan.	orang-orang Yahudi	http://www.wikidata.org/entity/Q7325	Person
2	96	Engkau (Nabi Muhammad) sungguh-sungguh akan mendapati mereka (orang-orang Yahudi) sebagai manusia yang paling tamak akan kehidupan (dunia), bahkan (lebih tamak) daripada orang-orang musyrik. Tiap-tiap orang (dari) mereka ingin diberi umur seribu tahun, padahal umur panjang itu tidak akan menjauhkan mereka dari azab. Allah Maha Melihat apa yang mereka kerjakan.	Allah	http://www.wikidata.org/entity/Q2095353	Allah
2	97	Katakanlah (Nabi Muhammad), “Siapa yang menjadi musuh Jibril?” Padahal, dialah yang telah menurunkan (Al-Qur’an) ke dalam hatimu dengan izin Allah sebagai pembenaran terhadap apa (kitab-kitab) yang terdahulu, dan petunjuk serta berita gembira bagi orang-orang beriman.”	Muhammad	http://www.wikidata.org/entity/Q9458	Messenger
2	97	Katakanlah (Nabi Muhammad), “Siapa yang menjadi musuh Jibril?” Padahal, dialah yang telah menurunkan (Al-Qur’an) ke dalam hatimu dengan izin Allah sebagai pembenaran terhadap apa (kitab-kitab) yang terdahulu, dan petunjuk serta berita gembira bagi orang-orang beriman.”	Jibril	http://www.wikidata.org/entity/Q3467762	Angel
2	97	Katakanlah (Nabi Muhammad), “Siapa yang menjadi musuh Jibril?” Padahal, dialah yang telah menurunkan (Al-Qur’an) ke dalam hatimu dengan izin Allah sebagai pembenaran terhadap apa (kitab-kitab) yang terdahulu, dan petunjuk serta berita gembira bagi orang-orang beriman.”	Al-Qur’an	http://www.wikidata.org/entity/Q428	HolyBook
2	97	Katakanlah (Nabi Muhammad), “Siapa yang menjadi musuh Jibril?” Padahal, dialah yang telah menurunkan (Al-Qur’an) ke dalam hatimu dengan izin Allah sebagai pembenaran terhadap apa (kitab-kitab) yang terdahulu, dan petunjuk serta berita gembira bagi orang-orang beriman.”	Allah	http://www.wikidata.org/entity/Q2095353	Allah
2	98	Siapa yang menjadi musuh Allah, malaikat-malaikat-Nya, rasul-rasul-Nya, Jibril, dan Mikail, sesungguhnya Allah adalah musuh orang-orang kafir.	Allah	http://www.wikidata.org/entity/Q2095353	Allah
2	98	Siapa yang menjadi musuh Allah, malaikat-malaikat-Nya, rasul-rasul-Nya, Jibril, dan Mikail, sesungguhnya Allah adalah musuh orang-orang kafir.	Jibril	http://www.wikidata.org/entity/Q3467762	Angel
2	98	Siapa yang menjadi musuh Allah, malaikat-malaikat-Nya, rasul-rasul-Nya, Jibril, dan Mikail, sesungguhnya Allah adalah musuh orang-orang kafir.	Mikail	http://www.wikidata.org/entity/Q45581	Angel
2	98	Siapa yang menjadi musuh Allah, malaikat-malaikat-Nya, rasul-rasul-Nya, Jibril, dan Mikail, sesungguhnya Allah adalah musuh orang-orang kafir.	Allah	http://www.wikidata.org/entity/Q2095353	Allah
2	99	Sungguh, Kami benar-benar telah menurunkan ayat-ayat yang jelas kepadamu (Nabi Muhammad), dan tidaklah ada yang mengingkarinya selain orang-orang fasik.	Muhammad	http://www.wikidata.org/entity/Q9458	Messenger
2	100	Mengapa setiap kali mereka mengikat janji, sekelompok mereka melanggarnya? Bahkan, sebagian besar mereka tidak beriman.			
2	101	Setelah datang kepada mereka Rasul (Nabi Muhammad) dari Allah yang membenarkan apa yang ada pada mereka, sebagian orang yang diberi Kitab (Taurat) melemparkan Kitab Allah itu ke belakang punggung (tidak menggubrisnya) seakan-akan mereka tidak tahu.	Muhammad	http://www.wikidata.org/entity/Q9458	Messenger
2	101	Setelah datang kepada mereka Rasul (Nabi Muhammad) dari Allah yang membenarkan apa yang ada pada mereka, sebagian orang yang diberi Kitab (Taurat) melemparkan Kitab Allah itu ke belakang punggung (tidak menggubrisnya) seakan-akan mereka tidak tahu.	Allah	http://www.wikidata.org/entity/Q2095353	Allah
2	101	Setelah datang kepada mereka Rasul (Nabi Muhammad) dari Allah yang membenarkan apa yang ada pada mereka, sebagian orang yang diberi Kitab (Taurat) melemparkan Kitab Allah itu ke belakang punggung (tidak menggubrisnya) seakan-akan mereka tidak tahu.	Taurat	http://www.wikidata.org/entity/Q2383104	HolyBook
2	101	Setelah datang kepada mereka Rasul (Nabi Muhammad) dari Allah yang membenarkan apa yang ada pada mereka, sebagian orang yang diberi Kitab (Taurat) melemparkan Kitab Allah itu ke belakang punggung (tidak menggubrisnya) seakan-akan mereka tidak tahu.	Allah	http://www.wikidata.org/entity/Q2095353	Allah
2	103	Seandainya mereka benar-benar beriman dan bertakwa, pahala dari Allah pasti lebih baik, seandainya mereka mengetahui(-nya).	Allah	http://www.wikidata.org/entity/Q2095353	Allah
2	104	Wahai orang-orang yang beriman, janganlah kamu katakan, “Rā‘inā.” Akan tetapi, katakanlah, “Unẓurnā” dan dengarkanlah. Orang-orang kafir akan mendapat azab yang pedih.			
2	105	Orang-orang kafir dari golongan Ahlulkitab dan orang-orang musyrik tidak menginginkan diturunkannya kepadamu suatu kebaikan dari Tuhanmu. Akan tetapi, secara khusus Allah memberikan rahmat-Nya kepada orang yang Dia kehendaki. Allah pemilik karunia yang besar.	Ahlulkitab	http://www.wikidata.org/entity/Q216565	Person
2	105	Orang-orang kafir dari golongan Ahlulkitab dan orang-orang musyrik tidak menginginkan diturunkannya kepadamu suatu kebaikan dari Tuhanmu. Akan tetapi, secara khusus Allah memberikan rahmat-Nya kepada orang yang Dia kehendaki. Allah pemilik karunia yang besar.	Allah	http://www.wikidata.org/entity/Q2095353	Allah
2	105	Orang-orang kafir dari golongan Ahlulkitab dan orang-orang musyrik tidak menginginkan diturunkannya kepadamu suatu kebaikan dari Tuhanmu. Akan tetapi, secara khusus Allah memberikan rahmat-Nya kepada orang yang Dia kehendaki. Allah pemilik karunia yang besar.	Allah	http://www.wikidata.org/entity/Q2095353	Allah
2	106	Ayat yang Kami nasakh (batalkan) atau Kami jadikan (manusia) lupa padanya, pasti Kami ganti dengan yang lebih baik atau yang sebanding dengannya. Apakah engkau tidak mengetahui bahwa Allah Maha Kuasa atas segala sesuatu?	Allah	http://www.wikidata.org/entity/Q2095353	Allah
2	107	Apakah engkau tidak mengetahui bahwa Allah memiliki kerajaan langit dan bumi? (Ketahuilah bahwa) tidak ada bagimu pelindung dan penolong selain Allah.	Allah	http://www.wikidata.org/entity/Q2095353	Allah
2	107	Apakah engkau tidak mengetahui bahwa Allah memiliki kerajaan langit dan bumi? (Ketahuilah bahwa) tidak ada bagimu pelindung dan penolong selain Allah.	langit	http://www.wikidata.org/entity/Q527	AstronomicalBody
2	107	Apakah engkau tidak mengetahui bahwa Allah memiliki kerajaan langit dan bumi? (Ketahuilah bahwa) tidak ada bagimu pelindung dan penolong selain Allah.	bumi	http://www.wikidata.org/entity/Q2	AstronomicalBody
2	107	Apakah engkau tidak mengetahui bahwa Allah memiliki kerajaan langit dan bumi? (Ketahuilah bahwa) tidak ada bagimu pelindung dan penolong selain Allah.	Allah	http://www.wikidata.org/entity/Q2095353	Allah
2	108	Ataukah kamu menghendaki untuk meminta Rasulmu (Nabi Muhammad) seperti halnya Musa (pernah) diminta (Bani Israil) dahulu? Siapa yang mengganti iman dengan kekufuran, sungguh, dia telah tersesat dari jalan yang lurus.	Muhammad	http://www.wikidata.org/entity/Q9458	Messenger
2	108	Ataukah kamu menghendaki untuk meminta Rasulmu (Nabi Muhammad) seperti halnya Musa (pernah) diminta (Bani Israil) dahulu? Siapa yang mengganti iman dengan kekufuran, sungguh, dia telah tersesat dari jalan yang lurus.	Musa	http://www.wikidata.org/entity/Q1990155	Messenger
2	108	Ataukah kamu menghendaki untuk meminta Rasulmu (Nabi Muhammad) seperti halnya Musa (pernah) diminta (Bani Israil) dahulu? Siapa yang mengganti iman dengan kekufuran, sungguh, dia telah tersesat dari jalan yang lurus.	Bani Israil	http://www.wikidata.org/entity/Q2605404	Person
2	109	Banyak di antara Ahlulkitab menginginkan agar mereka dapat mengembalikan kamu setelah kamu beriman menjadi kafir kembali karena rasa dengki dalam diri mereka setelah kebenaran jelas bagi mereka. Maka, maafkanlah (biarkanlah) dan berlapang dadalah (berpalinglah dari mereka) sehingga Allah memberikan perintah-Nya. Sesungguhnya Allah Maha Kuasa atas segala sesuatu.	Ahlulkitab	http://www.wikidata.org/entity/Q216565	Person
2	109	Banyak di antara Ahlulkitab menginginkan agar mereka dapat mengembalikan kamu setelah kamu beriman menjadi kafir kembali karena rasa dengki dalam diri mereka setelah kebenaran jelas bagi mereka. Maka, maafkanlah (biarkanlah) dan berlapang dadalah (berpalinglah dari mereka) sehingga Allah memberikan perintah-Nya. Sesungguhnya Allah Maha Kuasa atas segala sesuatu.	Allah	http://www.wikidata.org/entity/Q2095353	Allah
2	109	Banyak di antara Ahlulkitab menginginkan agar mereka dapat mengembalikan kamu setelah kamu beriman menjadi kafir kembali karena rasa dengki dalam diri mereka setelah kebenaran jelas bagi mereka. Maka, maafkanlah (biarkanlah) dan berlapang dadalah (berpalinglah dari mereka) sehingga Allah memberikan perintah-Nya. Sesungguhnya Allah Maha Kuasa atas segala sesuatu.	Allah	http://www.wikidata.org/entity/Q2095353	Allah
2	110	Dirikanlah salat dan tunaikanlah zakat. Segala kebaikan yang kamu kerjakan untuk dirimu akan kamu dapatkan (pahalanya) di sisi Allah. Sesungguhnya Allah Maha Melihat apa yang kamu kerjakan.	Allah	http://www.wikidata.org/entity/Q2095353	Allah
2	110	Dirikanlah salat dan tunaikanlah zakat. Segala kebaikan yang kamu kerjakan untuk dirimu akan kamu dapatkan (pahalanya) di sisi Allah. Sesungguhnya Allah Maha Melihat apa yang kamu kerjakan.	Allah	http://www.wikidata.org/entity/Q2095353	Allah
2	111	Mereka (Yahudi dan Nasrani) berkata, “Tidak akan masuk surga kecuali orang Yahudi atau Nasrani.” Itu (hanya) angan-angan mereka. Katakanlah (Nabi Muhammad), “Tunjukkan bukti kebenaranmu jika kamu orang-orang yang benar.”	Yahudi	http://www.wikidata.org/entity/Q7325	Religion
2	111	Mereka (Yahudi dan Nasrani) berkata, “Tidak akan masuk surga kecuali orang Yahudi atau Nasrani.” Itu (hanya) angan-angan mereka. Katakanlah (Nabi Muhammad), “Tunjukkan bukti kebenaranmu jika kamu orang-orang yang benar.”	Nasrani	http://www.wikidata.org/entity/Q106039	Religion
2	111	Mereka (Yahudi dan Nasrani) berkata, “Tidak akan masuk surga kecuali orang Yahudi atau Nasrani.” Itu (hanya) angan-angan mereka. Katakanlah (Nabi Muhammad), “Tunjukkan bukti kebenaranmu jika kamu orang-orang yang benar.”	orang Yahudi	http://www.wikidata.org/entity/Q7325	Person
2	111	Mereka (Yahudi dan Nasrani) berkata, “Tidak akan masuk surga kecuali orang Yahudi atau Nasrani.” Itu (hanya) angan-angan mereka. Katakanlah (Nabi Muhammad), “Tunjukkan bukti kebenaranmu jika kamu orang-orang yang benar.”	Nasrani	http://www.wikidata.org/entity/Q106039	Religion
2	111	Mereka (Yahudi dan Nasrani) berkata, “Tidak akan masuk surga kecuali orang Yahudi atau Nasrani.” Itu (hanya) angan-angan mereka. Katakanlah (Nabi Muhammad), “Tunjukkan bukti kebenaranmu jika kamu orang-orang yang benar.”	Muhammad	http://www.wikidata.org/entity/Q9458	Messenger
2	112	Tidak demikian! Orang yang menyerahkan diri sepenuhnya kepada Allah serta berbuat ihsan, akan mendapat pahala di sisi Tuhannya, tidak ada rasa takut yang menimpa mereka, dan mereka pun tidak bersedih.	Allah	http://www.wikidata.org/entity/Q2095353	Allah
2	113	Orang Yahudi berkata, “Orang Nasrani itu tidak menganut sesuatu (agama yang benar)” dan orang-orang Nasrani (juga) berkata, “Orang-orang Yahudi tidak menganut sesuatu (agama yang benar),” padahal mereka membaca Kitab. Demikian pula orang-orang yang tidak berilmu (musyrik Arab) berkata seperti ucapan mereka itu. Allah akan memberi putusan di antara mereka pada hari Kiamat tentang apa (agama) yang mereka perselisihkan.	Orang Yahudi	http://www.wikidata.org/entity/Q7325	Person
2	113	Orang Yahudi berkata, “Orang Nasrani itu tidak menganut sesuatu (agama yang benar)” dan orang-orang Nasrani (juga) berkata, “Orang-orang Yahudi tidak menganut sesuatu (agama yang benar),” padahal mereka membaca Kitab. Demikian pula orang-orang yang tidak berilmu (musyrik Arab) berkata seperti ucapan mereka itu. Allah akan memberi putusan di antara mereka pada hari Kiamat tentang apa (agama) yang mereka perselisihkan.	Orang Nasrani	http://www.wikidata.org/entity/Q106039	Person
2	113	Orang Yahudi berkata, “Orang Nasrani itu tidak menganut sesuatu (agama yang benar)” dan orang-orang Nasrani (juga) berkata, “Orang-orang Yahudi tidak menganut sesuatu (agama yang benar),” padahal mereka membaca Kitab. Demikian pula orang-orang yang tidak berilmu (musyrik Arab) berkata seperti ucapan mereka itu. Allah akan memberi putusan di antara mereka pada hari Kiamat tentang apa (agama) yang mereka perselisihkan.	orang-orang Nasrani	http://www.wikidata.org/entity/Q106039	Person
2	113	Orang Yahudi berkata, “Orang Nasrani itu tidak menganut sesuatu (agama yang benar)” dan orang-orang Nasrani (juga) berkata, “Orang-orang Yahudi tidak menganut sesuatu (agama yang benar),” padahal mereka membaca Kitab. Demikian pula orang-orang yang tidak berilmu (musyrik Arab) berkata seperti ucapan mereka itu. Allah akan memberi putusan di antara mereka pada hari Kiamat tentang apa (agama) yang mereka perselisihkan.	Orang-orang Yahudi	http://www.wikidata.org/entity/Q7325	Person
2	113	Orang Yahudi berkata, “Orang Nasrani itu tidak menganut sesuatu (agama yang benar)” dan orang-orang Nasrani (juga) berkata, “Orang-orang Yahudi tidak menganut sesuatu (agama yang benar),” padahal mereka membaca Kitab. Demikian pula orang-orang yang tidak berilmu (musyrik Arab) berkata seperti ucapan mereka itu. Allah akan memberi putusan di antara mereka pada hari Kiamat tentang apa (agama) yang mereka perselisihkan.	Allah	http://www.wikidata.org/entity/Q2095353	Allah
2	113	Orang Yahudi berkata, “Orang Nasrani itu tidak menganut sesuatu (agama yang benar)” dan orang-orang Nasrani (juga) berkata, “Orang-orang Yahudi tidak menganut sesuatu (agama yang benar),” padahal mereka membaca Kitab. Demikian pula orang-orang yang tidak berilmu (musyrik Arab) berkata seperti ucapan mereka itu. Allah akan memberi putusan di antara mereka pada hari Kiamat tentang apa (agama) yang mereka perselisihkan.	hari Kiamat	http://www.wikidata.org/entity/Q12200906	Event
2	114	Siapakah yang lebih zalim daripada orang yang melarang masjid-masjid Allah digunakan sebagai tempat berzikir di dalamnya dan berusaha merobohkannya? Mereka itu tidak pantas memasukinya, kecuali dengan rasa takut (kepada Allah). Mereka mendapat kehinaan di dunia dan mendapat azab yang berat di akhirat.	Allah	http://www.wikidata.org/entity/Q2095353	Allah
2	114	Siapakah yang lebih zalim daripada orang yang melarang masjid-masjid Allah digunakan sebagai tempat berzikir di dalamnya dan berusaha merobohkannya? Mereka itu tidak pantas memasukinya, kecuali dengan rasa takut (kepada Allah). Mereka mendapat kehinaan di dunia dan mendapat azab yang berat di akhirat.	Allah	http://www.wikidata.org/entity/Q2095353	Allah
2	115	Hanya milik Allah timur dan barat. Ke mana pun kamu menghadap, di sanalah wajah Allah. Sesungguhnya Allah Maha Luas lagi Maha Mengetahui.	Allah	http://www.wikidata.org/entity/Q2095353	Allah
2	115	Hanya milik Allah timur dan barat. Ke mana pun kamu menghadap, di sanalah wajah Allah. Sesungguhnya Allah Maha Luas lagi Maha Mengetahui.	Allah	http://www.wikidata.org/entity/Q2095353	Allah
2	115	Hanya milik Allah timur dan barat. Ke mana pun kamu menghadap, di sanalah wajah Allah. Sesungguhnya Allah Maha Luas lagi Maha Mengetahui.	Allah	http://www.wikidata.org/entity/Q2095353	Allah
2	116	Mereka berkata, “Allah mengangkat anak.” Maha Suci Allah, bahkan milik-Nyalah apa yang di langit dan di bumi. Semua tunduk kepada-Nya.	Allah	http://www.wikidata.org/entity/Q2095353	Allah
2	116	Mereka berkata, “Allah mengangkat anak.” Maha Suci Allah, bahkan milik-Nyalah apa yang di langit dan di bumi. Semua tunduk kepada-Nya.	Allah	http://www.wikidata.org/entity/Q2095353	Allah
2	116	Mereka berkata, “Allah mengangkat anak.” Maha Suci Allah, bahkan milik-Nyalah apa yang di langit dan di bumi. Semua tunduk kepada-Nya.	langit	http://www.wikidata.org/entity/Q527	AstronomicalBody
2	116	Mereka berkata, “Allah mengangkat anak.” Maha Suci Allah, bahkan milik-Nyalah apa yang di langit dan di bumi. Semua tunduk kepada-Nya.	bumi	http://www.wikidata.org/entity/Q2	AstronomicalBody
2	117	(Allah) pencipta langit dan bumi. Apabila Dia hendak menetapkan sesuatu, Dia hanya berkata kepadanya, “Jadilah!” Maka, jadilah sesuatu itu.	Allah	http://www.wikidata.org/entity/Q2095353	Allah
2	117	(Allah) pencipta langit dan bumi. Apabila Dia hendak menetapkan sesuatu, Dia hanya berkata kepadanya, “Jadilah!” Maka, jadilah sesuatu itu.	langit	http://www.wikidata.org/entity/Q527	AstronomicalBody
2	117	(Allah) pencipta langit dan bumi. Apabila Dia hendak menetapkan sesuatu, Dia hanya berkata kepadanya, “Jadilah!” Maka, jadilah sesuatu itu.	bumi	http://www.wikidata.org/entity/Q2	AstronomicalBody
2	118	Orang-orang yang tidak mengetahui berkata, “Mengapa Allah tidak berbicara dengan kita atau datang tanda-tanda (kekuasaan-Nya) kepada kita?” Demikian pula orang-orang yang sebelum mereka telah berkata seperti ucapan mereka itu. Hati mereka serupa. Sungguh, telah Kami jelaskan tanda-tanda (kekuasaan Kami) kepada kaum yang yakin.	Allah	http://www.wikidata.org/entity/Q2095353	Allah
2	119	Sesungguhnya Kami telah mengutusmu (Nabi Muhammad) dengan hak sebagai pembawa berita gembira dan pemberi peringatan. Engkau tidak akan dimintai (pertanggungjawaban) tentang penghuni-penghuni neraka.	Muhammad	http://www.wikidata.org/entity/Q9458	Messenger
2	122	Wahai Bani Israil, ingatlah nikmat-Ku yang telah Aku anugerahkan kepadamu dan sesungguhnya Aku telah melebihkan kamu daripada semua umat di alam ini (pada masa itu).	Bani Israil	http://www.wikidata.org/entity/Q2605404	Person
2	123	Takutlah kamu pada hari (ketika) tidak seorang pun dapat menggantikan (membela) orang lain sedikit pun, tebusannya tidak diterima, syafaat tidak berguna baginya, dan mereka tidak akan ditolong.			
2	124	(Ingatlah) ketika Ibrahim diuji Tuhannya dengan beberapa kalimat, lalu dia melaksanakannya dengan sempurna. Dia (Allah) berfirman, “Sesungguhnya Aku menjadikan engkau sebagai pemimpin bagi seluruh manusia.” Dia (Ibrahim) berkata, “(Aku mohon juga) dari sebagian keturunanku.” Allah berfirman, “(Doamu Aku kabulkan, tetapi) janji-Ku tidak berlaku bagi orang-orang zalim.”	Ibrahim	http://www.wikidata.org/entity/Q1768161	Messenger
2	124	(Ingatlah) ketika Ibrahim diuji Tuhannya dengan beberapa kalimat, lalu dia melaksanakannya dengan sempurna. Dia (Allah) berfirman, “Sesungguhnya Aku menjadikan engkau sebagai pemimpin bagi seluruh manusia.” Dia (Ibrahim) berkata, “(Aku mohon juga) dari sebagian keturunanku.” Allah berfirman, “(Doamu Aku kabulkan, tetapi) janji-Ku tidak berlaku bagi orang-orang zalim.”	Allah	http://www.wikidata.org/entity/Q2095353	Allah
2	124	(Ingatlah) ketika Ibrahim diuji Tuhannya dengan beberapa kalimat, lalu dia melaksanakannya dengan sempurna. Dia (Allah) berfirman, “Sesungguhnya Aku menjadikan engkau sebagai pemimpin bagi seluruh manusia.” Dia (Ibrahim) berkata, “(Aku mohon juga) dari sebagian keturunanku.” Allah berfirman, “(Doamu Aku kabulkan, tetapi) janji-Ku tidak berlaku bagi orang-orang zalim.”	Ibrahim	http://www.wikidata.org/entity/Q1768161	Messenger
2	124	(Ingatlah) ketika Ibrahim diuji Tuhannya dengan beberapa kalimat, lalu dia melaksanakannya dengan sempurna. Dia (Allah) berfirman, “Sesungguhnya Aku menjadikan engkau sebagai pemimpin bagi seluruh manusia.” Dia (Ibrahim) berkata, “(Aku mohon juga) dari sebagian keturunanku.” Allah berfirman, “(Doamu Aku kabulkan, tetapi) janji-Ku tidak berlaku bagi orang-orang zalim.”	Allah	http://www.wikidata.org/entity/Q2095353	Allah
2	125	(Ingatlah) ketika Kami menjadikan rumah itu (Ka‘bah) tempat berkumpul dan tempat yang aman bagi manusia. (Ingatlah ketika Aku katakan,) “Jadikanlah sebagian Maqam Ibrahim sebagai tempat salat.” (Ingatlah ketika) Kami wasiatkan kepada Ibrahim dan Ismail, “Bersihkanlah rumah-Ku untuk orang-orang yang tawaf, yang iktikaf, serta yang rukuk dan sujud (salat)!”	Ka‘bah	http://www.wikidata.org/entity/Q29466	Artifact
2	125	(Ingatlah) ketika Kami menjadikan rumah itu (Ka‘bah) tempat berkumpul dan tempat yang aman bagi manusia. (Ingatlah ketika Aku katakan,) “Jadikanlah sebagian Maqam Ibrahim sebagai tempat salat.” (Ingatlah ketika) Kami wasiatkan kepada Ibrahim dan Ismail, “Bersihkanlah rumah-Ku untuk orang-orang yang tawaf, yang iktikaf, serta yang rukuk dan sujud (salat)!”	Maqam Ibrahim	http://www.wikidata.org/entity/Q3696312	Artifact
2	125	(Ingatlah) ketika Kami menjadikan rumah itu (Ka‘bah) tempat berkumpul dan tempat yang aman bagi manusia. (Ingatlah ketika Aku katakan,) “Jadikanlah sebagian Maqam Ibrahim sebagai tempat salat.” (Ingatlah ketika) Kami wasiatkan kepada Ibrahim dan Ismail, “Bersihkanlah rumah-Ku untuk orang-orang yang tawaf, yang iktikaf, serta yang rukuk dan sujud (salat)!”	Ibrahim	http://www.wikidata.org/entity/Q1768161	Messenger
2	125	(Ingatlah) ketika Kami menjadikan rumah itu (Ka‘bah) tempat berkumpul dan tempat yang aman bagi manusia. (Ingatlah ketika Aku katakan,) “Jadikanlah sebagian Maqam Ibrahim sebagai tempat salat.” (Ingatlah ketika) Kami wasiatkan kepada Ibrahim dan Ismail, “Bersihkanlah rumah-Ku untuk orang-orang yang tawaf, yang iktikaf, serta yang rukuk dan sujud (salat)!”	Ismail	http://www.wikidata.org/entity/Q470988	Messenger
2	126	(Ingatlah) ketika Ibrahim berdoa, “Ya Tuhanku, jadikanlah (negeri Makkah) ini negeri yang aman dan berilah rezeki berupa buah-buahan (hasil tanaman, tumbuhan yang bisa dimakan) kepada penduduknya, yaitu orang yang beriman di antara mereka kepada Allah dan hari Akhir.” Dia (Allah) berfirman, “Siapa yang kufur akan Aku beri kesenangan sementara, kemudian akan Aku paksa dia ke dalam azab neraka. Itulah seburuk-buruk tempat kembali.”	Ibrahim	http://www.wikidata.org/entity/Q1768161	Messenger
2	126	(Ingatlah) ketika Ibrahim berdoa, “Ya Tuhanku, jadikanlah (negeri Makkah) ini negeri yang aman dan berilah rezeki berupa buah-buahan (hasil tanaman, tumbuhan yang bisa dimakan) kepada penduduknya, yaitu orang yang beriman di antara mereka kepada Allah dan hari Akhir.” Dia (Allah) berfirman, “Siapa yang kufur akan Aku beri kesenangan sementara, kemudian akan Aku paksa dia ke dalam azab neraka. Itulah seburuk-buruk tempat kembali.”	negeri Makkah	http://www.wikidata.org/entity/Q5806	GeographicalLocation
2	126	(Ingatlah) ketika Ibrahim berdoa, “Ya Tuhanku, jadikanlah (negeri Makkah) ini negeri yang aman dan berilah rezeki berupa buah-buahan (hasil tanaman, tumbuhan yang bisa dimakan) kepada penduduknya, yaitu orang yang beriman di antara mereka kepada Allah dan hari Akhir.” Dia (Allah) berfirman, “Siapa yang kufur akan Aku beri kesenangan sementara, kemudian akan Aku paksa dia ke dalam azab neraka. Itulah seburuk-buruk tempat kembali.”	Allah	http://www.wikidata.org/entity/Q2095353	Allah
2	126	(Ingatlah) ketika Ibrahim berdoa, “Ya Tuhanku, jadikanlah (negeri Makkah) ini negeri yang aman dan berilah rezeki berupa buah-buahan (hasil tanaman, tumbuhan yang bisa dimakan) kepada penduduknya, yaitu orang yang beriman di antara mereka kepada Allah dan hari Akhir.” Dia (Allah) berfirman, “Siapa yang kufur akan Aku beri kesenangan sementara, kemudian akan Aku paksa dia ke dalam azab neraka. Itulah seburuk-buruk tempat kembali.”	hari Akhir	http://www.wikidata.org/entity/Q12200906	Event
2	126	(Ingatlah) ketika Ibrahim berdoa, “Ya Tuhanku, jadikanlah (negeri Makkah) ini negeri yang aman dan berilah rezeki berupa buah-buahan (hasil tanaman, tumbuhan yang bisa dimakan) kepada penduduknya, yaitu orang yang beriman di antara mereka kepada Allah dan hari Akhir.” Dia (Allah) berfirman, “Siapa yang kufur akan Aku beri kesenangan sementara, kemudian akan Aku paksa dia ke dalam azab neraka. Itulah seburuk-buruk tempat kembali.”	Allah	http://www.wikidata.org/entity/Q2095353	Allah
2	127	(Ingatlah) ketika Ibrahim meninggikan fondasi Baitullah bersama Ismail (seraya berdoa), “Ya Tuhan kami, terimalah (amal) dari kami. Sesungguhnya Engkaulah Yang Maha Mendengar lagi Maha Mengetahui.	Ibrahim	http://www.wikidata.org/entity/Q1768161	Messenger
2	127	(Ingatlah) ketika Ibrahim meninggikan fondasi Baitullah bersama Ismail (seraya berdoa), “Ya Tuhan kami, terimalah (amal) dari kami. Sesungguhnya Engkaulah Yang Maha Mendengar lagi Maha Mengetahui.	Baitullah	http://www.wikidata.org/entity/Q29466	Artifact
2	127	(Ingatlah) ketika Ibrahim meninggikan fondasi Baitullah bersama Ismail (seraya berdoa), “Ya Tuhan kami, terimalah (amal) dari kami. Sesungguhnya Engkaulah Yang Maha Mendengar lagi Maha Mengetahui.	Ismail	http://www.wikidata.org/entity/Q470988	Messenger
2	127	(Ingatlah) ketika Ibrahim meninggikan fondasi Baitullah bersama Ismail (seraya berdoa), “Ya Tuhan kami, terimalah (amal) dari kami. Sesungguhnya Engkaulah Yang Maha Mendengar lagi Maha Mengetahui.	Yang Maha Mendengar lagi Maha Mengetahui	http://www.wikidata.org/entity/Q2095353	Allah
2	130	Siapa yang membenci agama Ibrahim selain orang yang memperbodoh dirinya sendiri? Kami benar-benar telah memilihnya (Ibrahim) di dunia ini dan sesungguhnya di akhirat dia termasuk orang-orang saleh.	agama Ibrahim	http://www.wikidata.org/entity/Q432	Religion
2	130	Siapa yang membenci agama Ibrahim selain orang yang memperbodoh dirinya sendiri? Kami benar-benar telah memilihnya (Ibrahim) di dunia ini dan sesungguhnya di akhirat dia termasuk orang-orang saleh.	Ibrahim	http://www.wikidata.org/entity/Q1768161	Messenger
2	131	(Ingatlah) ketika Tuhan berfirman kepadanya (Ibrahim), “Berserahdirilah!” Dia menjawab, “Aku berserah diri kepada Tuhan seluruh alam.”	Ibrahim	http://www.wikidata.org/entity/Q1768161	Messenger
2	133	Apakah kamu (hadir) menjadi saksi menjelang kematian Ya‘qub ketika dia berkata kepada anak-anaknya, “Apa yang kamu sembah sepeninggalku?” Mereka menjawab, “Kami akan menyembah Tuhanmu dan Tuhan nenek moyangmu: Ibrahim, Ismail, dan Ishaq, (yaitu) Tuhan Yang Maha Esa dan (hanya) kepada-Nya kami berserah diri.”	Ya‘qub	http://www.wikidata.org/entity/Q2513598	Messenger
2	133	Apakah kamu (hadir) menjadi saksi menjelang kematian Ya‘qub ketika dia berkata kepada anak-anaknya, “Apa yang kamu sembah sepeninggalku?” Mereka menjawab, “Kami akan menyembah Tuhanmu dan Tuhan nenek moyangmu: Ibrahim, Ismail, dan Ishaq, (yaitu) Tuhan Yang Maha Esa dan (hanya) kepada-Nya kami berserah diri.”	Ibrahim	http://www.wikidata.org/entity/Q1768161	Messenger
2	133	Apakah kamu (hadir) menjadi saksi menjelang kematian Ya‘qub ketika dia berkata kepada anak-anaknya, “Apa yang kamu sembah sepeninggalku?” Mereka menjawab, “Kami akan menyembah Tuhanmu dan Tuhan nenek moyangmu: Ibrahim, Ismail, dan Ishaq, (yaitu) Tuhan Yang Maha Esa dan (hanya) kepada-Nya kami berserah diri.”	Ismail	http://www.wikidata.org/entity/Q470988	Messenger
2	133	Apakah kamu (hadir) menjadi saksi menjelang kematian Ya‘qub ketika dia berkata kepada anak-anaknya, “Apa yang kamu sembah sepeninggalku?” Mereka menjawab, “Kami akan menyembah Tuhanmu dan Tuhan nenek moyangmu: Ibrahim, Ismail, dan Ishaq, (yaitu) Tuhan Yang Maha Esa dan (hanya) kepada-Nya kami berserah diri.”	Ishaq	http://www.wikidata.org/entity/Q1642480	Messenger
2	133	Apakah kamu (hadir) menjadi saksi menjelang kematian Ya‘qub ketika dia berkata kepada anak-anaknya, “Apa yang kamu sembah sepeninggalku?” Mereka menjawab, “Kami akan menyembah Tuhanmu dan Tuhan nenek moyangmu: Ibrahim, Ismail, dan Ishaq, (yaitu) Tuhan Yang Maha Esa dan (hanya) kepada-Nya kami berserah diri.”	Tuhan Yang Maha Esa	http://www.wikidata.org/entity/Q2095353	Allah
2	134	Itulah umat yang telah lalu. Baginya apa yang telah mereka usahakan dan bagimu apa yang telah kamu usahakan. Kamu tidak akan diminta pertanggungjawaban tentang apa yang telah mereka kerjakan.			
2	135	Mereka berkata, “Jadilah kamu (penganut) Yahudi atau Nasrani, niscaya kamu mendapat petunjuk.” Katakanlah, “(Tidak.) Akan tetapi, (kami mengikuti) agama Ibrahim yang lurus dan dia tidak termasuk orang-orang musyrik.”	Yahudi	http://www.wikidata.org/entity/Q7325	Religion
2	135	Mereka berkata, “Jadilah kamu (penganut) Yahudi atau Nasrani, niscaya kamu mendapat petunjuk.” Katakanlah, “(Tidak.) Akan tetapi, (kami mengikuti) agama Ibrahim yang lurus dan dia tidak termasuk orang-orang musyrik.”	Nasrani	http://www.wikidata.org/entity/Q106039	Religion
2	135	Mereka berkata, “Jadilah kamu (penganut) Yahudi atau Nasrani, niscaya kamu mendapat petunjuk.” Katakanlah, “(Tidak.) Akan tetapi, (kami mengikuti) agama Ibrahim yang lurus dan dia tidak termasuk orang-orang musyrik.”	agama Ibrahim	http://www.wikidata.org/entity/Q432	Religion
2	136	Katakanlah (wahai orang-orang yang beriman), “Kami beriman kepada Allah, pada apa yang diturunkan kepada kami, pada apa yang diturunkan kepada Ibrahim, Ismail, Ishaq, Ya‘qub dan keturunannya, pada apa yang diberikan kepada Musa dan Isa, serta pada apa yang diberikan kepada nabi-nabi dari Tuhan mereka. Kami tidak membeda-bedakan seorang pun di antara mereka dan (hanya) kepada-Nya kami berserah diri.”	Allah	http://www.wikidata.org/entity/Q2095353	Allah
2	136	Katakanlah (wahai orang-orang yang beriman), “Kami beriman kepada Allah, pada apa yang diturunkan kepada kami, pada apa yang diturunkan kepada Ibrahim, Ismail, Ishaq, Ya‘qub dan keturunannya, pada apa yang diberikan kepada Musa dan Isa, serta pada apa yang diberikan kepada nabi-nabi dari Tuhan mereka. Kami tidak membeda-bedakan seorang pun di antara mereka dan (hanya) kepada-Nya kami berserah diri.”	Ibrahim	http://www.wikidata.org/entity/Q1768161	Messenger
2	136	Katakanlah (wahai orang-orang yang beriman), “Kami beriman kepada Allah, pada apa yang diturunkan kepada kami, pada apa yang diturunkan kepada Ibrahim, Ismail, Ishaq, Ya‘qub dan keturunannya, pada apa yang diberikan kepada Musa dan Isa, serta pada apa yang diberikan kepada nabi-nabi dari Tuhan mereka. Kami tidak membeda-bedakan seorang pun di antara mereka dan (hanya) kepada-Nya kami berserah diri.”	Ismail	http://www.wikidata.org/entity/Q470988	Messenger
2	136	Katakanlah (wahai orang-orang yang beriman), “Kami beriman kepada Allah, pada apa yang diturunkan kepada kami, pada apa yang diturunkan kepada Ibrahim, Ismail, Ishaq, Ya‘qub dan keturunannya, pada apa yang diberikan kepada Musa dan Isa, serta pada apa yang diberikan kepada nabi-nabi dari Tuhan mereka. Kami tidak membeda-bedakan seorang pun di antara mereka dan (hanya) kepada-Nya kami berserah diri.”	Ishaq	http://www.wikidata.org/entity/Q1642480	Messenger
2	136	Katakanlah (wahai orang-orang yang beriman), “Kami beriman kepada Allah, pada apa yang diturunkan kepada kami, pada apa yang diturunkan kepada Ibrahim, Ismail, Ishaq, Ya‘qub dan keturunannya, pada apa yang diberikan kepada Musa dan Isa, serta pada apa yang diberikan kepada nabi-nabi dari Tuhan mereka. Kami tidak membeda-bedakan seorang pun di antara mereka dan (hanya) kepada-Nya kami berserah diri.”	Ya‘qub	http://www.wikidata.org/entity/Q2513598	Messenger
2	136	Katakanlah (wahai orang-orang yang beriman), “Kami beriman kepada Allah, pada apa yang diturunkan kepada kami, pada apa yang diturunkan kepada Ibrahim, Ismail, Ishaq, Ya‘qub dan keturunannya, pada apa yang diberikan kepada Musa dan Isa, serta pada apa yang diberikan kepada nabi-nabi dari Tuhan mereka. Kami tidak membeda-bedakan seorang pun di antara mereka dan (hanya) kepada-Nya kami berserah diri.”	Musa	http://www.wikidata.org/entity/Q1990155	Messenger
2	136	Katakanlah (wahai orang-orang yang beriman), “Kami beriman kepada Allah, pada apa yang diturunkan kepada kami, pada apa yang diturunkan kepada Ibrahim, Ismail, Ishaq, Ya‘qub dan keturunannya, pada apa yang diberikan kepada Musa dan Isa, serta pada apa yang diberikan kepada nabi-nabi dari Tuhan mereka. Kami tidak membeda-bedakan seorang pun di antara mereka dan (hanya) kepada-Nya kami berserah diri.”	Isa	http://www.wikidata.org/entity/Q51664	Messenger
2	137	Jika mereka telah mengimani apa yang kamu imani, sungguh mereka telah mendapat petunjuk. Akan tetapi, jika mereka berpaling, sesungguhnya mereka berada dalam permusuhan (denganmu). Maka, Allah akan mencukupkanmu (dengan pelindungan-Nya) dari (kejahatan) mereka. Dia Maha Mendengar lagi Maha Mengetahui.	Allah	http://www.wikidata.org/entity/Q2095353	Allah
2	139	Katakanlah (Nabi Muhammad), “Apakah kamu (Yahudi dan Nasrani) hendak berdebat dengan kami tentang Allah? Padahal, Dia adalah Tuhan kami dan Tuhan kamu. Bagi kami amalan kami, bagi kamu amalan kamu. Hanya kepada-Nya kami dengan tulus mengabdikan diri.	Muhammad	http://www.wikidata.org/entity/Q9458	Messenger
2	139	Katakanlah (Nabi Muhammad), “Apakah kamu (Yahudi dan Nasrani) hendak berdebat dengan kami tentang Allah? Padahal, Dia adalah Tuhan kami dan Tuhan kamu. Bagi kami amalan kami, bagi kamu amalan kamu. Hanya kepada-Nya kami dengan tulus mengabdikan diri.	Yahudi	http://www.wikidata.org/entity/Q7325	Religion
2	139	Katakanlah (Nabi Muhammad), “Apakah kamu (Yahudi dan Nasrani) hendak berdebat dengan kami tentang Allah? Padahal, Dia adalah Tuhan kami dan Tuhan kamu. Bagi kami amalan kami, bagi kamu amalan kamu. Hanya kepada-Nya kami dengan tulus mengabdikan diri.	Nasrani	http://www.wikidata.org/entity/Q106039	Religion
2	139	Katakanlah (Nabi Muhammad), “Apakah kamu (Yahudi dan Nasrani) hendak berdebat dengan kami tentang Allah? Padahal, Dia adalah Tuhan kami dan Tuhan kamu. Bagi kami amalan kami, bagi kamu amalan kamu. Hanya kepada-Nya kami dengan tulus mengabdikan diri.	Allah	http://www.wikidata.org/entity/Q2095353	Allah
2	140	Apakah kamu juga berkata bahwa Ibrahim, Ismail, Ishaq, Ya‘qub, dan keturunannya adalah penganut Yahudi atau Nasrani? Katakanlah, “Apakah kamu yang lebih mengetahui ataukah Allah? Siapakah yang lebih zalim daripada orang yang menyembunyikan kesaksian dari Allah yang ada padanya?” Allah sama sekali tidak lengah dari apa yang kamu kerjakan.	Ibrahim	http://www.wikidata.org/entity/Q1768161	Messenger
2	140	Apakah kamu juga berkata bahwa Ibrahim, Ismail, Ishaq, Ya‘qub, dan keturunannya adalah penganut Yahudi atau Nasrani? Katakanlah, “Apakah kamu yang lebih mengetahui ataukah Allah? Siapakah yang lebih zalim daripada orang yang menyembunyikan kesaksian dari Allah yang ada padanya?” Allah sama sekali tidak lengah dari apa yang kamu kerjakan.	Ismail	http://www.wikidata.org/entity/Q470988	Messenger
2	140	Apakah kamu juga berkata bahwa Ibrahim, Ismail, Ishaq, Ya‘qub, dan keturunannya adalah penganut Yahudi atau Nasrani? Katakanlah, “Apakah kamu yang lebih mengetahui ataukah Allah? Siapakah yang lebih zalim daripada orang yang menyembunyikan kesaksian dari Allah yang ada padanya?” Allah sama sekali tidak lengah dari apa yang kamu kerjakan.	Ishaq	http://www.wikidata.org/entity/Q1642480	Messenger
2	140	Apakah kamu juga berkata bahwa Ibrahim, Ismail, Ishaq, Ya‘qub, dan keturunannya adalah penganut Yahudi atau Nasrani? Katakanlah, “Apakah kamu yang lebih mengetahui ataukah Allah? Siapakah yang lebih zalim daripada orang yang menyembunyikan kesaksian dari Allah yang ada padanya?” Allah sama sekali tidak lengah dari apa yang kamu kerjakan.	Ya‘qub	http://www.wikidata.org/entity/Q2513598	Messenger
2	140	Apakah kamu juga berkata bahwa Ibrahim, Ismail, Ishaq, Ya‘qub, dan keturunannya adalah penganut Yahudi atau Nasrani? Katakanlah, “Apakah kamu yang lebih mengetahui ataukah Allah? Siapakah yang lebih zalim daripada orang yang menyembunyikan kesaksian dari Allah yang ada padanya?” Allah sama sekali tidak lengah dari apa yang kamu kerjakan.	penganut Yahudi	http://www.wikidata.org/entity/Q7325	Person
2	140	Apakah kamu juga berkata bahwa Ibrahim, Ismail, Ishaq, Ya‘qub, dan keturunannya adalah penganut Yahudi atau Nasrani? Katakanlah, “Apakah kamu yang lebih mengetahui ataukah Allah? Siapakah yang lebih zalim daripada orang yang menyembunyikan kesaksian dari Allah yang ada padanya?” Allah sama sekali tidak lengah dari apa yang kamu kerjakan.	Nasrani	http://www.wikidata.org/entity/Q106039	Religion
2	140	Apakah kamu juga berkata bahwa Ibrahim, Ismail, Ishaq, Ya‘qub, dan keturunannya adalah penganut Yahudi atau Nasrani? Katakanlah, “Apakah kamu yang lebih mengetahui ataukah Allah? Siapakah yang lebih zalim daripada orang yang menyembunyikan kesaksian dari Allah yang ada padanya?” Allah sama sekali tidak lengah dari apa yang kamu kerjakan.	Allah	http://www.wikidata.org/entity/Q2095353	Allah
2	140	Apakah kamu juga berkata bahwa Ibrahim, Ismail, Ishaq, Ya‘qub, dan keturunannya adalah penganut Yahudi atau Nasrani? Katakanlah, “Apakah kamu yang lebih mengetahui ataukah Allah? Siapakah yang lebih zalim daripada orang yang menyembunyikan kesaksian dari Allah yang ada padanya?” Allah sama sekali tidak lengah dari apa yang kamu kerjakan.	Allah	http://www.wikidata.org/entity/Q2095353	Allah
2	140	Apakah kamu juga berkata bahwa Ibrahim, Ismail, Ishaq, Ya‘qub, dan keturunannya adalah penganut Yahudi atau Nasrani? Katakanlah, “Apakah kamu yang lebih mengetahui ataukah Allah? Siapakah yang lebih zalim daripada orang yang menyembunyikan kesaksian dari Allah yang ada padanya?” Allah sama sekali tidak lengah dari apa yang kamu kerjakan.	Allah	http://www.wikidata.org/entity/Q2095353	Allah
2	141	Itulah umat yang telah lalu. Baginya apa yang telah mereka usahakan dan bagimu apa yang telah kamu usahakan. Kamu tidak akan diminta pertanggungjawaban tentang apa yang telah mereka kerjakan.			
2	142	Orang-orang yang kurang akal di antara manusia akan berkata, “Apakah yang memalingkan mereka (kaum muslim) dari kiblat yang dahulu mereka (berkiblat) kepadanya?” Katakanlah (Nabi Muhammad), “Milik Allahlah timur dan barat. Dia memberi petunjuk kepada siapa yang Dia kehendaki ke jalan yang lurus (berdasarkan kesiapannya untuk menerima petunjuk).”	Muhammad	http://www.wikidata.org/entity/Q9458	Messenger
2	143	Demikian pula Kami telah menjadikan kamu (umat Islam) umat pertengahan agar kamu menjadi saksi atas (perbuatan) manusia dan agar Rasul (Nabi Muhammad) menjadi saksi atas (perbuatan) kamu. Kami tidak menetapkan kiblat (Baitulmaqdis) yang (dahulu) kamu berkiblat kepadanya, kecuali agar Kami mengetahui (dalam kenyataan) siapa yang mengikuti Rasul dan siapa yang berbalik ke belakang. Sesungguhnya (pemindahan kiblat) itu sangat berat, kecuali bagi orang yang telah diberi petunjuk oleh Allah. Allah tidak akan menyia-nyiakan imanmu. Sesungguhnya Allah benar-benar Maha Pengasih lagi Maha Penyayang kepada manusia.	umat Islam	http://www.wikidata.org/entity/Q47740	Person
2	143	Demikian pula Kami telah menjadikan kamu (umat Islam) umat pertengahan agar kamu menjadi saksi atas (perbuatan) manusia dan agar Rasul (Nabi Muhammad) menjadi saksi atas (perbuatan) kamu. Kami tidak menetapkan kiblat (Baitulmaqdis) yang (dahulu) kamu berkiblat kepadanya, kecuali agar Kami mengetahui (dalam kenyataan) siapa yang mengikuti Rasul dan siapa yang berbalik ke belakang. Sesungguhnya (pemindahan kiblat) itu sangat berat, kecuali bagi orang yang telah diberi petunjuk oleh Allah. Allah tidak akan menyia-nyiakan imanmu. Sesungguhnya Allah benar-benar Maha Pengasih lagi Maha Penyayang kepada manusia.	Muhammad	http://www.wikidata.org/entity/Q9458	Messenger
2	143	Demikian pula Kami telah menjadikan kamu (umat Islam) umat pertengahan agar kamu menjadi saksi atas (perbuatan) manusia dan agar Rasul (Nabi Muhammad) menjadi saksi atas (perbuatan) kamu. Kami tidak menetapkan kiblat (Baitulmaqdis) yang (dahulu) kamu berkiblat kepadanya, kecuali agar Kami mengetahui (dalam kenyataan) siapa yang mengikuti Rasul dan siapa yang berbalik ke belakang. Sesungguhnya (pemindahan kiblat) itu sangat berat, kecuali bagi orang yang telah diberi petunjuk oleh Allah. Allah tidak akan menyia-nyiakan imanmu. Sesungguhnya Allah benar-benar Maha Pengasih lagi Maha Penyayang kepada manusia.	Baitulmaqdis	http://www.wikidata.org/entity/Q1218	GeographicalLocation
2	143	Demikian pula Kami telah menjadikan kamu (umat Islam) umat pertengahan agar kamu menjadi saksi atas (perbuatan) manusia dan agar Rasul (Nabi Muhammad) menjadi saksi atas (perbuatan) kamu. Kami tidak menetapkan kiblat (Baitulmaqdis) yang (dahulu) kamu berkiblat kepadanya, kecuali agar Kami mengetahui (dalam kenyataan) siapa yang mengikuti Rasul dan siapa yang berbalik ke belakang. Sesungguhnya (pemindahan kiblat) itu sangat berat, kecuali bagi orang yang telah diberi petunjuk oleh Allah. Allah tidak akan menyia-nyiakan imanmu. Sesungguhnya Allah benar-benar Maha Pengasih lagi Maha Penyayang kepada manusia.	Allah	http://www.wikidata.org/entity/Q2095353	Allah
2	143	Demikian pula Kami telah menjadikan kamu (umat Islam) umat pertengahan agar kamu menjadi saksi atas (perbuatan) manusia dan agar Rasul (Nabi Muhammad) menjadi saksi atas (perbuatan) kamu. Kami tidak menetapkan kiblat (Baitulmaqdis) yang (dahulu) kamu berkiblat kepadanya, kecuali agar Kami mengetahui (dalam kenyataan) siapa yang mengikuti Rasul dan siapa yang berbalik ke belakang. Sesungguhnya (pemindahan kiblat) itu sangat berat, kecuali bagi orang yang telah diberi petunjuk oleh Allah. Allah tidak akan menyia-nyiakan imanmu. Sesungguhnya Allah benar-benar Maha Pengasih lagi Maha Penyayang kepada manusia.	Allah	http://www.wikidata.org/entity/Q2095353	Allah
2	143	Demikian pula Kami telah menjadikan kamu (umat Islam) umat pertengahan agar kamu menjadi saksi atas (perbuatan) manusia dan agar Rasul (Nabi Muhammad) menjadi saksi atas (perbuatan) kamu. Kami tidak menetapkan kiblat (Baitulmaqdis) yang (dahulu) kamu berkiblat kepadanya, kecuali agar Kami mengetahui (dalam kenyataan) siapa yang mengikuti Rasul dan siapa yang berbalik ke belakang. Sesungguhnya (pemindahan kiblat) itu sangat berat, kecuali bagi orang yang telah diberi petunjuk oleh Allah. Allah tidak akan menyia-nyiakan imanmu. Sesungguhnya Allah benar-benar Maha Pengasih lagi Maha Penyayang kepada manusia.	Allah	http://www.wikidata.org/entity/Q2095353	Allah
2	144	Sungguh, Kami melihat wajahmu (Nabi Muhammad) sering menengadah ke langit. Maka, pasti akan Kami palingkan engkau ke kiblat yang engkau sukai. Lalu, hadapkanlah wajahmu ke arah Masjidilharam. Di mana pun kamu sekalian berada, hadapkanlah wajahmu ke arah itu. Sesungguhnya orang-orang yang diberi kitab benar-benar mengetahui bahwa (pemindahan kiblat ke Masjidilharam) itu adalah kebenaran dari Tuhan mereka. Allah tidak lengah terhadap apa yang mereka kerjakan.	Muhammad	http://www.wikidata.org/entity/Q9458	Messenger
2	144	Sungguh, Kami melihat wajahmu (Nabi Muhammad) sering menengadah ke langit. Maka, pasti akan Kami palingkan engkau ke kiblat yang engkau sukai. Lalu, hadapkanlah wajahmu ke arah Masjidilharam. Di mana pun kamu sekalian berada, hadapkanlah wajahmu ke arah itu. Sesungguhnya orang-orang yang diberi kitab benar-benar mengetahui bahwa (pemindahan kiblat ke Masjidilharam) itu adalah kebenaran dari Tuhan mereka. Allah tidak lengah terhadap apa yang mereka kerjakan.	langit	http://www.wikidata.org/entity/Q527	AstronomicalBody
2	144	Sungguh, Kami melihat wajahmu (Nabi Muhammad) sering menengadah ke langit. Maka, pasti akan Kami palingkan engkau ke kiblat yang engkau sukai. Lalu, hadapkanlah wajahmu ke arah Masjidilharam. Di mana pun kamu sekalian berada, hadapkanlah wajahmu ke arah itu. Sesungguhnya orang-orang yang diberi kitab benar-benar mengetahui bahwa (pemindahan kiblat ke Masjidilharam) itu adalah kebenaran dari Tuhan mereka. Allah tidak lengah terhadap apa yang mereka kerjakan.	Masjidilharam	http://www.wikidata.org/entity/Q428858	GeographicalLocation
2	144	Sungguh, Kami melihat wajahmu (Nabi Muhammad) sering menengadah ke langit. Maka, pasti akan Kami palingkan engkau ke kiblat yang engkau sukai. Lalu, hadapkanlah wajahmu ke arah Masjidilharam. Di mana pun kamu sekalian berada, hadapkanlah wajahmu ke arah itu. Sesungguhnya orang-orang yang diberi kitab benar-benar mengetahui bahwa (pemindahan kiblat ke Masjidilharam) itu adalah kebenaran dari Tuhan mereka. Allah tidak lengah terhadap apa yang mereka kerjakan.	Masjidilharam	http://www.wikidata.org/entity/Q428858	GeographicalLocation
2	144	Sungguh, Kami melihat wajahmu (Nabi Muhammad) sering menengadah ke langit. Maka, pasti akan Kami palingkan engkau ke kiblat yang engkau sukai. Lalu, hadapkanlah wajahmu ke arah Masjidilharam. Di mana pun kamu sekalian berada, hadapkanlah wajahmu ke arah itu. Sesungguhnya orang-orang yang diberi kitab benar-benar mengetahui bahwa (pemindahan kiblat ke Masjidilharam) itu adalah kebenaran dari Tuhan mereka. Allah tidak lengah terhadap apa yang mereka kerjakan.	Allah	http://www.wikidata.org/entity/Q2095353	Allah
2	145	Sungguh, jika engkau (Nabi Muhammad) mendatangkan ayat-ayat (keterangan) kepada orang-orang yang diberi kitab itu, mereka tidak akan mengikuti kiblatmu. Engkau pun tidak akan mengikuti kiblat mereka. Sebagian mereka (pun) tidak akan mengikuti kiblat sebagian yang lain. Sungguh, jika engkau mengikuti keinginan mereka setelah sampai ilmu kepadamu, niscaya engkau termasuk orang-orang zalim.	Muhammad	http://www.wikidata.org/entity/Q9458	Messenger
2	146	Orang-orang yang telah Kami anugerahi Kitab (Taurat dan Injil) mengenalnya (Nabi Muhammad) seperti mereka mengenal anak-anak mereka sendiri. Sesungguhnya sekelompok dari mereka pasti menyembunyikan kebenaran, sedangkan mereka mengetahui(-nya).	Taurat	http://www.wikidata.org/entity/Q2383104	HolyBook
2	146	Orang-orang yang telah Kami anugerahi Kitab (Taurat dan Injil) mengenalnya (Nabi Muhammad) seperti mereka mengenal anak-anak mereka sendiri. Sesungguhnya sekelompok dari mereka pasti menyembunyikan kebenaran, sedangkan mereka mengetahui(-nya).	Injil	http://www.wikidata.org/entity/Q1762323	HolyBook
2	146	Orang-orang yang telah Kami anugerahi Kitab (Taurat dan Injil) mengenalnya (Nabi Muhammad) seperti mereka mengenal anak-anak mereka sendiri. Sesungguhnya sekelompok dari mereka pasti menyembunyikan kebenaran, sedangkan mereka mengetahui(-nya).	Muhammad	http://www.wikidata.org/entity/Q9458	Messenger
2	147	Kebenaran itu dari Tuhanmu. Maka, janganlah sekali-kali engkau (Nabi Muhammad) termasuk orang-orang yang ragu.	Muhammad	http://www.wikidata.org/entity/Q9458	Messenger
2	149	Dari mana pun engkau (Nabi Muhammad) keluar, hadapkanlah wajahmu ke arah Masjidilharam. Sesungguhnya (hal) itu benar-benar (ketentuan) yang hak (pasti, yang tidak diragukan lagi) dari Tuhanmu. Allah tidak lengah terhadap apa yang kamu kerjakan.	Muhammad	http://www.wikidata.org/entity/Q9458	Messenger
2	149	Dari mana pun engkau (Nabi Muhammad) keluar, hadapkanlah wajahmu ke arah Masjidilharam. Sesungguhnya (hal) itu benar-benar (ketentuan) yang hak (pasti, yang tidak diragukan lagi) dari Tuhanmu. Allah tidak lengah terhadap apa yang kamu kerjakan.	Masjidilharam	http://www.wikidata.org/entity/Q428858	GeographicalLocation
2	149	Dari mana pun engkau (Nabi Muhammad) keluar, hadapkanlah wajahmu ke arah Masjidilharam. Sesungguhnya (hal) itu benar-benar (ketentuan) yang hak (pasti, yang tidak diragukan lagi) dari Tuhanmu. Allah tidak lengah terhadap apa yang kamu kerjakan.	Allah	http://www.wikidata.org/entity/Q2095353	Allah
2	150	Dari mana pun engkau (Nabi Muhammad) keluar, maka hadapkanlah wajahmu ke arah Masjidilharam. Di mana saja kamu berada, maka hadapkanlah wajahmu ke arahnya agar tidak ada alasan bagi manusia (untuk menentangmu), kecuali orang-orang yang zalim di antara mereka. Maka, janganlah kamu takut kepada mereka, tetapi takutlah kepada-Ku agar Aku sempurnakan nikmat-Ku kepadamu dan agar kamu mendapat petunjuk.	Muhammad	http://www.wikidata.org/entity/Q9458	Messenger
2	150	Dari mana pun engkau (Nabi Muhammad) keluar, maka hadapkanlah wajahmu ke arah Masjidilharam. Di mana saja kamu berada, maka hadapkanlah wajahmu ke arahnya agar tidak ada alasan bagi manusia (untuk menentangmu), kecuali orang-orang yang zalim di antara mereka. Maka, janganlah kamu takut kepada mereka, tetapi takutlah kepada-Ku agar Aku sempurnakan nikmat-Ku kepadamu dan agar kamu mendapat petunjuk.	Masjidilharam	http://www.wikidata.org/entity/Q428858	GeographicalLocation
2	151	Sebagaimana (Kami telah menyempurnakan nikmat kepadamu), Kami pun mengutus kepadamu seorang Rasul (Nabi Muhammad) dari (kalangan) kamu yang membacakan kepadamu ayat-ayat Kami, menyucikan kamu, dan mengajarkan kepadamu Kitab (Al-Qur’an) dan hikmah (sunah), serta mengajarkan apa yang belum kamu ketahui.	Muhammad	http://www.wikidata.org/entity/Q9458	Messenger
2	151	Sebagaimana (Kami telah menyempurnakan nikmat kepadamu), Kami pun mengutus kepadamu seorang Rasul (Nabi Muhammad) dari (kalangan) kamu yang membacakan kepadamu ayat-ayat Kami, menyucikan kamu, dan mengajarkan kepadamu Kitab (Al-Qur’an) dan hikmah (sunah), serta mengajarkan apa yang belum kamu ketahui.	Al-Qur’an	http://www.wikidata.org/entity/Q428	HolyBook
2	152	Maka, ingatlah kepada-Ku, Aku pun akan ingat kepadamu. Bersyukurlah kepada-Ku dan janganlah kamu ingkar kepada-Ku.			
2	153	Wahai orang-orang yang beriman, mohonlah pertolongan (kepada Allah) dengan sabar dan salat. Sesungguhnya Allah beserta orang-orang yang sabar.	Allah	http://www.wikidata.org/entity/Q2095353	Allah
2	153	Wahai orang-orang yang beriman, mohonlah pertolongan (kepada Allah) dengan sabar dan salat. Sesungguhnya Allah beserta orang-orang yang sabar.	Allah	http://www.wikidata.org/entity/Q2095353	Allah
2	154	Janganlah kamu mengatakan bahwa orang-orang yang terbunuh di jalan Allah (mereka) telah mati. Namun, (sebenarnya mereka) hidup, tetapi kamu tidak menyadarinya.	Allah	http://www.wikidata.org/entity/Q2095353	Allah
2	155	Kami pasti akan mengujimu dengan sedikit ketakutan dan kelaparan, kekurangan harta, jiwa, dan buah-buahan. Sampaikanlah (wahai Nabi Muhammad,) kabar gembira kepada orang-orang sabar,	Muhammad	http://www.wikidata.org/entity/Q9458	Messenger
2	156	(yaitu) orang-orang yang apabila ditimpa musibah, mereka mengucapkan “Innā lillāhi wa innā ilaihi rāji‘ūn” (sesungguhnya kami adalah milik Allah dan sesungguhnya hanya kepada-Nya kami akan kembali).	Allah	http://www.wikidata.org/entity/Q2095353	Allah
2	157	Mereka itulah yang memperoleh ampunan dan rahmat dari Tuhannya dan mereka itulah orang-orang yang mendapat petunjuk.			
2	159	Sesungguhnya orang-orang yang menyembunyikan apa yang telah Kami turunkan berupa keterangan-keterangan dan petunjuk, setelah Kami jelaskan kepada manusia dalam Kitab (Al-Qur’an), mereka itulah yang dilaknat Allah dan dilaknat (pula) oleh mereka yang melaknat,	Al-Qur’an	http://www.wikidata.org/entity/Q428	HolyBook
2	159	Sesungguhnya orang-orang yang menyembunyikan apa yang telah Kami turunkan berupa keterangan-keterangan dan petunjuk, setelah Kami jelaskan kepada manusia dalam Kitab (Al-Qur’an), mereka itulah yang dilaknat Allah dan dilaknat (pula) oleh mereka yang melaknat,	Allah	http://www.wikidata.org/entity/Q2095353	Allah
2	160	kecuali orang-orang yang telah bertobat, mengadakan perbaikan, dan menjelaskan(-nya). Mereka itulah yang Aku terima tobatnya. Akulah Yang Maha Penerima Tobat lagi Maha Penyayang.	Yang Maha Penerima Tobat lagi Maha Penyayang	http://www.wikidata.org/entity/Q2095353	Allah
2	162	Mereka kekal di dalamnya (laknat). Tidak akan diringankan azab dari mereka, dan mereka tidak diberi penangguhan.			
2	163	Tuhan kamu adalah Tuhan Yang Maha Esa. Tidak ada tuhan selain Dia Yang Maha Pengasih lagi Maha Penyayang.	Tuhan Yang Maha Esa	http://www.wikidata.org/entity/Q2095353	Allah
2	163	Tuhan kamu adalah Tuhan Yang Maha Esa. Tidak ada tuhan selain Dia Yang Maha Pengasih lagi Maha Penyayang.	Yang Maha Pengasih lagi Maha Penyayang	http://www.wikidata.org/entity/Q2095353	Allah
2	165	Di antara manusia ada yang menjadikan (sesuatu) selain Allah sebagai tandingan-tandingan (bagi-Nya) yang mereka cintai seperti mencintai Allah. Adapun orang-orang yang beriman sangat kuat cinta mereka kepada Allah. Sekiranya orang-orang yang berbuat zalim itu melihat, ketika mereka melihat azab (pada hari Kiamat), bahwa kekuatan itu semuanya milik Allah dan bahwa Allah sangat keras azab-Nya, (niscaya mereka menyesal).	Allah	http://www.wikidata.org/entity/Q2095353	Allah
2	165	Di antara manusia ada yang menjadikan (sesuatu) selain Allah sebagai tandingan-tandingan (bagi-Nya) yang mereka cintai seperti mencintai Allah. Adapun orang-orang yang beriman sangat kuat cinta mereka kepada Allah. Sekiranya orang-orang yang berbuat zalim itu melihat, ketika mereka melihat azab (pada hari Kiamat), bahwa kekuatan itu semuanya milik Allah dan bahwa Allah sangat keras azab-Nya, (niscaya mereka menyesal).	Allah	http://www.wikidata.org/entity/Q2095353	Allah
2	165	Di antara manusia ada yang menjadikan (sesuatu) selain Allah sebagai tandingan-tandingan (bagi-Nya) yang mereka cintai seperti mencintai Allah. Adapun orang-orang yang beriman sangat kuat cinta mereka kepada Allah. Sekiranya orang-orang yang berbuat zalim itu melihat, ketika mereka melihat azab (pada hari Kiamat), bahwa kekuatan itu semuanya milik Allah dan bahwa Allah sangat keras azab-Nya, (niscaya mereka menyesal).	Allah	http://www.wikidata.org/entity/Q2095353	Allah
2	165	Di antara manusia ada yang menjadikan (sesuatu) selain Allah sebagai tandingan-tandingan (bagi-Nya) yang mereka cintai seperti mencintai Allah. Adapun orang-orang yang beriman sangat kuat cinta mereka kepada Allah. Sekiranya orang-orang yang berbuat zalim itu melihat, ketika mereka melihat azab (pada hari Kiamat), bahwa kekuatan itu semuanya milik Allah dan bahwa Allah sangat keras azab-Nya, (niscaya mereka menyesal).	hari Kiamat	http://www.wikidata.org/entity/Q12200906	Event
2	165	Di antara manusia ada yang menjadikan (sesuatu) selain Allah sebagai tandingan-tandingan (bagi-Nya) yang mereka cintai seperti mencintai Allah. Adapun orang-orang yang beriman sangat kuat cinta mereka kepada Allah. Sekiranya orang-orang yang berbuat zalim itu melihat, ketika mereka melihat azab (pada hari Kiamat), bahwa kekuatan itu semuanya milik Allah dan bahwa Allah sangat keras azab-Nya, (niscaya mereka menyesal).	Allah	http://www.wikidata.org/entity/Q2095353	Allah
2	165	Di antara manusia ada yang menjadikan (sesuatu) selain Allah sebagai tandingan-tandingan (bagi-Nya) yang mereka cintai seperti mencintai Allah. Adapun orang-orang yang beriman sangat kuat cinta mereka kepada Allah. Sekiranya orang-orang yang berbuat zalim itu melihat, ketika mereka melihat azab (pada hari Kiamat), bahwa kekuatan itu semuanya milik Allah dan bahwa Allah sangat keras azab-Nya, (niscaya mereka menyesal).	Allah	http://www.wikidata.org/entity/Q2095353	Allah
2	166	(Yaitu) ketika orang-orang yang diikuti berlepas tangan dari orang-orang yang mengikuti saat mereka (orang-orang yang diikuti) melihat azab, dan (ketika) segala hubungan antara mereka terputus.			
2	167	Orang-orang yang mengikuti berkata, “Andaikan saja kami mendapat kesempatan kembali (ke dunia), tentu kami akan berlepas tangan dari mereka sebagaimana mereka berlepas tangan dari kami.” Demikianlah Allah memperlihatkan kepada mereka amal perbuatan mereka sebagai penyesalan bagi mereka. Mereka sungguh tidak akan keluar dari neraka.	Allah	http://www.wikidata.org/entity/Q2095353	Allah
2	168	Wahai manusia, makanlah sebagian (makanan) di bumi yang halal lagi baik dan janganlah mengikuti langkah-langkah setan. Sesungguhnya ia bagimu merupakan musuh yang nyata.	bumi	http://www.wikidata.org/entity/Q2	AstronomicalBody
2	169	Sesungguhnya (setan) hanya menyuruh kamu untuk berbuat jahat dan keji serta mengatakan tentang Allah apa yang tidak kamu ketahui.	Allah	http://www.wikidata.org/entity/Q2095353	Allah
2	171	Perumpamaan (penyeru) orang-orang yang kufur adalah seperti (penggembala) yang meneriaki (gembalaannya) yang tidak mendengar (memahami) selain panggilan dan teriakan (saja). (Mereka) tuli, bisu, dan buta sehingga mereka tidak mengerti.			
2	172	Wahai orang-orang yang beriman, makanlah apa-apa yang baik yang Kami anugerahkan kepadamu dan bersyukurlah kepada Allah jika kamu benar-benar hanya menyembah kepada-Nya.	Allah	http://www.wikidata.org/entity/Q2095353	Allah
2	173	Sesungguhnya Dia hanya mengharamkan atasmu bangkai, darah, daging babi, dan (daging) hewan yang disembelih dengan (menyebut nama) selain Allah. Akan tetapi, siapa yang terpaksa (memakannya), bukan karena menginginkannya dan tidak (pula) melampaui batas, maka tidak ada dosa baginya. Sesungguhnya Allah Maha Pengampun lagi Maha Penyayang.	Allah	http://www.wikidata.org/entity/Q2095353	Allah
2	173	Sesungguhnya Dia hanya mengharamkan atasmu bangkai, darah, daging babi, dan (daging) hewan yang disembelih dengan (menyebut nama) selain Allah. Akan tetapi, siapa yang terpaksa (memakannya), bukan karena menginginkannya dan tidak (pula) melampaui batas, maka tidak ada dosa baginya. Sesungguhnya Allah Maha Pengampun lagi Maha Penyayang.	Allah	http://www.wikidata.org/entity/Q2095353	Allah
2	174	Sesungguhnya orang-orang yang menyembunyikan apa yang telah diturunkan Allah, yaitu Kitab (Taurat), dan menukarkannya dengan harga murah, mereka hanya menelan api neraka ke dalam perutnya. Allah tidak akan menyapa mereka pada hari Kiamat dan tidak akan menyucikan mereka. Bagi mereka azab yang sangat pedih.	Allah	http://www.wikidata.org/entity/Q2095353	Allah
2	174	Sesungguhnya orang-orang yang menyembunyikan apa yang telah diturunkan Allah, yaitu Kitab (Taurat), dan menukarkannya dengan harga murah, mereka hanya menelan api neraka ke dalam perutnya. Allah tidak akan menyapa mereka pada hari Kiamat dan tidak akan menyucikan mereka. Bagi mereka azab yang sangat pedih.	Taurat	http://www.wikidata.org/entity/Q2383104	HolyBook
2	174	Sesungguhnya orang-orang yang menyembunyikan apa yang telah diturunkan Allah, yaitu Kitab (Taurat), dan menukarkannya dengan harga murah, mereka hanya menelan api neraka ke dalam perutnya. Allah tidak akan menyapa mereka pada hari Kiamat dan tidak akan menyucikan mereka. Bagi mereka azab yang sangat pedih.	Allah	http://www.wikidata.org/entity/Q2095353	Allah
2	174	Sesungguhnya orang-orang yang menyembunyikan apa yang telah diturunkan Allah, yaitu Kitab (Taurat), dan menukarkannya dengan harga murah, mereka hanya menelan api neraka ke dalam perutnya. Allah tidak akan menyapa mereka pada hari Kiamat dan tidak akan menyucikan mereka. Bagi mereka azab yang sangat pedih.	hari Kiamat	http://www.wikidata.org/entity/Q12200906	Event
2	175	Mereka itulah yang membeli kesesatan dengan petunjuk dan azab dengan ampunan. Maka, alangkah beraninya mereka menentang api neraka.			
2	176	Yang demikian itu disebabkan Allah telah menurunkan kitab suci dengan hak. Sesungguhnya orang-orang yang berselisih paham tentang (kebenaran) kitab suci itu benar-benar dalam perpecahan yang jauh.	Allah	http://www.wikidata.org/entity/Q2095353	Allah
2	177	Kebajikan itu bukanlah menghadapkan wajahmu ke arah timur dan barat, melainkan kebajikan itu ialah (kebajikan) orang yang beriman kepada Allah, hari Akhir, malaikat-malaikat, kitab suci, dan nabi-nabi; memberikan harta yang dicintainya kepada kerabat, anak yatim, orang miskin, musafir, peminta-minta, dan (memerdekakan) hamba sahaya; melaksanakan salat; menunaikan zakat; menepati janji apabila berjanji; sabar dalam kemelaratan, penderitaan, dan pada masa peperangan. Mereka itulah orang-orang yang benar dan mereka itulah orang-orang yang bertakwa.	Allah	http://www.wikidata.org/entity/Q2095353	Allah
2	177	Kebajikan itu bukanlah menghadapkan wajahmu ke arah timur dan barat, melainkan kebajikan itu ialah (kebajikan) orang yang beriman kepada Allah, hari Akhir, malaikat-malaikat, kitab suci, dan nabi-nabi; memberikan harta yang dicintainya kepada kerabat, anak yatim, orang miskin, musafir, peminta-minta, dan (memerdekakan) hamba sahaya; melaksanakan salat; menunaikan zakat; menepati janji apabila berjanji; sabar dalam kemelaratan, penderitaan, dan pada masa peperangan. Mereka itulah orang-orang yang benar dan mereka itulah orang-orang yang bertakwa.	hari Akhir	http://www.wikidata.org/entity/Q12200906	Event
2	178	Wahai orang-orang yang beriman, diwajibkan kepadamu (melaksanakan) kisas berkenaan dengan orang-orang yang dibunuh. Orang merdeka dengan orang merdeka, hamba sahaya dengan hamba sahaya, dan perempuan dengan perempuan. Siapa yang memperoleh maaf dari saudaranya hendaklah mengikutinya dengan cara yang patut dan hendaklah menunaikan kepadanya dengan cara yang baik. Yang demikian itu adalah keringanan dan rahmat dari Tuhanmu. Siapa yang melampaui batas setelah itu, maka ia akan mendapat azab yang sangat pedih.			
2	179	Dalam kisas itu ada (jaminan) kehidupan bagimu, wahai orang-orang yang berakal agar kamu bertakwa.			
2	180	Diwajibkan kepadamu, apabila seseorang di antara kamu didatangi (tanda-tanda) maut sedang dia meninggalkan kebaikan (harta yang banyak), berwasiat kepada kedua orang tua dan karib kerabat dengan cara yang patut (sebagai) kewajiban bagi orang-orang yang bertakwa.			
2	181	Siapa yang mengubahnya (wasiat itu), setelah mendengarnya, sesungguhnya dosanya hanya bagi orang yang mengubahnya. Sesungguhnya Allah Maha Mendengar lagi Maha Mengetahui.	Allah	http://www.wikidata.org/entity/Q2095353	Allah
2	182	Akan tetapi, siapa yang khawatir terhadap pewasiat (akan berlaku) tidak adil atau berbuat dosa, lalu dia mendamaikan mereka, dia tidak berdosa. Sesungguhnya Allah Maha Pengampun lagi Maha Penyayang.	Allah	http://www.wikidata.org/entity/Q2095353	Allah
2	183	Wahai orang-orang yang beriman, diwajibkan atas kamu berpuasa sebagaimana diwajibkan atas orang-orang sebelum kamu agar kamu bertakwa.			
2	185	Bulan Ramadan adalah (bulan) yang di dalamnya diturunkan Al-Qur’an sebagai petunjuk bagi manusia dan penjelasan-penjelasan mengenai petunjuk itu serta pembeda (antara yang hak dan yang batil). Oleh karena itu, siapa di antara kamu hadir (di tempat tinggalnya atau bukan musafir) pada bulan itu, berpuasalah. Siapa yang sakit atau dalam perjalanan (lalu tidak berpuasa), maka (wajib menggantinya) sebanyak hari (yang ditinggalkannya) pada hari-hari yang lain. Allah menghendaki kemudahan bagimu dan tidak menghendaki kesukaran. Hendaklah kamu mencukupkan bilangannya dan mengagungkan Allah atas petunjuk-Nya yang diberikan kepadamu agar kamu bersyukur.	Bulan Ramadan	http://www.wikidata.org/entity/Q41662	Event
2	185	Bulan Ramadan adalah (bulan) yang di dalamnya diturunkan Al-Qur’an sebagai petunjuk bagi manusia dan penjelasan-penjelasan mengenai petunjuk itu serta pembeda (antara yang hak dan yang batil). Oleh karena itu, siapa di antara kamu hadir (di tempat tinggalnya atau bukan musafir) pada bulan itu, berpuasalah. Siapa yang sakit atau dalam perjalanan (lalu tidak berpuasa), maka (wajib menggantinya) sebanyak hari (yang ditinggalkannya) pada hari-hari yang lain. Allah menghendaki kemudahan bagimu dan tidak menghendaki kesukaran. Hendaklah kamu mencukupkan bilangannya dan mengagungkan Allah atas petunjuk-Nya yang diberikan kepadamu agar kamu bersyukur.	bulan	http://www.wikidata.org/entity/Q405	AstronomicalBody
2	185	Bulan Ramadan adalah (bulan) yang di dalamnya diturunkan Al-Qur’an sebagai petunjuk bagi manusia dan penjelasan-penjelasan mengenai petunjuk itu serta pembeda (antara yang hak dan yang batil). Oleh karena itu, siapa di antara kamu hadir (di tempat tinggalnya atau bukan musafir) pada bulan itu, berpuasalah. Siapa yang sakit atau dalam perjalanan (lalu tidak berpuasa), maka (wajib menggantinya) sebanyak hari (yang ditinggalkannya) pada hari-hari yang lain. Allah menghendaki kemudahan bagimu dan tidak menghendaki kesukaran. Hendaklah kamu mencukupkan bilangannya dan mengagungkan Allah atas petunjuk-Nya yang diberikan kepadamu agar kamu bersyukur.	Al-Qur’an	http://www.wikidata.org/entity/Q428	HolyBook
2	185	Bulan Ramadan adalah (bulan) yang di dalamnya diturunkan Al-Qur’an sebagai petunjuk bagi manusia dan penjelasan-penjelasan mengenai petunjuk itu serta pembeda (antara yang hak dan yang batil). Oleh karena itu, siapa di antara kamu hadir (di tempat tinggalnya atau bukan musafir) pada bulan itu, berpuasalah. Siapa yang sakit atau dalam perjalanan (lalu tidak berpuasa), maka (wajib menggantinya) sebanyak hari (yang ditinggalkannya) pada hari-hari yang lain. Allah menghendaki kemudahan bagimu dan tidak menghendaki kesukaran. Hendaklah kamu mencukupkan bilangannya dan mengagungkan Allah atas petunjuk-Nya yang diberikan kepadamu agar kamu bersyukur.	bulan	http://www.wikidata.org/entity/Q405	AstronomicalBody
2	185	Bulan Ramadan adalah (bulan) yang di dalamnya diturunkan Al-Qur’an sebagai petunjuk bagi manusia dan penjelasan-penjelasan mengenai petunjuk itu serta pembeda (antara yang hak dan yang batil). Oleh karena itu, siapa di antara kamu hadir (di tempat tinggalnya atau bukan musafir) pada bulan itu, berpuasalah. Siapa yang sakit atau dalam perjalanan (lalu tidak berpuasa), maka (wajib menggantinya) sebanyak hari (yang ditinggalkannya) pada hari-hari yang lain. Allah menghendaki kemudahan bagimu dan tidak menghendaki kesukaran. Hendaklah kamu mencukupkan bilangannya dan mengagungkan Allah atas petunjuk-Nya yang diberikan kepadamu agar kamu bersyukur.	Allah	http://www.wikidata.org/entity/Q2095353	Allah
2	185	Bulan Ramadan adalah (bulan) yang di dalamnya diturunkan Al-Qur’an sebagai petunjuk bagi manusia dan penjelasan-penjelasan mengenai petunjuk itu serta pembeda (antara yang hak dan yang batil). Oleh karena itu, siapa di antara kamu hadir (di tempat tinggalnya atau bukan musafir) pada bulan itu, berpuasalah. Siapa yang sakit atau dalam perjalanan (lalu tidak berpuasa), maka (wajib menggantinya) sebanyak hari (yang ditinggalkannya) pada hari-hari yang lain. Allah menghendaki kemudahan bagimu dan tidak menghendaki kesukaran. Hendaklah kamu mencukupkan bilangannya dan mengagungkan Allah atas petunjuk-Nya yang diberikan kepadamu agar kamu bersyukur.	Allah	http://www.wikidata.org/entity/Q2095353	Allah
2	186	Apabila hamba-hamba-Ku bertanya kepadamu (Nabi Muhammad) tentang Aku, sesungguhnya Aku dekat. Aku mengabulkan permohonan orang yang berdoa apabila dia berdoa kepada-Ku. Maka, hendaklah mereka memenuhi (perintah)-Ku dan beriman kepada-Ku agar mereka selalu berada dalam kebenaran.	Muhammad	http://www.wikidata.org/entity/Q9458	Messenger
2	187	Dihalalkan bagimu pada malam puasa bercampur dengan istrimu. Mereka adalah pakaian bagimu dan kamu adalah pakaian bagi mereka. Allah mengetahui bahwa kamu tidak dapat menahan dirimu sendiri, tetapi Dia menerima tobatmu dan memaafkanmu. Maka, sekarang campurilah mereka dan carilah apa yang telah ditetapkan Allah bagimu. Makan dan minumlah hingga jelas bagimu (perbedaan) antara benang putih dan benang hitam, yaitu fajar. Kemudian, sempurnakanlah puasa sampai (datang) malam. Akan tetapi, jangan campuri mereka ketika kamu (dalam keadaan) beriktikaf di masjid. Itulah batas-batas (ketentuan) Allah. Maka, janganlah kamu mendekatinya. Demikianlah Allah menerangkan ayat-ayat-Nya kepada manusia agar mereka bertakwa.	Allah	http://www.wikidata.org/entity/Q2095353	Allah
2	187	Dihalalkan bagimu pada malam puasa bercampur dengan istrimu. Mereka adalah pakaian bagimu dan kamu adalah pakaian bagi mereka. Allah mengetahui bahwa kamu tidak dapat menahan dirimu sendiri, tetapi Dia menerima tobatmu dan memaafkanmu. Maka, sekarang campurilah mereka dan carilah apa yang telah ditetapkan Allah bagimu. Makan dan minumlah hingga jelas bagimu (perbedaan) antara benang putih dan benang hitam, yaitu fajar. Kemudian, sempurnakanlah puasa sampai (datang) malam. Akan tetapi, jangan campuri mereka ketika kamu (dalam keadaan) beriktikaf di masjid. Itulah batas-batas (ketentuan) Allah. Maka, janganlah kamu mendekatinya. Demikianlah Allah menerangkan ayat-ayat-Nya kepada manusia agar mereka bertakwa.	Allah	http://www.wikidata.org/entity/Q2095353	Allah
2	187	Dihalalkan bagimu pada malam puasa bercampur dengan istrimu. Mereka adalah pakaian bagimu dan kamu adalah pakaian bagi mereka. Allah mengetahui bahwa kamu tidak dapat menahan dirimu sendiri, tetapi Dia menerima tobatmu dan memaafkanmu. Maka, sekarang campurilah mereka dan carilah apa yang telah ditetapkan Allah bagimu. Makan dan minumlah hingga jelas bagimu (perbedaan) antara benang putih dan benang hitam, yaitu fajar. Kemudian, sempurnakanlah puasa sampai (datang) malam. Akan tetapi, jangan campuri mereka ketika kamu (dalam keadaan) beriktikaf di masjid. Itulah batas-batas (ketentuan) Allah. Maka, janganlah kamu mendekatinya. Demikianlah Allah menerangkan ayat-ayat-Nya kepada manusia agar mereka bertakwa.	putih	http://www.wikidata.org/entity/Q23444	Color
2	187	Dihalalkan bagimu pada malam puasa bercampur dengan istrimu. Mereka adalah pakaian bagimu dan kamu adalah pakaian bagi mereka. Allah mengetahui bahwa kamu tidak dapat menahan dirimu sendiri, tetapi Dia menerima tobatmu dan memaafkanmu. Maka, sekarang campurilah mereka dan carilah apa yang telah ditetapkan Allah bagimu. Makan dan minumlah hingga jelas bagimu (perbedaan) antara benang putih dan benang hitam, yaitu fajar. Kemudian, sempurnakanlah puasa sampai (datang) malam. Akan tetapi, jangan campuri mereka ketika kamu (dalam keadaan) beriktikaf di masjid. Itulah batas-batas (ketentuan) Allah. Maka, janganlah kamu mendekatinya. Demikianlah Allah menerangkan ayat-ayat-Nya kepada manusia agar mereka bertakwa.	hitam	http://www.wikidata.org/entity/Q23445	Color
2	187	Dihalalkan bagimu pada malam puasa bercampur dengan istrimu. Mereka adalah pakaian bagimu dan kamu adalah pakaian bagi mereka. Allah mengetahui bahwa kamu tidak dapat menahan dirimu sendiri, tetapi Dia menerima tobatmu dan memaafkanmu. Maka, sekarang campurilah mereka dan carilah apa yang telah ditetapkan Allah bagimu. Makan dan minumlah hingga jelas bagimu (perbedaan) antara benang putih dan benang hitam, yaitu fajar. Kemudian, sempurnakanlah puasa sampai (datang) malam. Akan tetapi, jangan campuri mereka ketika kamu (dalam keadaan) beriktikaf di masjid. Itulah batas-batas (ketentuan) Allah. Maka, janganlah kamu mendekatinya. Demikianlah Allah menerangkan ayat-ayat-Nya kepada manusia agar mereka bertakwa.	fajar	http://www.wikidata.org/entity/Q685643	AstronomicalBody
2	187	Dihalalkan bagimu pada malam puasa bercampur dengan istrimu. Mereka adalah pakaian bagimu dan kamu adalah pakaian bagi mereka. Allah mengetahui bahwa kamu tidak dapat menahan dirimu sendiri, tetapi Dia menerima tobatmu dan memaafkanmu. Maka, sekarang campurilah mereka dan carilah apa yang telah ditetapkan Allah bagimu. Makan dan minumlah hingga jelas bagimu (perbedaan) antara benang putih dan benang hitam, yaitu fajar. Kemudian, sempurnakanlah puasa sampai (datang) malam. Akan tetapi, jangan campuri mereka ketika kamu (dalam keadaan) beriktikaf di masjid. Itulah batas-batas (ketentuan) Allah. Maka, janganlah kamu mendekatinya. Demikianlah Allah menerangkan ayat-ayat-Nya kepada manusia agar mereka bertakwa.	Allah	http://www.wikidata.org/entity/Q2095353	Allah
2	187	Dihalalkan bagimu pada malam puasa bercampur dengan istrimu. Mereka adalah pakaian bagimu dan kamu adalah pakaian bagi mereka. Allah mengetahui bahwa kamu tidak dapat menahan dirimu sendiri, tetapi Dia menerima tobatmu dan memaafkanmu. Maka, sekarang campurilah mereka dan carilah apa yang telah ditetapkan Allah bagimu. Makan dan minumlah hingga jelas bagimu (perbedaan) antara benang putih dan benang hitam, yaitu fajar. Kemudian, sempurnakanlah puasa sampai (datang) malam. Akan tetapi, jangan campuri mereka ketika kamu (dalam keadaan) beriktikaf di masjid. Itulah batas-batas (ketentuan) Allah. Maka, janganlah kamu mendekatinya. Demikianlah Allah menerangkan ayat-ayat-Nya kepada manusia agar mereka bertakwa.	Allah	http://www.wikidata.org/entity/Q2095353	Allah
2	188	Janganlah kamu makan harta di antara kamu dengan jalan yang batil dan (janganlah) kamu membawa (urusan) harta itu kepada para hakim dengan maksud agar kamu dapat memakan sebagian harta orang lain itu dengan jalan dosa, padahal kamu mengetahui.			
2	189	Mereka bertanya kepadamu (Nabi Muhammad) tentang bulan sabit. Katakanlah, “Itu adalah (penunjuk) waktu bagi manusia dan (ibadah) haji.” Bukanlah suatu kebajikan memasuki rumah dari belakangnya, tetapi kebajikan itu adalah (kebajikan) orang yang bertakwa. Masukilah rumah-rumah dari pintu-pintunya, dan bertakwalah kepada Allah agar kamu beruntung.	Muhammad	http://www.wikidata.org/entity/Q9458	Messenger
2	189	Mereka bertanya kepadamu (Nabi Muhammad) tentang bulan sabit. Katakanlah, “Itu adalah (penunjuk) waktu bagi manusia dan (ibadah) haji.” Bukanlah suatu kebajikan memasuki rumah dari belakangnya, tetapi kebajikan itu adalah (kebajikan) orang yang bertakwa. Masukilah rumah-rumah dari pintu-pintunya, dan bertakwalah kepada Allah agar kamu beruntung.	bulan	http://www.wikidata.org/entity/Q405	AstronomicalBody
2	189	Mereka bertanya kepadamu (Nabi Muhammad) tentang bulan sabit. Katakanlah, “Itu adalah (penunjuk) waktu bagi manusia dan (ibadah) haji.” Bukanlah suatu kebajikan memasuki rumah dari belakangnya, tetapi kebajikan itu adalah (kebajikan) orang yang bertakwa. Masukilah rumah-rumah dari pintu-pintunya, dan bertakwalah kepada Allah agar kamu beruntung.	haji	http://www.wikidata.org/entity/Q234915	Event
2	189	Mereka bertanya kepadamu (Nabi Muhammad) tentang bulan sabit. Katakanlah, “Itu adalah (penunjuk) waktu bagi manusia dan (ibadah) haji.” Bukanlah suatu kebajikan memasuki rumah dari belakangnya, tetapi kebajikan itu adalah (kebajikan) orang yang bertakwa. Masukilah rumah-rumah dari pintu-pintunya, dan bertakwalah kepada Allah agar kamu beruntung.	Allah	http://www.wikidata.org/entity/Q2095353	Allah
2	190	Perangilah di jalan Allah orang-orang yang memerangi kamu dan jangan melampaui batas. Sesungguhnya Allah tidak menyukai orang-orang yang melampaui batas.	Allah	http://www.wikidata.org/entity/Q2095353	Allah
2	190	Perangilah di jalan Allah orang-orang yang memerangi kamu dan jangan melampaui batas. Sesungguhnya Allah tidak menyukai orang-orang yang melampaui batas.	Allah	http://www.wikidata.org/entity/Q2095353	Allah
2	191	Bunuhlah mereka (yang memerangimu) di mana pun kamu jumpai dan usirlah mereka dari tempat mereka mengusirmu. Padahal, fitnah itu lebih kejam daripada pembunuhan. Lalu janganlah kamu perangi mereka di Masjidilharam, kecuali jika mereka memerangimu di tempat itu. Jika mereka memerangimu, maka perangilah mereka. Demikianlah balasan bagi orang-orang kafir.	Masjidilharam	http://www.wikidata.org/entity/Q428858	GeographicalLocation
2	192	Namun, jika mereka berhenti (memusuhimu), sesungguhnya Allah Maha Pengampun lagi Maha Penyayang.	Allah	http://www.wikidata.org/entity/Q2095353	Allah
2	194	Bulan haram dengan bulan haram dan (terhadap) sesuatu yang dihormati berlaku (hukum) kisas. Oleh sebab itu, siapa yang menyerang kamu, seranglah setimpal dengan serangannya terhadapmu. Bertakwalah kepada Allah dan ketahuilah bahwa Allah bersama orang-orang yang bertakwa.	Bulan	http://www.wikidata.org/entity/Q405	AstronomicalBody
2	194	Bulan haram dengan bulan haram dan (terhadap) sesuatu yang dihormati berlaku (hukum) kisas. Oleh sebab itu, siapa yang menyerang kamu, seranglah setimpal dengan serangannya terhadapmu. Bertakwalah kepada Allah dan ketahuilah bahwa Allah bersama orang-orang yang bertakwa.	bulan	http://www.wikidata.org/entity/Q405	AstronomicalBody
2	194	Bulan haram dengan bulan haram dan (terhadap) sesuatu yang dihormati berlaku (hukum) kisas. Oleh sebab itu, siapa yang menyerang kamu, seranglah setimpal dengan serangannya terhadapmu. Bertakwalah kepada Allah dan ketahuilah bahwa Allah bersama orang-orang yang bertakwa.	Allah	http://www.wikidata.org/entity/Q2095353	Allah
2	194	Bulan haram dengan bulan haram dan (terhadap) sesuatu yang dihormati berlaku (hukum) kisas. Oleh sebab itu, siapa yang menyerang kamu, seranglah setimpal dengan serangannya terhadapmu. Bertakwalah kepada Allah dan ketahuilah bahwa Allah bersama orang-orang yang bertakwa.	Allah	http://www.wikidata.org/entity/Q2095353	Allah
2	195	Berinfaklah di jalan Allah, janganlah jerumuskan dirimu ke dalam kebinasaan, dan berbuatbaiklah. Sesungguhnya Allah menyukai orang-orang yang berbuat baik.	Allah	http://www.wikidata.org/entity/Q2095353	Allah
2	195	Berinfaklah di jalan Allah, janganlah jerumuskan dirimu ke dalam kebinasaan, dan berbuatbaiklah. Sesungguhnya Allah menyukai orang-orang yang berbuat baik.	Allah	http://www.wikidata.org/entity/Q2095353	Allah
2	196	Sempurnakanlah ibadah haji dan umrah karena Allah. Akan tetapi, jika kamu terkepung (oleh musuh), (sembelihlah) hadyu yang mudah didapat dan jangan mencukur (rambut) kepalamu sebelum hadyu sampai di tempat penyembelihannya. Jika ada di antara kamu yang sakit atau ada gangguan di kepala (lalu dia bercukur), dia wajib berfidyah, yaitu berpuasa, bersedekah, atau berkurban. Apabila kamu dalam keadaan aman, siapa yang mengerjakan umrah sebelum haji (tamatu’), dia (wajib menyembelih) hadyu yang mudah didapat. Akan tetapi, jika tidak mendapatkannya, dia (wajib) berpuasa tiga hari dalam (masa) haji dan tujuh (hari) setelah kamu kembali. Itulah sepuluh hari yang sempurna. Ketentuan itu berlaku bagi orang yang keluarganya tidak menetap di sekitar Masjidilharam. Bertakwalah kepada Allah dan ketahuilah bahwa Allah Maha Keras hukuman-Nya.	haji	http://www.wikidata.org/entity/Q234915	Event
2	196	Sempurnakanlah ibadah haji dan umrah karena Allah. Akan tetapi, jika kamu terkepung (oleh musuh), (sembelihlah) hadyu yang mudah didapat dan jangan mencukur (rambut) kepalamu sebelum hadyu sampai di tempat penyembelihannya. Jika ada di antara kamu yang sakit atau ada gangguan di kepala (lalu dia bercukur), dia wajib berfidyah, yaitu berpuasa, bersedekah, atau berkurban. Apabila kamu dalam keadaan aman, siapa yang mengerjakan umrah sebelum haji (tamatu’), dia (wajib menyembelih) hadyu yang mudah didapat. Akan tetapi, jika tidak mendapatkannya, dia (wajib) berpuasa tiga hari dalam (masa) haji dan tujuh (hari) setelah kamu kembali. Itulah sepuluh hari yang sempurna. Ketentuan itu berlaku bagi orang yang keluarganya tidak menetap di sekitar Masjidilharam. Bertakwalah kepada Allah dan ketahuilah bahwa Allah Maha Keras hukuman-Nya.	umrah	http://www.wikidata.org/entity/Q640480	Event
2	196	Sempurnakanlah ibadah haji dan umrah karena Allah. Akan tetapi, jika kamu terkepung (oleh musuh), (sembelihlah) hadyu yang mudah didapat dan jangan mencukur (rambut) kepalamu sebelum hadyu sampai di tempat penyembelihannya. Jika ada di antara kamu yang sakit atau ada gangguan di kepala (lalu dia bercukur), dia wajib berfidyah, yaitu berpuasa, bersedekah, atau berkurban. Apabila kamu dalam keadaan aman, siapa yang mengerjakan umrah sebelum haji (tamatu’), dia (wajib menyembelih) hadyu yang mudah didapat. Akan tetapi, jika tidak mendapatkannya, dia (wajib) berpuasa tiga hari dalam (masa) haji dan tujuh (hari) setelah kamu kembali. Itulah sepuluh hari yang sempurna. Ketentuan itu berlaku bagi orang yang keluarganya tidak menetap di sekitar Masjidilharam. Bertakwalah kepada Allah dan ketahuilah bahwa Allah Maha Keras hukuman-Nya.	Allah	http://www.wikidata.org/entity/Q2095353	Allah
2	196	Sempurnakanlah ibadah haji dan umrah karena Allah. Akan tetapi, jika kamu terkepung (oleh musuh), (sembelihlah) hadyu yang mudah didapat dan jangan mencukur (rambut) kepalamu sebelum hadyu sampai di tempat penyembelihannya. Jika ada di antara kamu yang sakit atau ada gangguan di kepala (lalu dia bercukur), dia wajib berfidyah, yaitu berpuasa, bersedekah, atau berkurban. Apabila kamu dalam keadaan aman, siapa yang mengerjakan umrah sebelum haji (tamatu’), dia (wajib menyembelih) hadyu yang mudah didapat. Akan tetapi, jika tidak mendapatkannya, dia (wajib) berpuasa tiga hari dalam (masa) haji dan tujuh (hari) setelah kamu kembali. Itulah sepuluh hari yang sempurna. Ketentuan itu berlaku bagi orang yang keluarganya tidak menetap di sekitar Masjidilharam. Bertakwalah kepada Allah dan ketahuilah bahwa Allah Maha Keras hukuman-Nya.	umrah	http://www.wikidata.org/entity/Q640480	Event
2	196	Sempurnakanlah ibadah haji dan umrah karena Allah. Akan tetapi, jika kamu terkepung (oleh musuh), (sembelihlah) hadyu yang mudah didapat dan jangan mencukur (rambut) kepalamu sebelum hadyu sampai di tempat penyembelihannya. Jika ada di antara kamu yang sakit atau ada gangguan di kepala (lalu dia bercukur), dia wajib berfidyah, yaitu berpuasa, bersedekah, atau berkurban. Apabila kamu dalam keadaan aman, siapa yang mengerjakan umrah sebelum haji (tamatu’), dia (wajib menyembelih) hadyu yang mudah didapat. Akan tetapi, jika tidak mendapatkannya, dia (wajib) berpuasa tiga hari dalam (masa) haji dan tujuh (hari) setelah kamu kembali. Itulah sepuluh hari yang sempurna. Ketentuan itu berlaku bagi orang yang keluarganya tidak menetap di sekitar Masjidilharam. Bertakwalah kepada Allah dan ketahuilah bahwa Allah Maha Keras hukuman-Nya.	haji	http://www.wikidata.org/entity/Q234915	Event
2	196	Sempurnakanlah ibadah haji dan umrah karena Allah. Akan tetapi, jika kamu terkepung (oleh musuh), (sembelihlah) hadyu yang mudah didapat dan jangan mencukur (rambut) kepalamu sebelum hadyu sampai di tempat penyembelihannya. Jika ada di antara kamu yang sakit atau ada gangguan di kepala (lalu dia bercukur), dia wajib berfidyah, yaitu berpuasa, bersedekah, atau berkurban. Apabila kamu dalam keadaan aman, siapa yang mengerjakan umrah sebelum haji (tamatu’), dia (wajib menyembelih) hadyu yang mudah didapat. Akan tetapi, jika tidak mendapatkannya, dia (wajib) berpuasa tiga hari dalam (masa) haji dan tujuh (hari) setelah kamu kembali. Itulah sepuluh hari yang sempurna. Ketentuan itu berlaku bagi orang yang keluarganya tidak menetap di sekitar Masjidilharam. Bertakwalah kepada Allah dan ketahuilah bahwa Allah Maha Keras hukuman-Nya.	haji	http://www.wikidata.org/entity/Q234915	Event
2	196	Sempurnakanlah ibadah haji dan umrah karena Allah. Akan tetapi, jika kamu terkepung (oleh musuh), (sembelihlah) hadyu yang mudah didapat dan jangan mencukur (rambut) kepalamu sebelum hadyu sampai di tempat penyembelihannya. Jika ada di antara kamu yang sakit atau ada gangguan di kepala (lalu dia bercukur), dia wajib berfidyah, yaitu berpuasa, bersedekah, atau berkurban. Apabila kamu dalam keadaan aman, siapa yang mengerjakan umrah sebelum haji (tamatu’), dia (wajib menyembelih) hadyu yang mudah didapat. Akan tetapi, jika tidak mendapatkannya, dia (wajib) berpuasa tiga hari dalam (masa) haji dan tujuh (hari) setelah kamu kembali. Itulah sepuluh hari yang sempurna. Ketentuan itu berlaku bagi orang yang keluarganya tidak menetap di sekitar Masjidilharam. Bertakwalah kepada Allah dan ketahuilah bahwa Allah Maha Keras hukuman-Nya.	Masjidilharam	http://www.wikidata.org/entity/Q428858	GeographicalLocation
2	196	Sempurnakanlah ibadah haji dan umrah karena Allah. Akan tetapi, jika kamu terkepung (oleh musuh), (sembelihlah) hadyu yang mudah didapat dan jangan mencukur (rambut) kepalamu sebelum hadyu sampai di tempat penyembelihannya. Jika ada di antara kamu yang sakit atau ada gangguan di kepala (lalu dia bercukur), dia wajib berfidyah, yaitu berpuasa, bersedekah, atau berkurban. Apabila kamu dalam keadaan aman, siapa yang mengerjakan umrah sebelum haji (tamatu’), dia (wajib menyembelih) hadyu yang mudah didapat. Akan tetapi, jika tidak mendapatkannya, dia (wajib) berpuasa tiga hari dalam (masa) haji dan tujuh (hari) setelah kamu kembali. Itulah sepuluh hari yang sempurna. Ketentuan itu berlaku bagi orang yang keluarganya tidak menetap di sekitar Masjidilharam. Bertakwalah kepada Allah dan ketahuilah bahwa Allah Maha Keras hukuman-Nya.	Allah	http://www.wikidata.org/entity/Q2095353	Allah
2	196	Sempurnakanlah ibadah haji dan umrah karena Allah. Akan tetapi, jika kamu terkepung (oleh musuh), (sembelihlah) hadyu yang mudah didapat dan jangan mencukur (rambut) kepalamu sebelum hadyu sampai di tempat penyembelihannya. Jika ada di antara kamu yang sakit atau ada gangguan di kepala (lalu dia bercukur), dia wajib berfidyah, yaitu berpuasa, bersedekah, atau berkurban. Apabila kamu dalam keadaan aman, siapa yang mengerjakan umrah sebelum haji (tamatu’), dia (wajib menyembelih) hadyu yang mudah didapat. Akan tetapi, jika tidak mendapatkannya, dia (wajib) berpuasa tiga hari dalam (masa) haji dan tujuh (hari) setelah kamu kembali. Itulah sepuluh hari yang sempurna. Ketentuan itu berlaku bagi orang yang keluarganya tidak menetap di sekitar Masjidilharam. Bertakwalah kepada Allah dan ketahuilah bahwa Allah Maha Keras hukuman-Nya.	Allah	http://www.wikidata.org/entity/Q2095353	Allah
2	197	(Musim) haji itu (berlangsung pada) bulan-bulan yang telah dimaklumi. Siapa yang mengerjakan (ibadah) haji dalam (bulan-bulan) itu, janganlah berbuat rafaṡ, berbuat maksiat, dan bertengkar dalam (melakukan ibadah) haji. Segala kebaikan yang kamu kerjakan (pasti) Allah mengetahuinya. Berbekallah karena sesungguhnya sebaik-baik bekal adalah takwa. Bertakwalah kepada-Ku wahai orang-orang yang mempunyai akal sehat.	haji	http://www.wikidata.org/entity/Q234915	Event
2	197	(Musim) haji itu (berlangsung pada) bulan-bulan yang telah dimaklumi. Siapa yang mengerjakan (ibadah) haji dalam (bulan-bulan) itu, janganlah berbuat rafaṡ, berbuat maksiat, dan bertengkar dalam (melakukan ibadah) haji. Segala kebaikan yang kamu kerjakan (pasti) Allah mengetahuinya. Berbekallah karena sesungguhnya sebaik-baik bekal adalah takwa. Bertakwalah kepada-Ku wahai orang-orang yang mempunyai akal sehat.	bulan	http://www.wikidata.org/entity/Q405	AstronomicalBody
2	197	(Musim) haji itu (berlangsung pada) bulan-bulan yang telah dimaklumi. Siapa yang mengerjakan (ibadah) haji dalam (bulan-bulan) itu, janganlah berbuat rafaṡ, berbuat maksiat, dan bertengkar dalam (melakukan ibadah) haji. Segala kebaikan yang kamu kerjakan (pasti) Allah mengetahuinya. Berbekallah karena sesungguhnya sebaik-baik bekal adalah takwa. Bertakwalah kepada-Ku wahai orang-orang yang mempunyai akal sehat.	bulan	http://www.wikidata.org/entity/Q405	AstronomicalBody
2	197	(Musim) haji itu (berlangsung pada) bulan-bulan yang telah dimaklumi. Siapa yang mengerjakan (ibadah) haji dalam (bulan-bulan) itu, janganlah berbuat rafaṡ, berbuat maksiat, dan bertengkar dalam (melakukan ibadah) haji. Segala kebaikan yang kamu kerjakan (pasti) Allah mengetahuinya. Berbekallah karena sesungguhnya sebaik-baik bekal adalah takwa. Bertakwalah kepada-Ku wahai orang-orang yang mempunyai akal sehat.	haji	http://www.wikidata.org/entity/Q234915	Event
2	197	(Musim) haji itu (berlangsung pada) bulan-bulan yang telah dimaklumi. Siapa yang mengerjakan (ibadah) haji dalam (bulan-bulan) itu, janganlah berbuat rafaṡ, berbuat maksiat, dan bertengkar dalam (melakukan ibadah) haji. Segala kebaikan yang kamu kerjakan (pasti) Allah mengetahuinya. Berbekallah karena sesungguhnya sebaik-baik bekal adalah takwa. Bertakwalah kepada-Ku wahai orang-orang yang mempunyai akal sehat.	bulan	http://www.wikidata.org/entity/Q405	AstronomicalBody
2	197	(Musim) haji itu (berlangsung pada) bulan-bulan yang telah dimaklumi. Siapa yang mengerjakan (ibadah) haji dalam (bulan-bulan) itu, janganlah berbuat rafaṡ, berbuat maksiat, dan bertengkar dalam (melakukan ibadah) haji. Segala kebaikan yang kamu kerjakan (pasti) Allah mengetahuinya. Berbekallah karena sesungguhnya sebaik-baik bekal adalah takwa. Bertakwalah kepada-Ku wahai orang-orang yang mempunyai akal sehat.	bulan	http://www.wikidata.org/entity/Q405	AstronomicalBody
2	197	(Musim) haji itu (berlangsung pada) bulan-bulan yang telah dimaklumi. Siapa yang mengerjakan (ibadah) haji dalam (bulan-bulan) itu, janganlah berbuat rafaṡ, berbuat maksiat, dan bertengkar dalam (melakukan ibadah) haji. Segala kebaikan yang kamu kerjakan (pasti) Allah mengetahuinya. Berbekallah karena sesungguhnya sebaik-baik bekal adalah takwa. Bertakwalah kepada-Ku wahai orang-orang yang mempunyai akal sehat.	haji	http://www.wikidata.org/entity/Q234915	Event
2	197	(Musim) haji itu (berlangsung pada) bulan-bulan yang telah dimaklumi. Siapa yang mengerjakan (ibadah) haji dalam (bulan-bulan) itu, janganlah berbuat rafaṡ, berbuat maksiat, dan bertengkar dalam (melakukan ibadah) haji. Segala kebaikan yang kamu kerjakan (pasti) Allah mengetahuinya. Berbekallah karena sesungguhnya sebaik-baik bekal adalah takwa. Bertakwalah kepada-Ku wahai orang-orang yang mempunyai akal sehat.	Allah	http://www.wikidata.org/entity/Q2095353	Allah
2	199	Kemudian, bertolaklah kamu dari tempat orang-orang bertolak (Arafah) dan mohonlah ampunan kepada Allah. Sesungguhnya Allah Maha Pengampun lagi Maha Penyayang.	Arafah	http://www.wikidata.org/entity/Q216894	GeographicalLocation
2	199	Kemudian, bertolaklah kamu dari tempat orang-orang bertolak (Arafah) dan mohonlah ampunan kepada Allah. Sesungguhnya Allah Maha Pengampun lagi Maha Penyayang.	Allah	http://www.wikidata.org/entity/Q2095353	Allah
2	199	Kemudian, bertolaklah kamu dari tempat orang-orang bertolak (Arafah) dan mohonlah ampunan kepada Allah. Sesungguhnya Allah Maha Pengampun lagi Maha Penyayang.	Allah	http://www.wikidata.org/entity/Q2095353	Allah
2	201	Di antara mereka ada juga yang berdoa, “Ya Tuhan kami, berilah kami kebaikan di dunia dan kebaikan di akhirat serta lindungilah kami dari azab neraka.”			
2	203	Berzikirlah kepada Allah pada hari yang telah ditentukan jumlahnya. Siapa yang mempercepat (meninggalkan Mina) setelah dua hari, tidak ada dosa baginya. Siapa yang mengakhirkannya tidak ada dosa (pula) baginya, (yakni) bagi orang yang bertakwa. Bertakwalah kepada Allah dan ketahuilah bahwa hanya kepada-Nya kamu akan dikumpulkan.	Allah	http://www.wikidata.org/entity/Q2095353	Allah
2	203	Berzikirlah kepada Allah pada hari yang telah ditentukan jumlahnya. Siapa yang mempercepat (meninggalkan Mina) setelah dua hari, tidak ada dosa baginya. Siapa yang mengakhirkannya tidak ada dosa (pula) baginya, (yakni) bagi orang yang bertakwa. Bertakwalah kepada Allah dan ketahuilah bahwa hanya kepada-Nya kamu akan dikumpulkan.	Mina	http://www.wikidata.org/entity/Q753276	GeographicalLocation
2	203	Berzikirlah kepada Allah pada hari yang telah ditentukan jumlahnya. Siapa yang mempercepat (meninggalkan Mina) setelah dua hari, tidak ada dosa baginya. Siapa yang mengakhirkannya tidak ada dosa (pula) baginya, (yakni) bagi orang yang bertakwa. Bertakwalah kepada Allah dan ketahuilah bahwa hanya kepada-Nya kamu akan dikumpulkan.	Allah	http://www.wikidata.org/entity/Q2095353	Allah
2	204	Di antara manusia ada yang pembicaraannya tentang kehidupan dunia mengagumkan engkau (Nabi Muhammad) dan dia menjadikan Allah sebagai saksi atas (kebenaran) isi hatinya. Padahal, dia adalah penentang yang paling keras.	Muhammad	http://www.wikidata.org/entity/Q9458	Messenger
2	204	Di antara manusia ada yang pembicaraannya tentang kehidupan dunia mengagumkan engkau (Nabi Muhammad) dan dia menjadikan Allah sebagai saksi atas (kebenaran) isi hatinya. Padahal, dia adalah penentang yang paling keras.	Allah	http://www.wikidata.org/entity/Q2095353	Allah
2	206	Apabila dikatakan kepadanya, “Bertakwalah kepada Allah,” bangkitlah kesombongan yang menyebabkan dia berbuat dosa (lebih banyak lagi). Maka, cukuplah (balasan) baginya (neraka) Jahanam. Sungguh (neraka Jahanam) itu seburuk-buruk tempat tinggal.	Allah	http://www.wikidata.org/entity/Q2095353	Allah
2	206	Apabila dikatakan kepadanya, “Bertakwalah kepada Allah,” bangkitlah kesombongan yang menyebabkan dia berbuat dosa (lebih banyak lagi). Maka, cukuplah (balasan) baginya (neraka) Jahanam. Sungguh (neraka Jahanam) itu seburuk-buruk tempat tinggal.	Jahanam	http://www.wikidata.org/entity/Q58418	AfterlifeLocation
2	206	Apabila dikatakan kepadanya, “Bertakwalah kepada Allah,” bangkitlah kesombongan yang menyebabkan dia berbuat dosa (lebih banyak lagi). Maka, cukuplah (balasan) baginya (neraka) Jahanam. Sungguh (neraka Jahanam) itu seburuk-buruk tempat tinggal.	neraka Jahanam	http://www.wikidata.org/entity/Q58418	AfterlifeLocation
2	207	Di antara manusia ada orang yang mengorbankan dirinya untuk mencari rida Allah. Allah Maha Penyantun kepada hamba-hamba(-Nya).	Allah	http://www.wikidata.org/entity/Q2095353	Allah
2	207	Di antara manusia ada orang yang mengorbankan dirinya untuk mencari rida Allah. Allah Maha Penyantun kepada hamba-hamba(-Nya).	Allah	http://www.wikidata.org/entity/Q2095353	Allah
2	208	Wahai orang-orang yang beriman, masuklah ke dalam Islam (kedamaian) secara menyeluruh dan janganlah ikuti langkah-langkah setan! Sesungguhnya ia musuh yang nyata bagimu.	Islam	http://www.wikidata.org/entity/Q432	Religion
2	210	Tidak ada yang mereka tunggu-tunggu (pada hari Kiamat), kecuali kedatangan Allah dalam naungan awan bersama malaikat (untuk melakukan perhitungan), sedangkan perkara (mereka) telah diputuskan. Kepada Allahlah segala perkara dikembalikan.	hari Kiamat	http://www.wikidata.org/entity/Q12200906	Event
2	210	Tidak ada yang mereka tunggu-tunggu (pada hari Kiamat), kecuali kedatangan Allah dalam naungan awan bersama malaikat (untuk melakukan perhitungan), sedangkan perkara (mereka) telah diputuskan. Kepada Allahlah segala perkara dikembalikan.	Allah	http://www.wikidata.org/entity/Q2095353	Allah
2	211	Tanyakanlah kepada Bani Israil, “Berapa banyak bukti nyata (kebenaran) yang telah Kami anugerahkan kepada mereka?” Siapa yang menukar nikmat Allah (dengan kekufuran) setelah (nikmat itu) datang kepadanya, sesungguhnya Allah Maha Keras hukuman-Nya.	Bani Israil	http://www.wikidata.org/entity/Q2605404	Person
2	211	Tanyakanlah kepada Bani Israil, “Berapa banyak bukti nyata (kebenaran) yang telah Kami anugerahkan kepada mereka?” Siapa yang menukar nikmat Allah (dengan kekufuran) setelah (nikmat itu) datang kepadanya, sesungguhnya Allah Maha Keras hukuman-Nya.	Allah	http://www.wikidata.org/entity/Q2095353	Allah
2	211	Tanyakanlah kepada Bani Israil, “Berapa banyak bukti nyata (kebenaran) yang telah Kami anugerahkan kepada mereka?” Siapa yang menukar nikmat Allah (dengan kekufuran) setelah (nikmat itu) datang kepadanya, sesungguhnya Allah Maha Keras hukuman-Nya.	Allah	http://www.wikidata.org/entity/Q2095353	Allah
2	212	Kehidupan dunia dijadikan terasa indah dalam pandangan orang-orang yang kufur dan mereka (terus) menghina orang-orang yang beriman. Padahal orang-orang yang bertakwa itu berada di atas mereka pada hari Kiamat. Allah memberi rezeki kepada orang yang Dia kehendaki tanpa perhitungan.	hari Kiamat	http://www.wikidata.org/entity/Q12200906	Event
2	212	Kehidupan dunia dijadikan terasa indah dalam pandangan orang-orang yang kufur dan mereka (terus) menghina orang-orang yang beriman. Padahal orang-orang yang bertakwa itu berada di atas mereka pada hari Kiamat. Allah memberi rezeki kepada orang yang Dia kehendaki tanpa perhitungan.	Allah	http://www.wikidata.org/entity/Q2095353	Allah
2	213	Manusia itu (dahulunya) umat yang satu (dalam ketauhidan). (Setelah timbul perselisihan,) lalu Allah mengutus para nabi (untuk) menyampaikan kabar gembira dan peringatan. Allah menurunkan bersama mereka Kitab yang mengandung kebenaran untuk memberi keputusan di antara manusia tentang perkara yang mereka perselisihkan. Tidak ada yang berselisih tentangnya, kecuali orang-orang yang telah diberi (Kitab) setelah bukti-bukti yang nyata sampai kepada mereka, karena kedengkian di antara mereka sendiri. Maka, dengan kehendak-Nya, Allah memberi petunjuk kepada mereka yang beriman tentang kebenaran yang mereka perselisihkan. Allah memberi petunjuk kepada siapa yang Dia kehendaki ke jalan yang lurus (berdasarkan kesiapannya untuk menerima petunjuk).	Allah	http://www.wikidata.org/entity/Q2095353	Allah
2	213	Manusia itu (dahulunya) umat yang satu (dalam ketauhidan). (Setelah timbul perselisihan,) lalu Allah mengutus para nabi (untuk) menyampaikan kabar gembira dan peringatan. Allah menurunkan bersama mereka Kitab yang mengandung kebenaran untuk memberi keputusan di antara manusia tentang perkara yang mereka perselisihkan. Tidak ada yang berselisih tentangnya, kecuali orang-orang yang telah diberi (Kitab) setelah bukti-bukti yang nyata sampai kepada mereka, karena kedengkian di antara mereka sendiri. Maka, dengan kehendak-Nya, Allah memberi petunjuk kepada mereka yang beriman tentang kebenaran yang mereka perselisihkan. Allah memberi petunjuk kepada siapa yang Dia kehendaki ke jalan yang lurus (berdasarkan kesiapannya untuk menerima petunjuk).	Allah	http://www.wikidata.org/entity/Q2095353	Allah
2	213	Manusia itu (dahulunya) umat yang satu (dalam ketauhidan). (Setelah timbul perselisihan,) lalu Allah mengutus para nabi (untuk) menyampaikan kabar gembira dan peringatan. Allah menurunkan bersama mereka Kitab yang mengandung kebenaran untuk memberi keputusan di antara manusia tentang perkara yang mereka perselisihkan. Tidak ada yang berselisih tentangnya, kecuali orang-orang yang telah diberi (Kitab) setelah bukti-bukti yang nyata sampai kepada mereka, karena kedengkian di antara mereka sendiri. Maka, dengan kehendak-Nya, Allah memberi petunjuk kepada mereka yang beriman tentang kebenaran yang mereka perselisihkan. Allah memberi petunjuk kepada siapa yang Dia kehendaki ke jalan yang lurus (berdasarkan kesiapannya untuk menerima petunjuk).	Allah	http://www.wikidata.org/entity/Q2095353	Allah
2	213	Manusia itu (dahulunya) umat yang satu (dalam ketauhidan). (Setelah timbul perselisihan,) lalu Allah mengutus para nabi (untuk) menyampaikan kabar gembira dan peringatan. Allah menurunkan bersama mereka Kitab yang mengandung kebenaran untuk memberi keputusan di antara manusia tentang perkara yang mereka perselisihkan. Tidak ada yang berselisih tentangnya, kecuali orang-orang yang telah diberi (Kitab) setelah bukti-bukti yang nyata sampai kepada mereka, karena kedengkian di antara mereka sendiri. Maka, dengan kehendak-Nya, Allah memberi petunjuk kepada mereka yang beriman tentang kebenaran yang mereka perselisihkan. Allah memberi petunjuk kepada siapa yang Dia kehendaki ke jalan yang lurus (berdasarkan kesiapannya untuk menerima petunjuk).	Allah	http://www.wikidata.org/entity/Q2095353	Allah
2	214	Apakah kamu mengira bahwa kamu akan masuk surga, padahal belum datang kepadamu (cobaan) seperti (yang dialami) orang-orang terdahulu sebelum kamu. Mereka ditimpa kemelaratan, penderitaan, dan diguncang (dengan berbagai cobaan) sehingga Rasul dan orang-orang yang beriman bersamanya berkata, “Kapankah datang pertolongan Allah?” Ingatlah, sesungguhnya pertolongan Allah itu dekat.	Allah	http://www.wikidata.org/entity/Q2095353	Allah
2	214	Apakah kamu mengira bahwa kamu akan masuk surga, padahal belum datang kepadamu (cobaan) seperti (yang dialami) orang-orang terdahulu sebelum kamu. Mereka ditimpa kemelaratan, penderitaan, dan diguncang (dengan berbagai cobaan) sehingga Rasul dan orang-orang yang beriman bersamanya berkata, “Kapankah datang pertolongan Allah?” Ingatlah, sesungguhnya pertolongan Allah itu dekat.	Allah	http://www.wikidata.org/entity/Q2095353	Allah
2	215	Mereka bertanya kepadamu (Nabi Muhammad) tentang apa yang harus mereka infakkan. Katakanlah, “Harta apa saja yang kamu infakkan, hendaknya diperuntukkan bagi kedua orang tua, kerabat, anak-anak yatim, orang-orang miskin, dan orang yang dalam perjalanan (dan membutuhkan pertolongan).” Kebaikan apa saja yang kamu kerjakan, sesungguhnya Allah Maha Mengetahuinya.	Muhammad	http://www.wikidata.org/entity/Q9458	Messenger
2	215	Mereka bertanya kepadamu (Nabi Muhammad) tentang apa yang harus mereka infakkan. Katakanlah, “Harta apa saja yang kamu infakkan, hendaknya diperuntukkan bagi kedua orang tua, kerabat, anak-anak yatim, orang-orang miskin, dan orang yang dalam perjalanan (dan membutuhkan pertolongan).” Kebaikan apa saja yang kamu kerjakan, sesungguhnya Allah Maha Mengetahuinya.	Allah	http://www.wikidata.org/entity/Q2095353	Allah
2	216	Diwajibkan atasmu berperang, padahal itu kamu benci. Boleh jadi kamu membenci sesuatu, padahal itu baik bagimu dan boleh jadi kamu menyukai sesuatu, padahal itu buruk bagimu. Allah mengetahui, sedangkan kamu tidak mengetahui.	Allah	http://www.wikidata.org/entity/Q2095353	Allah
2	218	Sesungguhnya orang-orang yang beriman serta orang-orang yang berhijrah dan berjihad di jalan Allah, mereka itu mengharapkan rahmat Allah. Allah Maha Pengampun lagi Maha Penyayang.	Allah	http://www.wikidata.org/entity/Q2095353	Allah
2	218	Sesungguhnya orang-orang yang beriman serta orang-orang yang berhijrah dan berjihad di jalan Allah, mereka itu mengharapkan rahmat Allah. Allah Maha Pengampun lagi Maha Penyayang.	Allah	http://www.wikidata.org/entity/Q2095353	Allah
2	218	Sesungguhnya orang-orang yang beriman serta orang-orang yang berhijrah dan berjihad di jalan Allah, mereka itu mengharapkan rahmat Allah. Allah Maha Pengampun lagi Maha Penyayang.	Allah	http://www.wikidata.org/entity/Q2095353	Allah
2	219	Mereka bertanya kepadamu (Nabi Muhammad) tentang khamar dan judi. Katakanlah, “Pada keduanya terdapat dosa besar dan beberapa manfaat bagi manusia. (Akan tetapi,) dosa keduanya lebih besar daripada manfaatnya.” Mereka (juga) bertanya kepadamu (tentang) apa yang mereka infakkan. Katakanlah, “(Yang diinfakkan adalah) kelebihan (dari apa yang diperlukan).” Demikianlah Allah menerangkan ayat-ayat-Nya kepadamu agar kamu berpikir	Muhammad	http://www.wikidata.org/entity/Q9458	Messenger
2	219	Mereka bertanya kepadamu (Nabi Muhammad) tentang khamar dan judi. Katakanlah, “Pada keduanya terdapat dosa besar dan beberapa manfaat bagi manusia. (Akan tetapi,) dosa keduanya lebih besar daripada manfaatnya.” Mereka (juga) bertanya kepadamu (tentang) apa yang mereka infakkan. Katakanlah, “(Yang diinfakkan adalah) kelebihan (dari apa yang diperlukan).” Demikianlah Allah menerangkan ayat-ayat-Nya kepadamu agar kamu berpikir	Allah	http://www.wikidata.org/entity/Q2095353	Allah
2	221	Janganlah kamu menikahi perempuan musyrik hingga mereka beriman! Sungguh, hamba sahaya perempuan yang beriman lebih baik daripada perempuan musyrik, meskipun dia menarik hatimu. Jangan pula kamu menikahkan laki-laki musyrik (dengan perempuan yang beriman) hingga mereka beriman. Sungguh, hamba sahaya laki-laki yang beriman lebih baik daripada laki-laki musyrik meskipun dia menarik hatimu. Mereka mengajak ke neraka, sedangkan Allah mengajak ke surga dan ampunan dengan izin-Nya. (Allah) menerangkan ayat-ayat-Nya kepada manusia agar mereka mengambil pelajaran.	Allah	http://www.wikidata.org/entity/Q2095353	Allah
2	221	Janganlah kamu menikahi perempuan musyrik hingga mereka beriman! Sungguh, hamba sahaya perempuan yang beriman lebih baik daripada perempuan musyrik, meskipun dia menarik hatimu. Jangan pula kamu menikahkan laki-laki musyrik (dengan perempuan yang beriman) hingga mereka beriman. Sungguh, hamba sahaya laki-laki yang beriman lebih baik daripada laki-laki musyrik meskipun dia menarik hatimu. Mereka mengajak ke neraka, sedangkan Allah mengajak ke surga dan ampunan dengan izin-Nya. (Allah) menerangkan ayat-ayat-Nya kepada manusia agar mereka mengambil pelajaran.	Allah	http://www.wikidata.org/entity/Q2095353	Allah
2	222	Mereka bertanya kepadamu (Nabi Muhammad) tentang haid. Katakanlah, “Itu adalah suatu kotoran.” Maka, jauhilah para istri (dari melakukan hubungan intim) pada waktu haid dan jangan kamu dekati mereka (untuk melakukan hubungan intim) hingga mereka suci (habis masa haid). Apabila mereka benar-benar suci (setelah mandi wajib), campurilah mereka sesuai dengan (ketentuan) yang diperintahkan Allah kepadamu. Sesungguhnya Allah menyukai orang-orang yang bertobat dan menyukai orang-orang yang menyucikan diri.	Muhammad	http://www.wikidata.org/entity/Q9458	Messenger
2	222	Mereka bertanya kepadamu (Nabi Muhammad) tentang haid. Katakanlah, “Itu adalah suatu kotoran.” Maka, jauhilah para istri (dari melakukan hubungan intim) pada waktu haid dan jangan kamu dekati mereka (untuk melakukan hubungan intim) hingga mereka suci (habis masa haid). Apabila mereka benar-benar suci (setelah mandi wajib), campurilah mereka sesuai dengan (ketentuan) yang diperintahkan Allah kepadamu. Sesungguhnya Allah menyukai orang-orang yang bertobat dan menyukai orang-orang yang menyucikan diri.	Allah	http://www.wikidata.org/entity/Q2095353	Allah
2	222	Mereka bertanya kepadamu (Nabi Muhammad) tentang haid. Katakanlah, “Itu adalah suatu kotoran.” Maka, jauhilah para istri (dari melakukan hubungan intim) pada waktu haid dan jangan kamu dekati mereka (untuk melakukan hubungan intim) hingga mereka suci (habis masa haid). Apabila mereka benar-benar suci (setelah mandi wajib), campurilah mereka sesuai dengan (ketentuan) yang diperintahkan Allah kepadamu. Sesungguhnya Allah menyukai orang-orang yang bertobat dan menyukai orang-orang yang menyucikan diri.	Allah	http://www.wikidata.org/entity/Q2095353	Allah
2	223	Istrimu adalah ladang bagimu. Maka, datangilah ladangmu itu (bercampurlah dengan benar dan wajar) kapan dan bagaimana yang kamu sukai. Utamakanlah (hal yang terbaik) untuk dirimu. Bertakwalah kepada Allah dan ketahuilah bahwa kamu (kelak) akan menghadap kepada-Nya. Sampaikanlah kabar gembira kepada orang-orang mukmin.	Allah	http://www.wikidata.org/entity/Q2095353	Allah
2	224	Janganlah kamu jadikan (nama) Allah dalam sumpahmu sebagai penghalang dari berbuat baik, bertakwa, dan menciptakan kedamaian di antara manusia. Allah Maha Mendengar lagi Maha Mengetahui.	Allah	http://www.wikidata.org/entity/Q2095353	Allah
2	224	Janganlah kamu jadikan (nama) Allah dalam sumpahmu sebagai penghalang dari berbuat baik, bertakwa, dan menciptakan kedamaian di antara manusia. Allah Maha Mendengar lagi Maha Mengetahui.	Allah	http://www.wikidata.org/entity/Q2095353	Allah
2	226	Orang yang meng-ila’ (bersumpah tidak mencampuri) istrinya diberi tenggang waktu empat bulan. Jika mereka kembali (mencampuri istrinya), sesungguhnya Allah Maha Pengampun lagi Maha Penyayang.	bulan	http://www.wikidata.org/entity/Q405	AstronomicalBody
2	226	Orang yang meng-ila’ (bersumpah tidak mencampuri) istrinya diberi tenggang waktu empat bulan. Jika mereka kembali (mencampuri istrinya), sesungguhnya Allah Maha Pengampun lagi Maha Penyayang.	Allah	http://www.wikidata.org/entity/Q2095353	Allah
2	227	Jika mereka berketetapan hati untuk bercerai, sesungguhnya Allah Maha Mendengar lagi Maha Mengetahui.	Allah	http://www.wikidata.org/entity/Q2095353	Allah
2	228	Para istri yang diceraikan (wajib) menahan diri mereka (menunggu) tiga kali qurū’ (suci atau haid). Tidak boleh bagi mereka menyembunyikan apa yang diciptakan Allah dalam rahim mereka, jika mereka beriman kepada Allah dan hari Akhir. Suami-suami mereka lebih berhak untuk kembali kepada mereka dalam (masa) itu, jika mereka menghendaki perbaikan. Mereka (para perempuan) mempunyai hak seimbang dengan kewajibannya menurut cara yang patut. Akan tetapi, para suami mempunyai kelebihan atas mereka. Allah Maha Perkasa lagi Maha Bijaksana.	Allah	http://www.wikidata.org/entity/Q2095353	Allah
2	228	Para istri yang diceraikan (wajib) menahan diri mereka (menunggu) tiga kali qurū’ (suci atau haid). Tidak boleh bagi mereka menyembunyikan apa yang diciptakan Allah dalam rahim mereka, jika mereka beriman kepada Allah dan hari Akhir. Suami-suami mereka lebih berhak untuk kembali kepada mereka dalam (masa) itu, jika mereka menghendaki perbaikan. Mereka (para perempuan) mempunyai hak seimbang dengan kewajibannya menurut cara yang patut. Akan tetapi, para suami mempunyai kelebihan atas mereka. Allah Maha Perkasa lagi Maha Bijaksana.	Allah	http://www.wikidata.org/entity/Q2095353	Allah
2	228	Para istri yang diceraikan (wajib) menahan diri mereka (menunggu) tiga kali qurū’ (suci atau haid). Tidak boleh bagi mereka menyembunyikan apa yang diciptakan Allah dalam rahim mereka, jika mereka beriman kepada Allah dan hari Akhir. Suami-suami mereka lebih berhak untuk kembali kepada mereka dalam (masa) itu, jika mereka menghendaki perbaikan. Mereka (para perempuan) mempunyai hak seimbang dengan kewajibannya menurut cara yang patut. Akan tetapi, para suami mempunyai kelebihan atas mereka. Allah Maha Perkasa lagi Maha Bijaksana.	hari Akhir	http://www.wikidata.org/entity/Q12200906	Event
2	228	Para istri yang diceraikan (wajib) menahan diri mereka (menunggu) tiga kali qurū’ (suci atau haid). Tidak boleh bagi mereka menyembunyikan apa yang diciptakan Allah dalam rahim mereka, jika mereka beriman kepada Allah dan hari Akhir. Suami-suami mereka lebih berhak untuk kembali kepada mereka dalam (masa) itu, jika mereka menghendaki perbaikan. Mereka (para perempuan) mempunyai hak seimbang dengan kewajibannya menurut cara yang patut. Akan tetapi, para suami mempunyai kelebihan atas mereka. Allah Maha Perkasa lagi Maha Bijaksana.	Allah	http://www.wikidata.org/entity/Q2095353	Allah
2	229	Talak (yang dapat dirujuk) itu dua kali. (Setelah itu suami dapat) menahan (rujuk) dengan cara yang patut atau melepaskan (menceraikan) dengan baik. Tidak halal bagi kamu mengambil kembali sesuatu (mahar) yang telah kamu berikan kepada mereka, kecuali keduanya (suami dan istri) khawatir tidak mampu menjalankan batas-batas ketentuan Allah. Jika kamu (wali) khawatir bahwa keduanya tidak mampu menjalankan batas-batas (ketentuan) Allah, maka keduanya tidak berdosa atas bayaran yang (harus) diberikan (oleh istri) untuk menebus dirinya. Itulah batas-batas (ketentuan) Allah, janganlah kamu melanggarnya. Siapa yang melanggar batas-batas (ketentuan) Allah, mereka itulah orang-orang zalim.	Allah	http://www.wikidata.org/entity/Q2095353	Allah
2	229	Talak (yang dapat dirujuk) itu dua kali. (Setelah itu suami dapat) menahan (rujuk) dengan cara yang patut atau melepaskan (menceraikan) dengan baik. Tidak halal bagi kamu mengambil kembali sesuatu (mahar) yang telah kamu berikan kepada mereka, kecuali keduanya (suami dan istri) khawatir tidak mampu menjalankan batas-batas ketentuan Allah. Jika kamu (wali) khawatir bahwa keduanya tidak mampu menjalankan batas-batas (ketentuan) Allah, maka keduanya tidak berdosa atas bayaran yang (harus) diberikan (oleh istri) untuk menebus dirinya. Itulah batas-batas (ketentuan) Allah, janganlah kamu melanggarnya. Siapa yang melanggar batas-batas (ketentuan) Allah, mereka itulah orang-orang zalim.	Allah	http://www.wikidata.org/entity/Q2095353	Allah
2	229	Talak (yang dapat dirujuk) itu dua kali. (Setelah itu suami dapat) menahan (rujuk) dengan cara yang patut atau melepaskan (menceraikan) dengan baik. Tidak halal bagi kamu mengambil kembali sesuatu (mahar) yang telah kamu berikan kepada mereka, kecuali keduanya (suami dan istri) khawatir tidak mampu menjalankan batas-batas ketentuan Allah. Jika kamu (wali) khawatir bahwa keduanya tidak mampu menjalankan batas-batas (ketentuan) Allah, maka keduanya tidak berdosa atas bayaran yang (harus) diberikan (oleh istri) untuk menebus dirinya. Itulah batas-batas (ketentuan) Allah, janganlah kamu melanggarnya. Siapa yang melanggar batas-batas (ketentuan) Allah, mereka itulah orang-orang zalim.	Allah	http://www.wikidata.org/entity/Q2095353	Allah
2	229	Talak (yang dapat dirujuk) itu dua kali. (Setelah itu suami dapat) menahan (rujuk) dengan cara yang patut atau melepaskan (menceraikan) dengan baik. Tidak halal bagi kamu mengambil kembali sesuatu (mahar) yang telah kamu berikan kepada mereka, kecuali keduanya (suami dan istri) khawatir tidak mampu menjalankan batas-batas ketentuan Allah. Jika kamu (wali) khawatir bahwa keduanya tidak mampu menjalankan batas-batas (ketentuan) Allah, maka keduanya tidak berdosa atas bayaran yang (harus) diberikan (oleh istri) untuk menebus dirinya. Itulah batas-batas (ketentuan) Allah, janganlah kamu melanggarnya. Siapa yang melanggar batas-batas (ketentuan) Allah, mereka itulah orang-orang zalim.	Allah	http://www.wikidata.org/entity/Q2095353	Allah
2	230	Jika dia menceraikannya kembali (setelah talak kedua), perempuan itu tidak halal lagi baginya hingga dia menikah dengan laki-laki yang lain. Jika (suami yang lain itu) sudah menceraikannya, tidak ada dosa bagi keduanya (suami pertama dan mantan istri) untuk menikah kembali jika keduanya menduga akan dapat menjalankan hukum-hukum Allah. Itulah ketentuan-ketentuan Allah yang diterangkan-Nya kepada orang-orang yang (mau) mengetahui.	Allah	http://www.wikidata.org/entity/Q2095353	Allah
2	230	Jika dia menceraikannya kembali (setelah talak kedua), perempuan itu tidak halal lagi baginya hingga dia menikah dengan laki-laki yang lain. Jika (suami yang lain itu) sudah menceraikannya, tidak ada dosa bagi keduanya (suami pertama dan mantan istri) untuk menikah kembali jika keduanya menduga akan dapat menjalankan hukum-hukum Allah. Itulah ketentuan-ketentuan Allah yang diterangkan-Nya kepada orang-orang yang (mau) mengetahui.	Allah	http://www.wikidata.org/entity/Q2095353	Allah
2	231	Apabila kamu menceraikan istri(-mu), hingga (hampir) berakhir masa idahnya, tahanlah (rujuk) mereka dengan cara yang patut atau ceraikanlah mereka dengan cara yang patut (pula). Janganlah kamu menahan (rujuk) mereka untuk memberi kemudaratan sehingga kamu melampaui batas. Siapa yang melakukan demikian, dia sungguh telah menzalimi dirinya sendiri. Janganlah kamu jadikan ayat-ayat (hukum-hukum) Allah sebagai bahan ejekan. Ingatlah nikmat Allah kepadamu dan apa yang telah diturunkan Allah kepadamu, yaitu Kitab (Al-Qur’an) dan Hikmah (Sunah), untuk memberi pengajaran kepadamu. Bertakwalah kepada Allah dan ketahuilah bahwa sesungguhnya Allah Maha Mengetahui segala sesuatu.	Allah	http://www.wikidata.org/entity/Q2095353	Allah
2	231	Apabila kamu menceraikan istri(-mu), hingga (hampir) berakhir masa idahnya, tahanlah (rujuk) mereka dengan cara yang patut atau ceraikanlah mereka dengan cara yang patut (pula). Janganlah kamu menahan (rujuk) mereka untuk memberi kemudaratan sehingga kamu melampaui batas. Siapa yang melakukan demikian, dia sungguh telah menzalimi dirinya sendiri. Janganlah kamu jadikan ayat-ayat (hukum-hukum) Allah sebagai bahan ejekan. Ingatlah nikmat Allah kepadamu dan apa yang telah diturunkan Allah kepadamu, yaitu Kitab (Al-Qur’an) dan Hikmah (Sunah), untuk memberi pengajaran kepadamu. Bertakwalah kepada Allah dan ketahuilah bahwa sesungguhnya Allah Maha Mengetahui segala sesuatu.	Allah	http://www.wikidata.org/entity/Q2095353	Allah
2	231	Apabila kamu menceraikan istri(-mu), hingga (hampir) berakhir masa idahnya, tahanlah (rujuk) mereka dengan cara yang patut atau ceraikanlah mereka dengan cara yang patut (pula). Janganlah kamu menahan (rujuk) mereka untuk memberi kemudaratan sehingga kamu melampaui batas. Siapa yang melakukan demikian, dia sungguh telah menzalimi dirinya sendiri. Janganlah kamu jadikan ayat-ayat (hukum-hukum) Allah sebagai bahan ejekan. Ingatlah nikmat Allah kepadamu dan apa yang telah diturunkan Allah kepadamu, yaitu Kitab (Al-Qur’an) dan Hikmah (Sunah), untuk memberi pengajaran kepadamu. Bertakwalah kepada Allah dan ketahuilah bahwa sesungguhnya Allah Maha Mengetahui segala sesuatu.	Allah	http://www.wikidata.org/entity/Q2095353	Allah
2	231	Apabila kamu menceraikan istri(-mu), hingga (hampir) berakhir masa idahnya, tahanlah (rujuk) mereka dengan cara yang patut atau ceraikanlah mereka dengan cara yang patut (pula). Janganlah kamu menahan (rujuk) mereka untuk memberi kemudaratan sehingga kamu melampaui batas. Siapa yang melakukan demikian, dia sungguh telah menzalimi dirinya sendiri. Janganlah kamu jadikan ayat-ayat (hukum-hukum) Allah sebagai bahan ejekan. Ingatlah nikmat Allah kepadamu dan apa yang telah diturunkan Allah kepadamu, yaitu Kitab (Al-Qur’an) dan Hikmah (Sunah), untuk memberi pengajaran kepadamu. Bertakwalah kepada Allah dan ketahuilah bahwa sesungguhnya Allah Maha Mengetahui segala sesuatu.	Al-Qur’an	http://www.wikidata.org/entity/Q428	HolyBook
2	231	Apabila kamu menceraikan istri(-mu), hingga (hampir) berakhir masa idahnya, tahanlah (rujuk) mereka dengan cara yang patut atau ceraikanlah mereka dengan cara yang patut (pula). Janganlah kamu menahan (rujuk) mereka untuk memberi kemudaratan sehingga kamu melampaui batas. Siapa yang melakukan demikian, dia sungguh telah menzalimi dirinya sendiri. Janganlah kamu jadikan ayat-ayat (hukum-hukum) Allah sebagai bahan ejekan. Ingatlah nikmat Allah kepadamu dan apa yang telah diturunkan Allah kepadamu, yaitu Kitab (Al-Qur’an) dan Hikmah (Sunah), untuk memberi pengajaran kepadamu. Bertakwalah kepada Allah dan ketahuilah bahwa sesungguhnya Allah Maha Mengetahui segala sesuatu.	Allah	http://www.wikidata.org/entity/Q2095353	Allah
2	231	Apabila kamu menceraikan istri(-mu), hingga (hampir) berakhir masa idahnya, tahanlah (rujuk) mereka dengan cara yang patut atau ceraikanlah mereka dengan cara yang patut (pula). Janganlah kamu menahan (rujuk) mereka untuk memberi kemudaratan sehingga kamu melampaui batas. Siapa yang melakukan demikian, dia sungguh telah menzalimi dirinya sendiri. Janganlah kamu jadikan ayat-ayat (hukum-hukum) Allah sebagai bahan ejekan. Ingatlah nikmat Allah kepadamu dan apa yang telah diturunkan Allah kepadamu, yaitu Kitab (Al-Qur’an) dan Hikmah (Sunah), untuk memberi pengajaran kepadamu. Bertakwalah kepada Allah dan ketahuilah bahwa sesungguhnya Allah Maha Mengetahui segala sesuatu.	Allah	http://www.wikidata.org/entity/Q2095353	Allah
2	233	Ibu-ibu hendaklah menyusui anak-anaknya selama dua tahun penuh, bagi yang ingin menyempurnakan penyusuan. Kewajiban ayah menanggung makan dan pakaian mereka dengan cara yang patut. Seseorang tidak dibebani, kecuali sesuai dengan kemampuannya. Janganlah seorang ibu dibuat menderita karena anaknya dan jangan pula ayahnya dibuat menderita karena anaknya. Ahli waris pun seperti itu pula. Apabila keduanya ingin menyapih (sebelum dua tahun) berdasarkan persetujuan dan musyawarah antara keduanya, tidak ada dosa atas keduanya. Apabila kamu ingin menyusukan anakmu (kepada orang lain), tidak ada dosa bagimu jika kamu memberikan pembayaran dengan cara yang patut. Bertakwalah kepada Allah dan ketahuilah bahwa sesungguhnya Allah Maha Melihat apa yang kamu kerjakan.	Allah	http://www.wikidata.org/entity/Q2095353	Allah
2	233	Ibu-ibu hendaklah menyusui anak-anaknya selama dua tahun penuh, bagi yang ingin menyempurnakan penyusuan. Kewajiban ayah menanggung makan dan pakaian mereka dengan cara yang patut. Seseorang tidak dibebani, kecuali sesuai dengan kemampuannya. Janganlah seorang ibu dibuat menderita karena anaknya dan jangan pula ayahnya dibuat menderita karena anaknya. Ahli waris pun seperti itu pula. Apabila keduanya ingin menyapih (sebelum dua tahun) berdasarkan persetujuan dan musyawarah antara keduanya, tidak ada dosa atas keduanya. Apabila kamu ingin menyusukan anakmu (kepada orang lain), tidak ada dosa bagimu jika kamu memberikan pembayaran dengan cara yang patut. Bertakwalah kepada Allah dan ketahuilah bahwa sesungguhnya Allah Maha Melihat apa yang kamu kerjakan.	Allah	http://www.wikidata.org/entity/Q2095353	Allah
2	237	Jika kamu menceraikan mereka sebelum kamu sentuh (campuri), padahal kamu sudah menentukan maharnya, maka (bayarlah) separuh dari apa yang telah kamu tentukan, kecuali jika mereka atau pihak yang memiliki kewenangan nikah (suami atau wali) membebaskannya. Pembebasanmu itu lebih dekat pada ketakwaan. Janganlah melupakan kebaikan di antara kamu. Sesungguhnya Allah Maha Melihat apa yang kamu kerjakan.	Allah	http://www.wikidata.org/entity/Q2095353	Allah
2	238	Peliharalah semua salat (fardu) dan salat Wusṭā. Berdirilah karena Allah (dalam salat) dengan khusyuk.	Allah	http://www.wikidata.org/entity/Q2095353	Allah
2	239	Jika kamu berada dalam keadaan takut, salatlah dengan berjalan kaki atau berkendaraan. Lalu, apabila kamu telah aman, ingatlah Allah (salatlah) sebagaimana Dia telah mengajarkan kepadamu apa yang tidak kamu ketahui.	Allah	http://www.wikidata.org/entity/Q2095353	Allah
2	240	Orang-orang yang akan mati di antara kamu dan meninggalkan istri-istri hendaklah membuat wasiat untuk istri-istrinya, (yaitu) nafkah sampai setahun tanpa mengeluarkannya (dari rumah). Akan tetapi, jika mereka keluar (sendiri), tidak ada dosa bagimu mengenai hal-hal yang patut yang mereka lakukan terhadap diri mereka sendiri. Allah Maha Perkasa lagi Maha Bijaksana.	Allah	http://www.wikidata.org/entity/Q2095353	Allah
2	241	Bagi istri-istri yang diceraikan terdapat hak mut‘ah dengan cara yang patut. Demikian ini adalah ketentuan bagi orang-orang yang bertakwa.			
2	243	Tidakkah kamu memperhatikan orang-orang yang keluar dari kampung halamannya dalam jumlah ribuan karena takut mati? Lalu, Allah berfirman kepada mereka, “Matilah kamu!” Kemudian, Allah menghidupkan mereka. Sesungguhnya Allah Pemberi karunia kepada manusia, tetapi kebanyakan manusia tidak bersyukur.	Allah	http://www.wikidata.org/entity/Q2095353	Allah
2	243	Tidakkah kamu memperhatikan orang-orang yang keluar dari kampung halamannya dalam jumlah ribuan karena takut mati? Lalu, Allah berfirman kepada mereka, “Matilah kamu!” Kemudian, Allah menghidupkan mereka. Sesungguhnya Allah Pemberi karunia kepada manusia, tetapi kebanyakan manusia tidak bersyukur.	Allah	http://www.wikidata.org/entity/Q2095353	Allah
2	243	Tidakkah kamu memperhatikan orang-orang yang keluar dari kampung halamannya dalam jumlah ribuan karena takut mati? Lalu, Allah berfirman kepada mereka, “Matilah kamu!” Kemudian, Allah menghidupkan mereka. Sesungguhnya Allah Pemberi karunia kepada manusia, tetapi kebanyakan manusia tidak bersyukur.	Allah	http://www.wikidata.org/entity/Q2095353	Allah
2	244	Berperanglah kamu di jalan Allah dan ketahuilah bahwa Allah Maha Mendengar lagi Maha Mengetahui.	Allah	http://www.wikidata.org/entity/Q2095353	Allah
2	244	Berperanglah kamu di jalan Allah dan ketahuilah bahwa Allah Maha Mendengar lagi Maha Mengetahui.	Allah	http://www.wikidata.org/entity/Q2095353	Allah
2	246	Tidakkah kamu perhatikan para pemuka Bani Israil setelah Musa wafat, (yaitu) ketika mereka berkata kepada seorang nabi mereka, “Angkatlah seorang raja untuk kami, niscaya kami berperang di jalan Allah.” Dia menjawab, “Jangan-jangan jika diwajibkan atasmu berperang, kamu tidak akan berperang juga.” Mereka menjawab, “Mengapa kami tidak akan berperang di jalan Allah, sedangkan sungguh kami telah diusir dari kampung halaman kami dan (dipisahkan dari) anak-anak kami?” Akan tetapi, ketika perang diwajibkan atas mereka, mereka berpaling, kecuali sebagian kecil dari mereka. Allah Maha Mengetahui orang-orang zalim.	Bani Israil	http://www.wikidata.org/entity/Q2605404	Person
2	246	Tidakkah kamu perhatikan para pemuka Bani Israil setelah Musa wafat, (yaitu) ketika mereka berkata kepada seorang nabi mereka, “Angkatlah seorang raja untuk kami, niscaya kami berperang di jalan Allah.” Dia menjawab, “Jangan-jangan jika diwajibkan atasmu berperang, kamu tidak akan berperang juga.” Mereka menjawab, “Mengapa kami tidak akan berperang di jalan Allah, sedangkan sungguh kami telah diusir dari kampung halaman kami dan (dipisahkan dari) anak-anak kami?” Akan tetapi, ketika perang diwajibkan atas mereka, mereka berpaling, kecuali sebagian kecil dari mereka. Allah Maha Mengetahui orang-orang zalim.	Musa	http://www.wikidata.org/entity/Q1990155	Messenger
2	246	Tidakkah kamu perhatikan para pemuka Bani Israil setelah Musa wafat, (yaitu) ketika mereka berkata kepada seorang nabi mereka, “Angkatlah seorang raja untuk kami, niscaya kami berperang di jalan Allah.” Dia menjawab, “Jangan-jangan jika diwajibkan atasmu berperang, kamu tidak akan berperang juga.” Mereka menjawab, “Mengapa kami tidak akan berperang di jalan Allah, sedangkan sungguh kami telah diusir dari kampung halaman kami dan (dipisahkan dari) anak-anak kami?” Akan tetapi, ketika perang diwajibkan atas mereka, mereka berpaling, kecuali sebagian kecil dari mereka. Allah Maha Mengetahui orang-orang zalim.	Allah	http://www.wikidata.org/entity/Q2095353	Allah
2	246	Tidakkah kamu perhatikan para pemuka Bani Israil setelah Musa wafat, (yaitu) ketika mereka berkata kepada seorang nabi mereka, “Angkatlah seorang raja untuk kami, niscaya kami berperang di jalan Allah.” Dia menjawab, “Jangan-jangan jika diwajibkan atasmu berperang, kamu tidak akan berperang juga.” Mereka menjawab, “Mengapa kami tidak akan berperang di jalan Allah, sedangkan sungguh kami telah diusir dari kampung halaman kami dan (dipisahkan dari) anak-anak kami?” Akan tetapi, ketika perang diwajibkan atas mereka, mereka berpaling, kecuali sebagian kecil dari mereka. Allah Maha Mengetahui orang-orang zalim.	Allah	http://www.wikidata.org/entity/Q2095353	Allah
2	246	Tidakkah kamu perhatikan para pemuka Bani Israil setelah Musa wafat, (yaitu) ketika mereka berkata kepada seorang nabi mereka, “Angkatlah seorang raja untuk kami, niscaya kami berperang di jalan Allah.” Dia menjawab, “Jangan-jangan jika diwajibkan atasmu berperang, kamu tidak akan berperang juga.” Mereka menjawab, “Mengapa kami tidak akan berperang di jalan Allah, sedangkan sungguh kami telah diusir dari kampung halaman kami dan (dipisahkan dari) anak-anak kami?” Akan tetapi, ketika perang diwajibkan atas mereka, mereka berpaling, kecuali sebagian kecil dari mereka. Allah Maha Mengetahui orang-orang zalim.	Allah	http://www.wikidata.org/entity/Q2095353	Allah
2	247	Nabi mereka berkata kepada mereka, “Sesungguhnya Allah telah mengangkat Talut menjadi rajamu.” Mereka menjawab, “Bagaimana (mungkin) dia memperoleh kerajaan (kekuasaan) atas kami, sedangkan kami lebih berhak atas kerajaan itu daripadanya dan dia tidak diberi kekayaan yang banyak?” (Nabi mereka) menjawab, “Sesungguhnya Allah telah memilihnya (menjadi raja) kamu dan memberikan kepadanya kelebihan ilmu dan fisik.” Allah menganugerahkan kerajaan-Nya kepada siapa yang Dia kehendaki. Allah Maha Luas (kekuasaan dan rezeki-Nya) lagi Maha Mengetahui.	Allah	http://www.wikidata.org/entity/Q2095353	Allah
2	247	Nabi mereka berkata kepada mereka, “Sesungguhnya Allah telah mengangkat Talut menjadi rajamu.” Mereka menjawab, “Bagaimana (mungkin) dia memperoleh kerajaan (kekuasaan) atas kami, sedangkan kami lebih berhak atas kerajaan itu daripadanya dan dia tidak diberi kekayaan yang banyak?” (Nabi mereka) menjawab, “Sesungguhnya Allah telah memilihnya (menjadi raja) kamu dan memberikan kepadanya kelebihan ilmu dan fisik.” Allah menganugerahkan kerajaan-Nya kepada siapa yang Dia kehendaki. Allah Maha Luas (kekuasaan dan rezeki-Nya) lagi Maha Mengetahui.	Talut	http://www.wikidata.org/entity/Q4119704	Person
2	247	Nabi mereka berkata kepada mereka, “Sesungguhnya Allah telah mengangkat Talut menjadi rajamu.” Mereka menjawab, “Bagaimana (mungkin) dia memperoleh kerajaan (kekuasaan) atas kami, sedangkan kami lebih berhak atas kerajaan itu daripadanya dan dia tidak diberi kekayaan yang banyak?” (Nabi mereka) menjawab, “Sesungguhnya Allah telah memilihnya (menjadi raja) kamu dan memberikan kepadanya kelebihan ilmu dan fisik.” Allah menganugerahkan kerajaan-Nya kepada siapa yang Dia kehendaki. Allah Maha Luas (kekuasaan dan rezeki-Nya) lagi Maha Mengetahui.	Allah	http://www.wikidata.org/entity/Q2095353	Allah
2	247	Nabi mereka berkata kepada mereka, “Sesungguhnya Allah telah mengangkat Talut menjadi rajamu.” Mereka menjawab, “Bagaimana (mungkin) dia memperoleh kerajaan (kekuasaan) atas kami, sedangkan kami lebih berhak atas kerajaan itu daripadanya dan dia tidak diberi kekayaan yang banyak?” (Nabi mereka) menjawab, “Sesungguhnya Allah telah memilihnya (menjadi raja) kamu dan memberikan kepadanya kelebihan ilmu dan fisik.” Allah menganugerahkan kerajaan-Nya kepada siapa yang Dia kehendaki. Allah Maha Luas (kekuasaan dan rezeki-Nya) lagi Maha Mengetahui.	Allah	http://www.wikidata.org/entity/Q2095353	Allah
2	247	Nabi mereka berkata kepada mereka, “Sesungguhnya Allah telah mengangkat Talut menjadi rajamu.” Mereka menjawab, “Bagaimana (mungkin) dia memperoleh kerajaan (kekuasaan) atas kami, sedangkan kami lebih berhak atas kerajaan itu daripadanya dan dia tidak diberi kekayaan yang banyak?” (Nabi mereka) menjawab, “Sesungguhnya Allah telah memilihnya (menjadi raja) kamu dan memberikan kepadanya kelebihan ilmu dan fisik.” Allah menganugerahkan kerajaan-Nya kepada siapa yang Dia kehendaki. Allah Maha Luas (kekuasaan dan rezeki-Nya) lagi Maha Mengetahui.	Allah	http://www.wikidata.org/entity/Q2095353	Allah
2	248	Nabi mereka berkata kepada mereka, “Sesungguhnya tanda kerajaannya ialah datangnya Tabut kepadamu yang di dalamnya terdapat ketenangan dari Tuhanmu dan sisa dari apa yang ditinggalkan oleh keluarga Musa dan keluarga Harun yang dibawa oleh para malaikat. Sesungguhnya pada yang demikian itu benar-benar terdapat tanda (kebesaran Allah) bagimu jika kamu orang-orang mukmin.	Tabut	http://www.wikidata.org/entity/Q131316	Artifact
2	248	Nabi mereka berkata kepada mereka, “Sesungguhnya tanda kerajaannya ialah datangnya Tabut kepadamu yang di dalamnya terdapat ketenangan dari Tuhanmu dan sisa dari apa yang ditinggalkan oleh keluarga Musa dan keluarga Harun yang dibawa oleh para malaikat. Sesungguhnya pada yang demikian itu benar-benar terdapat tanda (kebesaran Allah) bagimu jika kamu orang-orang mukmin.	Musa	http://www.wikidata.org/entity/Q1990155	Messenger
2	248	Nabi mereka berkata kepada mereka, “Sesungguhnya tanda kerajaannya ialah datangnya Tabut kepadamu yang di dalamnya terdapat ketenangan dari Tuhanmu dan sisa dari apa yang ditinggalkan oleh keluarga Musa dan keluarga Harun yang dibawa oleh para malaikat. Sesungguhnya pada yang demikian itu benar-benar terdapat tanda (kebesaran Allah) bagimu jika kamu orang-orang mukmin.	Harun	http://www.wikidata.org/entity/Q380714	Messenger
2	248	Nabi mereka berkata kepada mereka, “Sesungguhnya tanda kerajaannya ialah datangnya Tabut kepadamu yang di dalamnya terdapat ketenangan dari Tuhanmu dan sisa dari apa yang ditinggalkan oleh keluarga Musa dan keluarga Harun yang dibawa oleh para malaikat. Sesungguhnya pada yang demikian itu benar-benar terdapat tanda (kebesaran Allah) bagimu jika kamu orang-orang mukmin.	Allah	http://www.wikidata.org/entity/Q2095353	Allah
2	251	Mereka (tentara Talut) mengalahkan tentara Jalut dengan izin Allah dan Daud membunuh Jalut. Kemudian, Allah menganugerahinya (Daud) kerajaan dan hikmah (kenabian); Dia (juga) mengajarinya apa yang Dia kehendaki. Seandainya Allah tidak menolak (keganasan) sebagian manusia dengan sebagian yang lain, niscaya rusaklah bumi ini. Akan tetapi, Allah mempunyai karunia (yang dilimpahkan-Nya) atas seluruh alam.	Talut	http://www.wikidata.org/entity/Q4119704	Person
2	251	Mereka (tentara Talut) mengalahkan tentara Jalut dengan izin Allah dan Daud membunuh Jalut. Kemudian, Allah menganugerahinya (Daud) kerajaan dan hikmah (kenabian); Dia (juga) mengajarinya apa yang Dia kehendaki. Seandainya Allah tidak menolak (keganasan) sebagian manusia dengan sebagian yang lain, niscaya rusaklah bumi ini. Akan tetapi, Allah mempunyai karunia (yang dilimpahkan-Nya) atas seluruh alam.	Jalut	http://www.wikidata.org/entity/Q3160748	Person
2	251	Mereka (tentara Talut) mengalahkan tentara Jalut dengan izin Allah dan Daud membunuh Jalut. Kemudian, Allah menganugerahinya (Daud) kerajaan dan hikmah (kenabian); Dia (juga) mengajarinya apa yang Dia kehendaki. Seandainya Allah tidak menolak (keganasan) sebagian manusia dengan sebagian yang lain, niscaya rusaklah bumi ini. Akan tetapi, Allah mempunyai karunia (yang dilimpahkan-Nya) atas seluruh alam.	Allah	http://www.wikidata.org/entity/Q2095353	Allah
2	251	Mereka (tentara Talut) mengalahkan tentara Jalut dengan izin Allah dan Daud membunuh Jalut. Kemudian, Allah menganugerahinya (Daud) kerajaan dan hikmah (kenabian); Dia (juga) mengajarinya apa yang Dia kehendaki. Seandainya Allah tidak menolak (keganasan) sebagian manusia dengan sebagian yang lain, niscaya rusaklah bumi ini. Akan tetapi, Allah mempunyai karunia (yang dilimpahkan-Nya) atas seluruh alam.	Daud	http://www.wikidata.org/entity/Q1257863	Messenger
2	251	Mereka (tentara Talut) mengalahkan tentara Jalut dengan izin Allah dan Daud membunuh Jalut. Kemudian, Allah menganugerahinya (Daud) kerajaan dan hikmah (kenabian); Dia (juga) mengajarinya apa yang Dia kehendaki. Seandainya Allah tidak menolak (keganasan) sebagian manusia dengan sebagian yang lain, niscaya rusaklah bumi ini. Akan tetapi, Allah mempunyai karunia (yang dilimpahkan-Nya) atas seluruh alam.	Jalut	http://www.wikidata.org/entity/Q3160748	Person
2	251	Mereka (tentara Talut) mengalahkan tentara Jalut dengan izin Allah dan Daud membunuh Jalut. Kemudian, Allah menganugerahinya (Daud) kerajaan dan hikmah (kenabian); Dia (juga) mengajarinya apa yang Dia kehendaki. Seandainya Allah tidak menolak (keganasan) sebagian manusia dengan sebagian yang lain, niscaya rusaklah bumi ini. Akan tetapi, Allah mempunyai karunia (yang dilimpahkan-Nya) atas seluruh alam.	Allah	http://www.wikidata.org/entity/Q2095353	Allah
2	251	Mereka (tentara Talut) mengalahkan tentara Jalut dengan izin Allah dan Daud membunuh Jalut. Kemudian, Allah menganugerahinya (Daud) kerajaan dan hikmah (kenabian); Dia (juga) mengajarinya apa yang Dia kehendaki. Seandainya Allah tidak menolak (keganasan) sebagian manusia dengan sebagian yang lain, niscaya rusaklah bumi ini. Akan tetapi, Allah mempunyai karunia (yang dilimpahkan-Nya) atas seluruh alam.	Daud	http://www.wikidata.org/entity/Q1257863	Messenger
2	251	Mereka (tentara Talut) mengalahkan tentara Jalut dengan izin Allah dan Daud membunuh Jalut. Kemudian, Allah menganugerahinya (Daud) kerajaan dan hikmah (kenabian); Dia (juga) mengajarinya apa yang Dia kehendaki. Seandainya Allah tidak menolak (keganasan) sebagian manusia dengan sebagian yang lain, niscaya rusaklah bumi ini. Akan tetapi, Allah mempunyai karunia (yang dilimpahkan-Nya) atas seluruh alam.	Allah	http://www.wikidata.org/entity/Q2095353	Allah
2	251	Mereka (tentara Talut) mengalahkan tentara Jalut dengan izin Allah dan Daud membunuh Jalut. Kemudian, Allah menganugerahinya (Daud) kerajaan dan hikmah (kenabian); Dia (juga) mengajarinya apa yang Dia kehendaki. Seandainya Allah tidak menolak (keganasan) sebagian manusia dengan sebagian yang lain, niscaya rusaklah bumi ini. Akan tetapi, Allah mempunyai karunia (yang dilimpahkan-Nya) atas seluruh alam.	bumi	http://www.wikidata.org/entity/Q2	AstronomicalBody
2	251	Mereka (tentara Talut) mengalahkan tentara Jalut dengan izin Allah dan Daud membunuh Jalut. Kemudian, Allah menganugerahinya (Daud) kerajaan dan hikmah (kenabian); Dia (juga) mengajarinya apa yang Dia kehendaki. Seandainya Allah tidak menolak (keganasan) sebagian manusia dengan sebagian yang lain, niscaya rusaklah bumi ini. Akan tetapi, Allah mempunyai karunia (yang dilimpahkan-Nya) atas seluruh alam.	Allah	http://www.wikidata.org/entity/Q2095353	Allah
2	252	Itulah ayat-ayat Allah. Kami membacakannya kepadamu (Nabi Muhammad) dengan benar. Sesungguhnya engkau benar-benar termasuk di antara para rasul.	Allah	http://www.wikidata.org/entity/Q2095353	Allah
2	252	Itulah ayat-ayat Allah. Kami membacakannya kepadamu (Nabi Muhammad) dengan benar. Sesungguhnya engkau benar-benar termasuk di antara para rasul.	Muhammad	http://www.wikidata.org/entity/Q9458	Messenger
2	253	Para rasul itu Kami lebihkan sebagian mereka atas sebagian (yang lain). Di antara mereka ada yang Allah berbicara (langsung) dengannya dan sebagian lagi Dia tinggikan beberapa derajat. Kami telah menganugerahkan kepada Isa putra Maryam bukti-bukti yang sangat jelas (mukjizat) dan Kami memperkuat dia dengan Ruhulkudus (Jibril). Seandainya Allah menghendaki, niscaya orang-orang setelah mereka tidak akan saling membunuh setelah bukti-bukti sampai kepada mereka. Akan tetapi, mereka berselisih sehingga ada di antara mereka yang beriman dan ada (pula) yang kufur. Andaikata Allah menghendaki, tidaklah mereka saling membunuh. Namun, Allah melakukan apa yang Dia kehendaki.	Allah	http://www.wikidata.org/entity/Q2095353	Allah
2	253	Para rasul itu Kami lebihkan sebagian mereka atas sebagian (yang lain). Di antara mereka ada yang Allah berbicara (langsung) dengannya dan sebagian lagi Dia tinggikan beberapa derajat. Kami telah menganugerahkan kepada Isa putra Maryam bukti-bukti yang sangat jelas (mukjizat) dan Kami memperkuat dia dengan Ruhulkudus (Jibril). Seandainya Allah menghendaki, niscaya orang-orang setelah mereka tidak akan saling membunuh setelah bukti-bukti sampai kepada mereka. Akan tetapi, mereka berselisih sehingga ada di antara mereka yang beriman dan ada (pula) yang kufur. Andaikata Allah menghendaki, tidaklah mereka saling membunuh. Namun, Allah melakukan apa yang Dia kehendaki.	Isa putra Maryam	http://www.wikidata.org/entity/Q51664	Messenger
2	253	Para rasul itu Kami lebihkan sebagian mereka atas sebagian (yang lain). Di antara mereka ada yang Allah berbicara (langsung) dengannya dan sebagian lagi Dia tinggikan beberapa derajat. Kami telah menganugerahkan kepada Isa putra Maryam bukti-bukti yang sangat jelas (mukjizat) dan Kami memperkuat dia dengan Ruhulkudus (Jibril). Seandainya Allah menghendaki, niscaya orang-orang setelah mereka tidak akan saling membunuh setelah bukti-bukti sampai kepada mereka. Akan tetapi, mereka berselisih sehingga ada di antara mereka yang beriman dan ada (pula) yang kufur. Andaikata Allah menghendaki, tidaklah mereka saling membunuh. Namun, Allah melakukan apa yang Dia kehendaki.	Ruhulkudus	http://www.wikidata.org/entity/Q3467762	Angel
2	253	Para rasul itu Kami lebihkan sebagian mereka atas sebagian (yang lain). Di antara mereka ada yang Allah berbicara (langsung) dengannya dan sebagian lagi Dia tinggikan beberapa derajat. Kami telah menganugerahkan kepada Isa putra Maryam bukti-bukti yang sangat jelas (mukjizat) dan Kami memperkuat dia dengan Ruhulkudus (Jibril). Seandainya Allah menghendaki, niscaya orang-orang setelah mereka tidak akan saling membunuh setelah bukti-bukti sampai kepada mereka. Akan tetapi, mereka berselisih sehingga ada di antara mereka yang beriman dan ada (pula) yang kufur. Andaikata Allah menghendaki, tidaklah mereka saling membunuh. Namun, Allah melakukan apa yang Dia kehendaki.	Jibril	http://www.wikidata.org/entity/Q3467762	Angel
2	253	Para rasul itu Kami lebihkan sebagian mereka atas sebagian (yang lain). Di antara mereka ada yang Allah berbicara (langsung) dengannya dan sebagian lagi Dia tinggikan beberapa derajat. Kami telah menganugerahkan kepada Isa putra Maryam bukti-bukti yang sangat jelas (mukjizat) dan Kami memperkuat dia dengan Ruhulkudus (Jibril). Seandainya Allah menghendaki, niscaya orang-orang setelah mereka tidak akan saling membunuh setelah bukti-bukti sampai kepada mereka. Akan tetapi, mereka berselisih sehingga ada di antara mereka yang beriman dan ada (pula) yang kufur. Andaikata Allah menghendaki, tidaklah mereka saling membunuh. Namun, Allah melakukan apa yang Dia kehendaki.	Allah	http://www.wikidata.org/entity/Q2095353	Allah
2	253	Para rasul itu Kami lebihkan sebagian mereka atas sebagian (yang lain). Di antara mereka ada yang Allah berbicara (langsung) dengannya dan sebagian lagi Dia tinggikan beberapa derajat. Kami telah menganugerahkan kepada Isa putra Maryam bukti-bukti yang sangat jelas (mukjizat) dan Kami memperkuat dia dengan Ruhulkudus (Jibril). Seandainya Allah menghendaki, niscaya orang-orang setelah mereka tidak akan saling membunuh setelah bukti-bukti sampai kepada mereka. Akan tetapi, mereka berselisih sehingga ada di antara mereka yang beriman dan ada (pula) yang kufur. Andaikata Allah menghendaki, tidaklah mereka saling membunuh. Namun, Allah melakukan apa yang Dia kehendaki.	Allah	http://www.wikidata.org/entity/Q2095353	Allah
2	253	Para rasul itu Kami lebihkan sebagian mereka atas sebagian (yang lain). Di antara mereka ada yang Allah berbicara (langsung) dengannya dan sebagian lagi Dia tinggikan beberapa derajat. Kami telah menganugerahkan kepada Isa putra Maryam bukti-bukti yang sangat jelas (mukjizat) dan Kami memperkuat dia dengan Ruhulkudus (Jibril). Seandainya Allah menghendaki, niscaya orang-orang setelah mereka tidak akan saling membunuh setelah bukti-bukti sampai kepada mereka. Akan tetapi, mereka berselisih sehingga ada di antara mereka yang beriman dan ada (pula) yang kufur. Andaikata Allah menghendaki, tidaklah mereka saling membunuh. Namun, Allah melakukan apa yang Dia kehendaki.	Allah	http://www.wikidata.org/entity/Q2095353	Allah
2	254	Wahai orang-orang yang beriman, infakkanlah sebagian dari rezeki yang telah Kami anugerahkan kepadamu sebelum datang hari (Kiamat) yang tidak ada (lagi) jual beli padanya (hari itu), tidak ada juga persahabatan yang akrab, dan tidak ada pula syafaat. Orang-orang kafir itulah orang-orang zalim.	Kiamat	http://www.wikidata.org/entity/Q12200906	Event
2	255	Allah, tidak ada tuhan selain Dia, Yang Maha Hidup lagi terus-menerus mengurus (makhluk-Nya). Dia tidak dilanda oleh kantuk dan tidak (pula) oleh tidur. Milik-Nyalah apa yang ada di langit dan apa yang ada di bumi. Tidak ada yang dapat memberi syafaat di sisi-Nya tanpa izin-Nya. Dia mengetahui apa yang ada di hadapan mereka dan apa yang ada di belakang mereka. Mereka tidak mengetahui sesuatu apa pun dari ilmu-Nya, kecuali apa yang Dia kehendaki. Kursi-Nya (ilmu dan kekuasaan-Nya) meliputi langit dan bumi. Dia tidak merasa berat memelihara keduanya. Dialah yang Maha Tinggi lagi Maha Agung.	Allah	http://www.wikidata.org/entity/Q2095353	Allah
2	255	Allah, tidak ada tuhan selain Dia, Yang Maha Hidup lagi terus-menerus mengurus (makhluk-Nya). Dia tidak dilanda oleh kantuk dan tidak (pula) oleh tidur. Milik-Nyalah apa yang ada di langit dan apa yang ada di bumi. Tidak ada yang dapat memberi syafaat di sisi-Nya tanpa izin-Nya. Dia mengetahui apa yang ada di hadapan mereka dan apa yang ada di belakang mereka. Mereka tidak mengetahui sesuatu apa pun dari ilmu-Nya, kecuali apa yang Dia kehendaki. Kursi-Nya (ilmu dan kekuasaan-Nya) meliputi langit dan bumi. Dia tidak merasa berat memelihara keduanya. Dialah yang Maha Tinggi lagi Maha Agung.	Yang Maha Hidup	http://www.wikidata.org/entity/Q2095353	Allah
2	255	Allah, tidak ada tuhan selain Dia, Yang Maha Hidup lagi terus-menerus mengurus (makhluk-Nya). Dia tidak dilanda oleh kantuk dan tidak (pula) oleh tidur. Milik-Nyalah apa yang ada di langit dan apa yang ada di bumi. Tidak ada yang dapat memberi syafaat di sisi-Nya tanpa izin-Nya. Dia mengetahui apa yang ada di hadapan mereka dan apa yang ada di belakang mereka. Mereka tidak mengetahui sesuatu apa pun dari ilmu-Nya, kecuali apa yang Dia kehendaki. Kursi-Nya (ilmu dan kekuasaan-Nya) meliputi langit dan bumi. Dia tidak merasa berat memelihara keduanya. Dialah yang Maha Tinggi lagi Maha Agung.	langit	http://www.wikidata.org/entity/Q527	AstronomicalBody
2	255	Allah, tidak ada tuhan selain Dia, Yang Maha Hidup lagi terus-menerus mengurus (makhluk-Nya). Dia tidak dilanda oleh kantuk dan tidak (pula) oleh tidur. Milik-Nyalah apa yang ada di langit dan apa yang ada di bumi. Tidak ada yang dapat memberi syafaat di sisi-Nya tanpa izin-Nya. Dia mengetahui apa yang ada di hadapan mereka dan apa yang ada di belakang mereka. Mereka tidak mengetahui sesuatu apa pun dari ilmu-Nya, kecuali apa yang Dia kehendaki. Kursi-Nya (ilmu dan kekuasaan-Nya) meliputi langit dan bumi. Dia tidak merasa berat memelihara keduanya. Dialah yang Maha Tinggi lagi Maha Agung.	bumi	http://www.wikidata.org/entity/Q2	AstronomicalBody
2	255	Allah, tidak ada tuhan selain Dia, Yang Maha Hidup lagi terus-menerus mengurus (makhluk-Nya). Dia tidak dilanda oleh kantuk dan tidak (pula) oleh tidur. Milik-Nyalah apa yang ada di langit dan apa yang ada di bumi. Tidak ada yang dapat memberi syafaat di sisi-Nya tanpa izin-Nya. Dia mengetahui apa yang ada di hadapan mereka dan apa yang ada di belakang mereka. Mereka tidak mengetahui sesuatu apa pun dari ilmu-Nya, kecuali apa yang Dia kehendaki. Kursi-Nya (ilmu dan kekuasaan-Nya) meliputi langit dan bumi. Dia tidak merasa berat memelihara keduanya. Dialah yang Maha Tinggi lagi Maha Agung.	langit	http://www.wikidata.org/entity/Q527	AstronomicalBody
2	255	Allah, tidak ada tuhan selain Dia, Yang Maha Hidup lagi terus-menerus mengurus (makhluk-Nya). Dia tidak dilanda oleh kantuk dan tidak (pula) oleh tidur. Milik-Nyalah apa yang ada di langit dan apa yang ada di bumi. Tidak ada yang dapat memberi syafaat di sisi-Nya tanpa izin-Nya. Dia mengetahui apa yang ada di hadapan mereka dan apa yang ada di belakang mereka. Mereka tidak mengetahui sesuatu apa pun dari ilmu-Nya, kecuali apa yang Dia kehendaki. Kursi-Nya (ilmu dan kekuasaan-Nya) meliputi langit dan bumi. Dia tidak merasa berat memelihara keduanya. Dialah yang Maha Tinggi lagi Maha Agung.	bumi	http://www.wikidata.org/entity/Q2	AstronomicalBody
2	256	Tidak ada paksaan dalam (menganut) agama (Islam). Sungguh, telah jelas jalan yang benar dari jalan yang sesat. Siapa yang ingkar kepada tagut dan beriman kepada Allah sungguh telah berpegang teguh pada tali yang sangat kuat yang tidak akan putus. Allah Maha Mendengar lagi Maha Mengetahui.	Islam	http://www.wikidata.org/entity/Q432	Religion
2	256	Tidak ada paksaan dalam (menganut) agama (Islam). Sungguh, telah jelas jalan yang benar dari jalan yang sesat. Siapa yang ingkar kepada tagut dan beriman kepada Allah sungguh telah berpegang teguh pada tali yang sangat kuat yang tidak akan putus. Allah Maha Mendengar lagi Maha Mengetahui.	Allah	http://www.wikidata.org/entity/Q2095353	Allah
2	256	Tidak ada paksaan dalam (menganut) agama (Islam). Sungguh, telah jelas jalan yang benar dari jalan yang sesat. Siapa yang ingkar kepada tagut dan beriman kepada Allah sungguh telah berpegang teguh pada tali yang sangat kuat yang tidak akan putus. Allah Maha Mendengar lagi Maha Mengetahui.	Allah	http://www.wikidata.org/entity/Q2095353	Allah
2	257	Allah adalah pelindung orang-orang yang beriman. Dia mengeluarkan mereka dari aneka kegelapan menuju cahaya (iman). Sedangkan orang-orang yang kufur, pelindung-pelindung mereka adalah tagut. Mereka (tagut) mengeluarkan mereka (orang-orang kafir itu) dari cahaya menuju aneka kegelapan. Mereka itulah para penghuni neraka. Mereka kekal di dalamnya.	Allah	http://www.wikidata.org/entity/Q2095353	Allah
2	258	Tidakkah kamu memperhatikan orang yang mendebat Ibrahim mengenai Tuhannya karena Allah telah menganugerahkan kepadanya (orang itu) kerajaan (kekuasaan), (yakni) ketika Ibrahim berkata, “Tuhankulah yang menghidupkan dan mematikan.” (Orang itu) berkata, “Aku (pun) dapat menghidupkan dan mematikan.” Ibrahim berkata, “Kalau begitu, sesungguhnya Allah menerbitkan matahari dari timur. Maka, terbitkanlah ia dari barat.” Akhirnya, bingunglah orang yang kufur itu. Allah tidak memberi petunjuk kepada kaum yang zalim.	Ibrahim	http://www.wikidata.org/entity/Q1768161	Messenger
2	258	Tidakkah kamu memperhatikan orang yang mendebat Ibrahim mengenai Tuhannya karena Allah telah menganugerahkan kepadanya (orang itu) kerajaan (kekuasaan), (yakni) ketika Ibrahim berkata, “Tuhankulah yang menghidupkan dan mematikan.” (Orang itu) berkata, “Aku (pun) dapat menghidupkan dan mematikan.” Ibrahim berkata, “Kalau begitu, sesungguhnya Allah menerbitkan matahari dari timur. Maka, terbitkanlah ia dari barat.” Akhirnya, bingunglah orang yang kufur itu. Allah tidak memberi petunjuk kepada kaum yang zalim.	Allah	http://www.wikidata.org/entity/Q2095353	Allah
2	258	Tidakkah kamu memperhatikan orang yang mendebat Ibrahim mengenai Tuhannya karena Allah telah menganugerahkan kepadanya (orang itu) kerajaan (kekuasaan), (yakni) ketika Ibrahim berkata, “Tuhankulah yang menghidupkan dan mematikan.” (Orang itu) berkata, “Aku (pun) dapat menghidupkan dan mematikan.” Ibrahim berkata, “Kalau begitu, sesungguhnya Allah menerbitkan matahari dari timur. Maka, terbitkanlah ia dari barat.” Akhirnya, bingunglah orang yang kufur itu. Allah tidak memberi petunjuk kepada kaum yang zalim.	Ibrahim	http://www.wikidata.org/entity/Q1768161	Messenger
2	258	Tidakkah kamu memperhatikan orang yang mendebat Ibrahim mengenai Tuhannya karena Allah telah menganugerahkan kepadanya (orang itu) kerajaan (kekuasaan), (yakni) ketika Ibrahim berkata, “Tuhankulah yang menghidupkan dan mematikan.” (Orang itu) berkata, “Aku (pun) dapat menghidupkan dan mematikan.” Ibrahim berkata, “Kalau begitu, sesungguhnya Allah menerbitkan matahari dari timur. Maka, terbitkanlah ia dari barat.” Akhirnya, bingunglah orang yang kufur itu. Allah tidak memberi petunjuk kepada kaum yang zalim.	yang menghidupkan dan mematikan	http://www.wikidata.org/entity/Q2095353	Allah
2	258	Tidakkah kamu memperhatikan orang yang mendebat Ibrahim mengenai Tuhannya karena Allah telah menganugerahkan kepadanya (orang itu) kerajaan (kekuasaan), (yakni) ketika Ibrahim berkata, “Tuhankulah yang menghidupkan dan mematikan.” (Orang itu) berkata, “Aku (pun) dapat menghidupkan dan mematikan.” Ibrahim berkata, “Kalau begitu, sesungguhnya Allah menerbitkan matahari dari timur. Maka, terbitkanlah ia dari barat.” Akhirnya, bingunglah orang yang kufur itu. Allah tidak memberi petunjuk kepada kaum yang zalim.	Ibrahim	http://www.wikidata.org/entity/Q1768161	Messenger
2	258	Tidakkah kamu memperhatikan orang yang mendebat Ibrahim mengenai Tuhannya karena Allah telah menganugerahkan kepadanya (orang itu) kerajaan (kekuasaan), (yakni) ketika Ibrahim berkata, “Tuhankulah yang menghidupkan dan mematikan.” (Orang itu) berkata, “Aku (pun) dapat menghidupkan dan mematikan.” Ibrahim berkata, “Kalau begitu, sesungguhnya Allah menerbitkan matahari dari timur. Maka, terbitkanlah ia dari barat.” Akhirnya, bingunglah orang yang kufur itu. Allah tidak memberi petunjuk kepada kaum yang zalim.	Allah	http://www.wikidata.org/entity/Q2095353	Allah
2	258	Tidakkah kamu memperhatikan orang yang mendebat Ibrahim mengenai Tuhannya karena Allah telah menganugerahkan kepadanya (orang itu) kerajaan (kekuasaan), (yakni) ketika Ibrahim berkata, “Tuhankulah yang menghidupkan dan mematikan.” (Orang itu) berkata, “Aku (pun) dapat menghidupkan dan mematikan.” Ibrahim berkata, “Kalau begitu, sesungguhnya Allah menerbitkan matahari dari timur. Maka, terbitkanlah ia dari barat.” Akhirnya, bingunglah orang yang kufur itu. Allah tidak memberi petunjuk kepada kaum yang zalim.	matahari	http://www.wikidata.org/entity/Q525	AstronomicalBody
2	258	Tidakkah kamu memperhatikan orang yang mendebat Ibrahim mengenai Tuhannya karena Allah telah menganugerahkan kepadanya (orang itu) kerajaan (kekuasaan), (yakni) ketika Ibrahim berkata, “Tuhankulah yang menghidupkan dan mematikan.” (Orang itu) berkata, “Aku (pun) dapat menghidupkan dan mematikan.” Ibrahim berkata, “Kalau begitu, sesungguhnya Allah menerbitkan matahari dari timur. Maka, terbitkanlah ia dari barat.” Akhirnya, bingunglah orang yang kufur itu. Allah tidak memberi petunjuk kepada kaum yang zalim.	Allah	http://www.wikidata.org/entity/Q2095353	Allah
2	259	Atau, seperti orang yang melewati suatu negeri yang (bangunan-bangunannya) telah roboh menutupi (reruntuhan) atap-atapnya. Dia berkata, “Bagaimana Allah menghidupkan kembali (negeri) ini setelah kehancurannya?” Lalu, Allah mematikannya selama seratus tahun, kemudian membangkitkannya (kembali). Dia (Allah) bertanya, “Berapa lama engkau tinggal (di sini)?” Dia menjawab, “Aku tinggal (di sini) sehari atau setengah hari.” Allah berfirman, “Sebenarnya engkau telah tinggal selama seratus tahun. Lihatlah makanan dan minumanmu yang belum berubah, (tetapi) lihatlah keledaimu (yang telah menjadi tulang-belulang) dan Kami akan menjadikanmu sebagai tanda (kekuasaan Kami) bagi manusia. Lihatlah tulang-belulang (keledai itu), bagaimana Kami menyusunnya kembali, kemudian Kami membalutnya dengan daging (sehingga hidup kembali).” Maka, ketika telah nyata baginya, dia pun berkata, “Aku mengetahui bahwa Allah Maha Kuasa atas segala sesuatu.”	Allah	http://www.wikidata.org/entity/Q2095353	Allah
2	259	Atau, seperti orang yang melewati suatu negeri yang (bangunan-bangunannya) telah roboh menutupi (reruntuhan) atap-atapnya. Dia berkata, “Bagaimana Allah menghidupkan kembali (negeri) ini setelah kehancurannya?” Lalu, Allah mematikannya selama seratus tahun, kemudian membangkitkannya (kembali). Dia (Allah) bertanya, “Berapa lama engkau tinggal (di sini)?” Dia menjawab, “Aku tinggal (di sini) sehari atau setengah hari.” Allah berfirman, “Sebenarnya engkau telah tinggal selama seratus tahun. Lihatlah makanan dan minumanmu yang belum berubah, (tetapi) lihatlah keledaimu (yang telah menjadi tulang-belulang) dan Kami akan menjadikanmu sebagai tanda (kekuasaan Kami) bagi manusia. Lihatlah tulang-belulang (keledai itu), bagaimana Kami menyusunnya kembali, kemudian Kami membalutnya dengan daging (sehingga hidup kembali).” Maka, ketika telah nyata baginya, dia pun berkata, “Aku mengetahui bahwa Allah Maha Kuasa atas segala sesuatu.”	Allah	http://www.wikidata.org/entity/Q2095353	Allah
2	259	Atau, seperti orang yang melewati suatu negeri yang (bangunan-bangunannya) telah roboh menutupi (reruntuhan) atap-atapnya. Dia berkata, “Bagaimana Allah menghidupkan kembali (negeri) ini setelah kehancurannya?” Lalu, Allah mematikannya selama seratus tahun, kemudian membangkitkannya (kembali). Dia (Allah) bertanya, “Berapa lama engkau tinggal (di sini)?” Dia menjawab, “Aku tinggal (di sini) sehari atau setengah hari.” Allah berfirman, “Sebenarnya engkau telah tinggal selama seratus tahun. Lihatlah makanan dan minumanmu yang belum berubah, (tetapi) lihatlah keledaimu (yang telah menjadi tulang-belulang) dan Kami akan menjadikanmu sebagai tanda (kekuasaan Kami) bagi manusia. Lihatlah tulang-belulang (keledai itu), bagaimana Kami menyusunnya kembali, kemudian Kami membalutnya dengan daging (sehingga hidup kembali).” Maka, ketika telah nyata baginya, dia pun berkata, “Aku mengetahui bahwa Allah Maha Kuasa atas segala sesuatu.”	Allah	http://www.wikidata.org/entity/Q2095353	Allah
2	259	Atau, seperti orang yang melewati suatu negeri yang (bangunan-bangunannya) telah roboh menutupi (reruntuhan) atap-atapnya. Dia berkata, “Bagaimana Allah menghidupkan kembali (negeri) ini setelah kehancurannya?” Lalu, Allah mematikannya selama seratus tahun, kemudian membangkitkannya (kembali). Dia (Allah) bertanya, “Berapa lama engkau tinggal (di sini)?” Dia menjawab, “Aku tinggal (di sini) sehari atau setengah hari.” Allah berfirman, “Sebenarnya engkau telah tinggal selama seratus tahun. Lihatlah makanan dan minumanmu yang belum berubah, (tetapi) lihatlah keledaimu (yang telah menjadi tulang-belulang) dan Kami akan menjadikanmu sebagai tanda (kekuasaan Kami) bagi manusia. Lihatlah tulang-belulang (keledai itu), bagaimana Kami menyusunnya kembali, kemudian Kami membalutnya dengan daging (sehingga hidup kembali).” Maka, ketika telah nyata baginya, dia pun berkata, “Aku mengetahui bahwa Allah Maha Kuasa atas segala sesuatu.”	Allah	http://www.wikidata.org/entity/Q2095353	Allah
2	259	Atau, seperti orang yang melewati suatu negeri yang (bangunan-bangunannya) telah roboh menutupi (reruntuhan) atap-atapnya. Dia berkata, “Bagaimana Allah menghidupkan kembali (negeri) ini setelah kehancurannya?” Lalu, Allah mematikannya selama seratus tahun, kemudian membangkitkannya (kembali). Dia (Allah) bertanya, “Berapa lama engkau tinggal (di sini)?” Dia menjawab, “Aku tinggal (di sini) sehari atau setengah hari.” Allah berfirman, “Sebenarnya engkau telah tinggal selama seratus tahun. Lihatlah makanan dan minumanmu yang belum berubah, (tetapi) lihatlah keledaimu (yang telah menjadi tulang-belulang) dan Kami akan menjadikanmu sebagai tanda (kekuasaan Kami) bagi manusia. Lihatlah tulang-belulang (keledai itu), bagaimana Kami menyusunnya kembali, kemudian Kami membalutnya dengan daging (sehingga hidup kembali).” Maka, ketika telah nyata baginya, dia pun berkata, “Aku mengetahui bahwa Allah Maha Kuasa atas segala sesuatu.”	Allah	http://www.wikidata.org/entity/Q2095353	Allah
2	261	Perumpamaan orang-orang yang menginfakkan hartanya di jalan Allah adalah seperti (orang-orang yang menabur) sebutir biji (benih) yang menumbuhkan tujuh tangkai, pada setiap tangkai ada seratus biji. Allah melipatgandakan (pahala) bagi siapa yang Dia kehendaki. Allah Maha Luas lagi Maha Mengetahui.	Allah	http://www.wikidata.org/entity/Q2095353	Allah
2	261	Perumpamaan orang-orang yang menginfakkan hartanya di jalan Allah adalah seperti (orang-orang yang menabur) sebutir biji (benih) yang menumbuhkan tujuh tangkai, pada setiap tangkai ada seratus biji. Allah melipatgandakan (pahala) bagi siapa yang Dia kehendaki. Allah Maha Luas lagi Maha Mengetahui.	Allah	http://www.wikidata.org/entity/Q2095353	Allah
2	261	Perumpamaan orang-orang yang menginfakkan hartanya di jalan Allah adalah seperti (orang-orang yang menabur) sebutir biji (benih) yang menumbuhkan tujuh tangkai, pada setiap tangkai ada seratus biji. Allah melipatgandakan (pahala) bagi siapa yang Dia kehendaki. Allah Maha Luas lagi Maha Mengetahui.	Allah	http://www.wikidata.org/entity/Q2095353	Allah
2	263	Perkataan yang baik dan pemberian maaf itu lebih baik daripada sedekah yang diiringi tindakan yang menyakiti. Allah Maha Kaya lagi Maha Penyantun.	Allah	http://www.wikidata.org/entity/Q2095353	Allah
2	264	Wahai orang-orang yang beriman, jangan membatalkan (pahala) sedekahmu dengan menyebut-nyebutnya dan menyakiti (perasaan penerima), seperti orang yang menginfakkan hartanya karena riya (pamer) kepada manusia, sedangkan dia tidak beriman kepada Allah dan hari Akhir. Perumpamaannya (orang itu) seperti batu licin yang di atasnya ada debu, lalu batu itu diguyur hujan lebat sehingga tinggallah (batu) itu licin kembali. Mereka tidak menguasai sesuatu pun dari apa yang mereka usahakan. Allah tidak memberi petunjuk kepada kaum kafir.	Allah	http://www.wikidata.org/entity/Q2095353	Allah
2	264	Wahai orang-orang yang beriman, jangan membatalkan (pahala) sedekahmu dengan menyebut-nyebutnya dan menyakiti (perasaan penerima), seperti orang yang menginfakkan hartanya karena riya (pamer) kepada manusia, sedangkan dia tidak beriman kepada Allah dan hari Akhir. Perumpamaannya (orang itu) seperti batu licin yang di atasnya ada debu, lalu batu itu diguyur hujan lebat sehingga tinggallah (batu) itu licin kembali. Mereka tidak menguasai sesuatu pun dari apa yang mereka usahakan. Allah tidak memberi petunjuk kepada kaum kafir.	hari Akhir	http://www.wikidata.org/entity/Q12200906	Event
2	264	Wahai orang-orang yang beriman, jangan membatalkan (pahala) sedekahmu dengan menyebut-nyebutnya dan menyakiti (perasaan penerima), seperti orang yang menginfakkan hartanya karena riya (pamer) kepada manusia, sedangkan dia tidak beriman kepada Allah dan hari Akhir. Perumpamaannya (orang itu) seperti batu licin yang di atasnya ada debu, lalu batu itu diguyur hujan lebat sehingga tinggallah (batu) itu licin kembali. Mereka tidak menguasai sesuatu pun dari apa yang mereka usahakan. Allah tidak memberi petunjuk kepada kaum kafir.	Allah	http://www.wikidata.org/entity/Q2095353	Allah
2	265	Perumpamaan orang-orang yang menginfakkan harta mereka untuk mencari rida Allah dan memperteguh jiwa mereka adalah seperti sebuah kebun di dataran tinggi yang disiram oleh hujan lebat, lalu ia (kebun itu) menghasilkan buah-buahan dua kali lipat. Jika hujan lebat tidak menyiraminya, hujan gerimis (pun memadai). Allah Maha Melihat apa yang kamu kerjakan.	Allah	http://www.wikidata.org/entity/Q2095353	Allah
2	265	Perumpamaan orang-orang yang menginfakkan harta mereka untuk mencari rida Allah dan memperteguh jiwa mereka adalah seperti sebuah kebun di dataran tinggi yang disiram oleh hujan lebat, lalu ia (kebun itu) menghasilkan buah-buahan dua kali lipat. Jika hujan lebat tidak menyiraminya, hujan gerimis (pun memadai). Allah Maha Melihat apa yang kamu kerjakan.	Allah	http://www.wikidata.org/entity/Q2095353	Allah
2	266	Apakah salah seorang di antara kamu ingin memiliki kebun kurma dan anggur yang mengalir di bawahnya sungai-sungai, di sana dia memiliki segala macam buah-buahan. Kemudian, datanglah masa tua, sedangkan dia memiliki keturunan yang masih kecil-kecil. Lalu, kebun itu ditiup angin kencang yang mengandung api sehingga terbakar. Demikianlah Allah menerangkan ayat-ayat-Nya kepadamu agar kamu memikirkan(-nya).	Allah	http://www.wikidata.org/entity/Q2095353	Allah
2	267	Wahai orang-orang yang beriman, infakkanlah sebagian dari hasil usahamu yang baik-baik dan sebagian dari apa yang Kami keluarkan dari bumi untukmu. Janganlah kamu memilih yang buruk untuk kamu infakkan, padahal kamu tidak mau mengambilnya, kecuali dengan memicingkan mata (enggan) terhadapnya. Ketahuilah bahwa Allah Maha Kaya lagi Maha Terpuji.	bumi	http://www.wikidata.org/entity/Q2	AstronomicalBody
2	267	Wahai orang-orang yang beriman, infakkanlah sebagian dari hasil usahamu yang baik-baik dan sebagian dari apa yang Kami keluarkan dari bumi untukmu. Janganlah kamu memilih yang buruk untuk kamu infakkan, padahal kamu tidak mau mengambilnya, kecuali dengan memicingkan mata (enggan) terhadapnya. Ketahuilah bahwa Allah Maha Kaya lagi Maha Terpuji.	Allah	http://www.wikidata.org/entity/Q2095353	Allah
2	268	Setan menjanjikan (menakut-nakuti) kamu kemiskinan dan menyuruh kamu berbuat keji (kikir), sedangkan Allah menjanjikan kamu ampunan dan karunia-Nya. Allah Maha Luas lagi Maha Mengetahui.	Allah	http://www.wikidata.org/entity/Q2095353	Allah
2	268	Setan menjanjikan (menakut-nakuti) kamu kemiskinan dan menyuruh kamu berbuat keji (kikir), sedangkan Allah menjanjikan kamu ampunan dan karunia-Nya. Allah Maha Luas lagi Maha Mengetahui.	Allah	http://www.wikidata.org/entity/Q2095353	Allah
2	269	Dia (Allah) menganugerahkan hikmah kepada siapa yang Dia kehendaki. Siapa yang dianugerahi hikmah, sungguh dia telah dianugerahi kebaikan yang banyak. Tidak ada yang dapat mengambil pelajaran (darinya), kecuali ululalbab.	Allah	http://www.wikidata.org/entity/Q2095353	Allah
2	270	Infak apa pun yang kamu berikan atau nazar apa pun yang kamu janjikan sesungguhnya Allah mengetahuinya. Bagi orang-orang zalim tidak ada satu pun penolong (dari azab Allah).	Allah	http://www.wikidata.org/entity/Q2095353	Allah
2	270	Infak apa pun yang kamu berikan atau nazar apa pun yang kamu janjikan sesungguhnya Allah mengetahuinya. Bagi orang-orang zalim tidak ada satu pun penolong (dari azab Allah).	Allah	http://www.wikidata.org/entity/Q2095353	Allah
2	271	Jika kamu menampakkan sedekahmu, itu baik. (Akan tetapi,) jika kamu menyembunyikannya dan memberikannya kepada orang-orang fakir, itu lebih baik bagimu. Allah akan menghapus sebagian kesalahanmu. Allah Maha Teliti terhadap apa yang kamu kerjakan.	Allah	http://www.wikidata.org/entity/Q2095353	Allah
2	271	Jika kamu menampakkan sedekahmu, itu baik. (Akan tetapi,) jika kamu menyembunyikannya dan memberikannya kepada orang-orang fakir, itu lebih baik bagimu. Allah akan menghapus sebagian kesalahanmu. Allah Maha Teliti terhadap apa yang kamu kerjakan.	Allah	http://www.wikidata.org/entity/Q2095353	Allah
2	274	Orang-orang yang menginfakkan hartanya pada malam dan siang hari, baik secara rahasia maupun terang-terangan, mereka mendapat pahala di sisi Tuhannya. Tidak ada rasa takut pada mereka dan tidak (pula) mereka bersedih.			
2	275	Orang-orang yang memakan (bertransaksi dengan) riba tidak dapat berdiri, kecuali seperti orang yang berdiri sempoyongan karena kesurupan setan. Demikian itu terjadi karena mereka berkata bahwa jual beli itu sama dengan riba. Padahal, Allah telah menghalalkan jual beli dan mengharamkan riba. Siapa pun yang telah sampai kepadanya peringatan dari Tuhannya (menyangkut riba), lalu dia berhenti sehingga apa yang telah diperolehnya dahulu menjadi miliknya dan urusannya (terserah) kepada Allah. Siapa yang mengulangi (transaksi riba), mereka itulah penghuni neraka. Mereka kekal di dalamnya.	Allah	http://www.wikidata.org/entity/Q2095353	Allah
2	275	Orang-orang yang memakan (bertransaksi dengan) riba tidak dapat berdiri, kecuali seperti orang yang berdiri sempoyongan karena kesurupan setan. Demikian itu terjadi karena mereka berkata bahwa jual beli itu sama dengan riba. Padahal, Allah telah menghalalkan jual beli dan mengharamkan riba. Siapa pun yang telah sampai kepadanya peringatan dari Tuhannya (menyangkut riba), lalu dia berhenti sehingga apa yang telah diperolehnya dahulu menjadi miliknya dan urusannya (terserah) kepada Allah. Siapa yang mengulangi (transaksi riba), mereka itulah penghuni neraka. Mereka kekal di dalamnya.	Allah	http://www.wikidata.org/entity/Q2095353	Allah
2	276	Allah menghilangkan (keberkahan dari) riba dan menyuburkan sedekah. Allah tidak menyukai setiap orang yang sangat kufur lagi bergelimang dosa.	Allah	http://www.wikidata.org/entity/Q2095353	Allah
2	276	Allah menghilangkan (keberkahan dari) riba dan menyuburkan sedekah. Allah tidak menyukai setiap orang yang sangat kufur lagi bergelimang dosa.	Allah	http://www.wikidata.org/entity/Q2095353	Allah
2	277	Sesungguhnya orang-orang yang beriman, beramal saleh, menegakkan salat, dan menunaikan zakat, mereka mendapat pahala di sisi Tuhannya. Tidak ada rasa takut pada mereka dan tidak (pula) mereka bersedih.			
2	280	Jika dia (orang yang berutang itu) dalam kesulitan, berilah tenggang waktu sampai dia memperoleh kelapangan. Kamu bersedekah (membebaskan utang) itu lebih baik bagimu apabila kamu mengetahui(-nya).			
2	281	Waspadalah terhadap suatu hari (kiamat) yang padanya kamu semua dikembalikan kepada Allah. Kemudian, setiap orang diberi balasan yang sempurna sesuai dengan apa yang telah dilakukannya dan mereka tidak dizalimi.	kiamat	http://www.wikidata.org/entity/Q12200906	Event
2	281	Waspadalah terhadap suatu hari (kiamat) yang padanya kamu semua dikembalikan kepada Allah. Kemudian, setiap orang diberi balasan yang sempurna sesuai dengan apa yang telah dilakukannya dan mereka tidak dizalimi.	Allah	http://www.wikidata.org/entity/Q2095353	Allah
2	282	Wahai orang-orang yang beriman, apabila kamu berutang piutang untuk waktu yang ditentukan, hendaklah kamu mencatatnya. Hendaklah seorang pencatat di antara kamu menuliskannya dengan benar. Janganlah pencatat menolak untuk menuliskannya sebagaimana Allah telah mengajar-kan kepadanya. Hendaklah dia mencatat(-nya) dan orang yang berutang itu mendiktekan(-nya). Hendaklah dia bertakwa kepada Allah, Tuhannya, dan janganlah dia menguranginya sedikit pun. Jika yang berutang itu orang yang kurang akalnya, lemah (keadaannya), atau tidak mampu mendiktekan sendiri, hendaklah walinya mendiktekannya dengan benar. Mintalah kesaksian dua orang saksi laki-laki di antara kamu. Jika tidak ada (saksi) dua orang laki-laki, (boleh) seorang laki-laki dan dua orang perempuan di antara orang-orang yang kamu sukai dari para saksi (yang ada) sehingga jika salah seorang (saksi perempuan) lupa, yang lain mengingatkannya. Janganlah saksi-saksi itu menolak apabila dipanggil. Janganlah kamu bosan mencatatnya sampai batas waktunya, baik (utang itu) kecil maupun besar. Yang demikian itu lebih adil di sisi Allah, lebih dapat menguatkan kesaksian, dan lebih mendekatkan kamu pada ketidakraguan, kecuali jika hal itu merupakan perniagaan tunai yang kamu jalankan di antara kamu. Maka, tidak ada dosa bagi kamu jika kamu tidak mencatatnya. Ambillah saksi apabila kamu berjual beli dan janganlah pencatat mempersulit (atau dipersulit), begitu juga saksi. Jika kamu melakukan (yang demikian), sesungguhnya hal itu suatu kefasikan padamu. Bertakwalah kepada Allah, Allah memberikan pengajaran kepadamu dan Allah Maha Mengetahui segala sesuatu.	Allah	http://www.wikidata.org/entity/Q2095353	Allah
2	282	Wahai orang-orang yang beriman, apabila kamu berutang piutang untuk waktu yang ditentukan, hendaklah kamu mencatatnya. Hendaklah seorang pencatat di antara kamu menuliskannya dengan benar. Janganlah pencatat menolak untuk menuliskannya sebagaimana Allah telah mengajar-kan kepadanya. Hendaklah dia mencatat(-nya) dan orang yang berutang itu mendiktekan(-nya). Hendaklah dia bertakwa kepada Allah, Tuhannya, dan janganlah dia menguranginya sedikit pun. Jika yang berutang itu orang yang kurang akalnya, lemah (keadaannya), atau tidak mampu mendiktekan sendiri, hendaklah walinya mendiktekannya dengan benar. Mintalah kesaksian dua orang saksi laki-laki di antara kamu. Jika tidak ada (saksi) dua orang laki-laki, (boleh) seorang laki-laki dan dua orang perempuan di antara orang-orang yang kamu sukai dari para saksi (yang ada) sehingga jika salah seorang (saksi perempuan) lupa, yang lain mengingatkannya. Janganlah saksi-saksi itu menolak apabila dipanggil. Janganlah kamu bosan mencatatnya sampai batas waktunya, baik (utang itu) kecil maupun besar. Yang demikian itu lebih adil di sisi Allah, lebih dapat menguatkan kesaksian, dan lebih mendekatkan kamu pada ketidakraguan, kecuali jika hal itu merupakan perniagaan tunai yang kamu jalankan di antara kamu. Maka, tidak ada dosa bagi kamu jika kamu tidak mencatatnya. Ambillah saksi apabila kamu berjual beli dan janganlah pencatat mempersulit (atau dipersulit), begitu juga saksi. Jika kamu melakukan (yang demikian), sesungguhnya hal itu suatu kefasikan padamu. Bertakwalah kepada Allah, Allah memberikan pengajaran kepadamu dan Allah Maha Mengetahui segala sesuatu.	Allah	http://www.wikidata.org/entity/Q2095353	Allah
2	282	Wahai orang-orang yang beriman, apabila kamu berutang piutang untuk waktu yang ditentukan, hendaklah kamu mencatatnya. Hendaklah seorang pencatat di antara kamu menuliskannya dengan benar. Janganlah pencatat menolak untuk menuliskannya sebagaimana Allah telah mengajar-kan kepadanya. Hendaklah dia mencatat(-nya) dan orang yang berutang itu mendiktekan(-nya). Hendaklah dia bertakwa kepada Allah, Tuhannya, dan janganlah dia menguranginya sedikit pun. Jika yang berutang itu orang yang kurang akalnya, lemah (keadaannya), atau tidak mampu mendiktekan sendiri, hendaklah walinya mendiktekannya dengan benar. Mintalah kesaksian dua orang saksi laki-laki di antara kamu. Jika tidak ada (saksi) dua orang laki-laki, (boleh) seorang laki-laki dan dua orang perempuan di antara orang-orang yang kamu sukai dari para saksi (yang ada) sehingga jika salah seorang (saksi perempuan) lupa, yang lain mengingatkannya. Janganlah saksi-saksi itu menolak apabila dipanggil. Janganlah kamu bosan mencatatnya sampai batas waktunya, baik (utang itu) kecil maupun besar. Yang demikian itu lebih adil di sisi Allah, lebih dapat menguatkan kesaksian, dan lebih mendekatkan kamu pada ketidakraguan, kecuali jika hal itu merupakan perniagaan tunai yang kamu jalankan di antara kamu. Maka, tidak ada dosa bagi kamu jika kamu tidak mencatatnya. Ambillah saksi apabila kamu berjual beli dan janganlah pencatat mempersulit (atau dipersulit), begitu juga saksi. Jika kamu melakukan (yang demikian), sesungguhnya hal itu suatu kefasikan padamu. Bertakwalah kepada Allah, Allah memberikan pengajaran kepadamu dan Allah Maha Mengetahui segala sesuatu.	Allah	http://www.wikidata.org/entity/Q2095353	Allah
2	282	Wahai orang-orang yang beriman, apabila kamu berutang piutang untuk waktu yang ditentukan, hendaklah kamu mencatatnya. Hendaklah seorang pencatat di antara kamu menuliskannya dengan benar. Janganlah pencatat menolak untuk menuliskannya sebagaimana Allah telah mengajar-kan kepadanya. Hendaklah dia mencatat(-nya) dan orang yang berutang itu mendiktekan(-nya). Hendaklah dia bertakwa kepada Allah, Tuhannya, dan janganlah dia menguranginya sedikit pun. Jika yang berutang itu orang yang kurang akalnya, lemah (keadaannya), atau tidak mampu mendiktekan sendiri, hendaklah walinya mendiktekannya dengan benar. Mintalah kesaksian dua orang saksi laki-laki di antara kamu. Jika tidak ada (saksi) dua orang laki-laki, (boleh) seorang laki-laki dan dua orang perempuan di antara orang-orang yang kamu sukai dari para saksi (yang ada) sehingga jika salah seorang (saksi perempuan) lupa, yang lain mengingatkannya. Janganlah saksi-saksi itu menolak apabila dipanggil. Janganlah kamu bosan mencatatnya sampai batas waktunya, baik (utang itu) kecil maupun besar. Yang demikian itu lebih adil di sisi Allah, lebih dapat menguatkan kesaksian, dan lebih mendekatkan kamu pada ketidakraguan, kecuali jika hal itu merupakan perniagaan tunai yang kamu jalankan di antara kamu. Maka, tidak ada dosa bagi kamu jika kamu tidak mencatatnya. Ambillah saksi apabila kamu berjual beli dan janganlah pencatat mempersulit (atau dipersulit), begitu juga saksi. Jika kamu melakukan (yang demikian), sesungguhnya hal itu suatu kefasikan padamu. Bertakwalah kepada Allah, Allah memberikan pengajaran kepadamu dan Allah Maha Mengetahui segala sesuatu.	Allah	http://www.wikidata.org/entity/Q2095353	Allah
2	282	Wahai orang-orang yang beriman, apabila kamu berutang piutang untuk waktu yang ditentukan, hendaklah kamu mencatatnya. Hendaklah seorang pencatat di antara kamu menuliskannya dengan benar. Janganlah pencatat menolak untuk menuliskannya sebagaimana Allah telah mengajar-kan kepadanya. Hendaklah dia mencatat(-nya) dan orang yang berutang itu mendiktekan(-nya). Hendaklah dia bertakwa kepada Allah, Tuhannya, dan janganlah dia menguranginya sedikit pun. Jika yang berutang itu orang yang kurang akalnya, lemah (keadaannya), atau tidak mampu mendiktekan sendiri, hendaklah walinya mendiktekannya dengan benar. Mintalah kesaksian dua orang saksi laki-laki di antara kamu. Jika tidak ada (saksi) dua orang laki-laki, (boleh) seorang laki-laki dan dua orang perempuan di antara orang-orang yang kamu sukai dari para saksi (yang ada) sehingga jika salah seorang (saksi perempuan) lupa, yang lain mengingatkannya. Janganlah saksi-saksi itu menolak apabila dipanggil. Janganlah kamu bosan mencatatnya sampai batas waktunya, baik (utang itu) kecil maupun besar. Yang demikian itu lebih adil di sisi Allah, lebih dapat menguatkan kesaksian, dan lebih mendekatkan kamu pada ketidakraguan, kecuali jika hal itu merupakan perniagaan tunai yang kamu jalankan di antara kamu. Maka, tidak ada dosa bagi kamu jika kamu tidak mencatatnya. Ambillah saksi apabila kamu berjual beli dan janganlah pencatat mempersulit (atau dipersulit), begitu juga saksi. Jika kamu melakukan (yang demikian), sesungguhnya hal itu suatu kefasikan padamu. Bertakwalah kepada Allah, Allah memberikan pengajaran kepadamu dan Allah Maha Mengetahui segala sesuatu.	Allah	http://www.wikidata.org/entity/Q2095353	Allah
2	282	Wahai orang-orang yang beriman, apabila kamu berutang piutang untuk waktu yang ditentukan, hendaklah kamu mencatatnya. Hendaklah seorang pencatat di antara kamu menuliskannya dengan benar. Janganlah pencatat menolak untuk menuliskannya sebagaimana Allah telah mengajar-kan kepadanya. Hendaklah dia mencatat(-nya) dan orang yang berutang itu mendiktekan(-nya). Hendaklah dia bertakwa kepada Allah, Tuhannya, dan janganlah dia menguranginya sedikit pun. Jika yang berutang itu orang yang kurang akalnya, lemah (keadaannya), atau tidak mampu mendiktekan sendiri, hendaklah walinya mendiktekannya dengan benar. Mintalah kesaksian dua orang saksi laki-laki di antara kamu. Jika tidak ada (saksi) dua orang laki-laki, (boleh) seorang laki-laki dan dua orang perempuan di antara orang-orang yang kamu sukai dari para saksi (yang ada) sehingga jika salah seorang (saksi perempuan) lupa, yang lain mengingatkannya. Janganlah saksi-saksi itu menolak apabila dipanggil. Janganlah kamu bosan mencatatnya sampai batas waktunya, baik (utang itu) kecil maupun besar. Yang demikian itu lebih adil di sisi Allah, lebih dapat menguatkan kesaksian, dan lebih mendekatkan kamu pada ketidakraguan, kecuali jika hal itu merupakan perniagaan tunai yang kamu jalankan di antara kamu. Maka, tidak ada dosa bagi kamu jika kamu tidak mencatatnya. Ambillah saksi apabila kamu berjual beli dan janganlah pencatat mempersulit (atau dipersulit), begitu juga saksi. Jika kamu melakukan (yang demikian), sesungguhnya hal itu suatu kefasikan padamu. Bertakwalah kepada Allah, Allah memberikan pengajaran kepadamu dan Allah Maha Mengetahui segala sesuatu.	Allah	http://www.wikidata.org/entity/Q2095353	Allah
2	283	Jika kamu dalam perjalanan, sedangkan kamu tidak mendapatkan seorang pencatat, hendaklah ada barang jaminan yang dipegang. Akan tetapi, jika sebagian kamu memercayai sebagian yang lain, hendaklah yang dipercayai itu menunaikan amanatnya (utangnya) dan hendaklah dia bertakwa kepada Allah, Tuhannya. Janganlah kamu menyembunyikan kesaksian karena siapa yang menyembunyikannya, sesungguhnya hatinya berdosa. Allah Maha Mengetahui apa yang kamu kerjakan.	Allah	http://www.wikidata.org/entity/Q2095353	Allah
2	283	Jika kamu dalam perjalanan, sedangkan kamu tidak mendapatkan seorang pencatat, hendaklah ada barang jaminan yang dipegang. Akan tetapi, jika sebagian kamu memercayai sebagian yang lain, hendaklah yang dipercayai itu menunaikan amanatnya (utangnya) dan hendaklah dia bertakwa kepada Allah, Tuhannya. Janganlah kamu menyembunyikan kesaksian karena siapa yang menyembunyikannya, sesungguhnya hatinya berdosa. Allah Maha Mengetahui apa yang kamu kerjakan.	Allah	http://www.wikidata.org/entity/Q2095353	Allah
2	284	Milik Allahlah apa yang ada di langit dan apa yang ada di bumi. Jika kamu menyatakan apa yang ada di dalam hatimu atau kamu menyembunyikannya, niscaya Allah memperhitungkannya bagimu. Dia mengampuni siapa saja yang Dia kehendaki dan mengazab siapa pun yang Dia kehendaki. Allah Maha Kuasa atas segala sesuatu.	langit	http://www.wikidata.org/entity/Q527	AstronomicalBody
2	284	Milik Allahlah apa yang ada di langit dan apa yang ada di bumi. Jika kamu menyatakan apa yang ada di dalam hatimu atau kamu menyembunyikannya, niscaya Allah memperhitungkannya bagimu. Dia mengampuni siapa saja yang Dia kehendaki dan mengazab siapa pun yang Dia kehendaki. Allah Maha Kuasa atas segala sesuatu.	bumi	http://www.wikidata.org/entity/Q2	AstronomicalBody
2	284	Milik Allahlah apa yang ada di langit dan apa yang ada di bumi. Jika kamu menyatakan apa yang ada di dalam hatimu atau kamu menyembunyikannya, niscaya Allah memperhitungkannya bagimu. Dia mengampuni siapa saja yang Dia kehendaki dan mengazab siapa pun yang Dia kehendaki. Allah Maha Kuasa atas segala sesuatu.	Allah	http://www.wikidata.org/entity/Q2095353	Allah
2	284	Milik Allahlah apa yang ada di langit dan apa yang ada di bumi. Jika kamu menyatakan apa yang ada di dalam hatimu atau kamu menyembunyikannya, niscaya Allah memperhitungkannya bagimu. Dia mengampuni siapa saja yang Dia kehendaki dan mengazab siapa pun yang Dia kehendaki. Allah Maha Kuasa atas segala sesuatu.	Allah	http://www.wikidata.org/entity/Q2095353	Allah
2	285	Rasul (Muhammad) beriman pada apa (Al-Qur’an) yang diturunkan kepadanya dari Tuhannya, demikian pula orang-orang mukmin. Masing-masing beriman kepada Allah, malaikat-malaikat-Nya, kitab kitab-Nya, dan rasul-rasul-Nya. (Mereka berkata,) “Kami tidak membeda-bedakan seorang pun dari rasul-rasul-Nya.” Mereka juga berkata, “Kami dengar dan kami taat. Ampunilah kami, wahai Tuhan kami. Hanya kepada-Mu tempat (kami) kembali.”	Muhammad	http://www.wikidata.org/entity/Q9458	Messenger
2	285	Rasul (Muhammad) beriman pada apa (Al-Qur’an) yang diturunkan kepadanya dari Tuhannya, demikian pula orang-orang mukmin. Masing-masing beriman kepada Allah, malaikat-malaikat-Nya, kitab kitab-Nya, dan rasul-rasul-Nya. (Mereka berkata,) “Kami tidak membeda-bedakan seorang pun dari rasul-rasul-Nya.” Mereka juga berkata, “Kami dengar dan kami taat. Ampunilah kami, wahai Tuhan kami. Hanya kepada-Mu tempat (kami) kembali.”	Al-Qur’an	http://www.wikidata.org/entity/Q428	HolyBook
2	285	Rasul (Muhammad) beriman pada apa (Al-Qur’an) yang diturunkan kepadanya dari Tuhannya, demikian pula orang-orang mukmin. Masing-masing beriman kepada Allah, malaikat-malaikat-Nya, kitab kitab-Nya, dan rasul-rasul-Nya. (Mereka berkata,) “Kami tidak membeda-bedakan seorang pun dari rasul-rasul-Nya.” Mereka juga berkata, “Kami dengar dan kami taat. Ampunilah kami, wahai Tuhan kami. Hanya kepada-Mu tempat (kami) kembali.”	Allah	http://www.wikidata.org/entity/Q2095353	Allah
2	286	Allah tidak membebani seseorang, kecuali menurut kesanggupannya. Baginya ada sesuatu (pahala) dari (kebajikan) yang diusahakannya dan terhadapnya ada (pula) sesuatu (siksa) atas (kejahatan) yang diperbuatnya. (Mereka berdoa,) “Wahai Tuhan kami, janganlah Engkau hukum kami jika kami lupa atau kami salah. Wahai Tuhan kami, janganlah Engkau bebani kami dengan beban yang berat sebagaimana Engkau bebankan kepada orang-orang sebelum kami. Wahai Tuhan kami, janganlah Engkau pikulkan kepada kami apa yang tidak sanggup kami memikulnya. Maafkanlah kami, ampunilah kami, dan rahmatilah kami. Engkaulah pelindung kami. Maka, tolonglah kami dalam menghadapi kaum kafir.”	Allah	http://www.wikidata.org/entity/Q2095353	Allah
3	1	Alif Lām Mīm.			
3	2	Allah, tidak ada tuhan selain Dia, Yang Maha Hidup lagi Maha Mengurus (makhluk-Nya) secara terus-menerus.	Allah	http://www.wikidata.org/entity/Q2095353	Allah
3	2	Allah, tidak ada tuhan selain Dia, Yang Maha Hidup lagi Maha Mengurus (makhluk-Nya) secara terus-menerus.	Yang Maha Hidup lagi Maha Mengurus	http://www.wikidata.org/entity/Q2095353	Allah
3	3	Dia menurunkan kepadamu (Nabi Muhammad) Kitab (Al-Qur’an) dengan hak, membenarkan (kitab-kitab) sebelumnya, serta telah menurunkan Taurat dan Injil	Muhammad	http://www.wikidata.org/entity/Q9458	Messenger
3	3	Dia menurunkan kepadamu (Nabi Muhammad) Kitab (Al-Qur’an) dengan hak, membenarkan (kitab-kitab) sebelumnya, serta telah menurunkan Taurat dan Injil	Al-Qur’an	http://www.wikidata.org/entity/Q428	HolyBook
3	3	Dia menurunkan kepadamu (Nabi Muhammad) Kitab (Al-Qur’an) dengan hak, membenarkan (kitab-kitab) sebelumnya, serta telah menurunkan Taurat dan Injil	Taurat	http://www.wikidata.org/entity/Q2383104	HolyBook
3	3	Dia menurunkan kepadamu (Nabi Muhammad) Kitab (Al-Qur’an) dengan hak, membenarkan (kitab-kitab) sebelumnya, serta telah menurunkan Taurat dan Injil	Injil	http://www.wikidata.org/entity/Q1762323	HolyBook
3	4	sebelum (turunnya Al-Qur’an) sebagai petunjuk bagi manusia, dan menurunkan Al-Furqān (pembeda yang hak dan yang batil). Sesungguhnya orang-orang yang kufur terhadap ayat-ayat Allah, bagi mereka azab yang sangat keras. Allah Maha Perkasa lagi mempunyai balasan (siksa).	Al-Qur’an	http://www.wikidata.org/entity/Q428	HolyBook
3	4	sebelum (turunnya Al-Qur’an) sebagai petunjuk bagi manusia, dan menurunkan Al-Furqān (pembeda yang hak dan yang batil). Sesungguhnya orang-orang yang kufur terhadap ayat-ayat Allah, bagi mereka azab yang sangat keras. Allah Maha Perkasa lagi mempunyai balasan (siksa).	Allah	http://www.wikidata.org/entity/Q2095353	Allah
3	4	sebelum (turunnya Al-Qur’an) sebagai petunjuk bagi manusia, dan menurunkan Al-Furqān (pembeda yang hak dan yang batil). Sesungguhnya orang-orang yang kufur terhadap ayat-ayat Allah, bagi mereka azab yang sangat keras. Allah Maha Perkasa lagi mempunyai balasan (siksa).	Allah	http://www.wikidata.org/entity/Q2095353	Allah
3	5	Sesungguhnya bagi Allah tidak ada sesuatu pun yang tersembunyi di bumi dan tidak pula di langit.	Allah	http://www.wikidata.org/entity/Q2095353	Allah
3	5	Sesungguhnya bagi Allah tidak ada sesuatu pun yang tersembunyi di bumi dan tidak pula di langit.	bumi	http://www.wikidata.org/entity/Q2	AstronomicalBody
3	5	Sesungguhnya bagi Allah tidak ada sesuatu pun yang tersembunyi di bumi dan tidak pula di langit.	langit	http://www.wikidata.org/entity/Q527	AstronomicalBody
3	6	Dialah (Allah) yang membentuk kamu dalam rahim sebagaimana yang Dia kehendaki. Tidak ada tuhan selain Dia, Yang Maha Perkasa lagi Maha Bijaksana.	Allah	http://www.wikidata.org/entity/Q2095353	Allah
3	6	Dialah (Allah) yang membentuk kamu dalam rahim sebagaimana yang Dia kehendaki. Tidak ada tuhan selain Dia, Yang Maha Perkasa lagi Maha Bijaksana.	Yang Maha Perkasa lagi Maha Bijaksana	http://www.wikidata.org/entity/Q2095353	Allah
3	7	Dialah (Allah) yang menurunkan Kitab (Al-Qur’an) kepadamu (Nabi Muhammad). Di antara ayat-ayatnya ada yang muhkamat, itulah pokok-pokok isi Kitab (Al-Qur’an) dan yang lain mutasyabihat. Adapun orang-orang yang dalam hatinya ada kecenderungan pada kesesatan, mereka mengikuti ayat-ayat yang mutasyabihat untuk menimbulkan fitnah (kekacauan dan keraguan) dan untuk mencari-cari takwilnya. Padahal, tidak ada yang mengetahui takwilnya, kecuali Allah. Orang-orang yang ilmunya mendalam berkata, “Kami beriman kepadanya (Al-Qur’an), semuanya dari Tuhan kami.” Tidak ada yang dapat mengambil pelajaran, kecuali ululalbab.	Allah	http://www.wikidata.org/entity/Q2095353	Allah
3	7	Dialah (Allah) yang menurunkan Kitab (Al-Qur’an) kepadamu (Nabi Muhammad). Di antara ayat-ayatnya ada yang muhkamat, itulah pokok-pokok isi Kitab (Al-Qur’an) dan yang lain mutasyabihat. Adapun orang-orang yang dalam hatinya ada kecenderungan pada kesesatan, mereka mengikuti ayat-ayat yang mutasyabihat untuk menimbulkan fitnah (kekacauan dan keraguan) dan untuk mencari-cari takwilnya. Padahal, tidak ada yang mengetahui takwilnya, kecuali Allah. Orang-orang yang ilmunya mendalam berkata, “Kami beriman kepadanya (Al-Qur’an), semuanya dari Tuhan kami.” Tidak ada yang dapat mengambil pelajaran, kecuali ululalbab.	Al-Qur’an	http://www.wikidata.org/entity/Q428	HolyBook
3	7	Dialah (Allah) yang menurunkan Kitab (Al-Qur’an) kepadamu (Nabi Muhammad). Di antara ayat-ayatnya ada yang muhkamat, itulah pokok-pokok isi Kitab (Al-Qur’an) dan yang lain mutasyabihat. Adapun orang-orang yang dalam hatinya ada kecenderungan pada kesesatan, mereka mengikuti ayat-ayat yang mutasyabihat untuk menimbulkan fitnah (kekacauan dan keraguan) dan untuk mencari-cari takwilnya. Padahal, tidak ada yang mengetahui takwilnya, kecuali Allah. Orang-orang yang ilmunya mendalam berkata, “Kami beriman kepadanya (Al-Qur’an), semuanya dari Tuhan kami.” Tidak ada yang dapat mengambil pelajaran, kecuali ululalbab.	Muhammad	http://www.wikidata.org/entity/Q9458	Messenger
3	7	Dialah (Allah) yang menurunkan Kitab (Al-Qur’an) kepadamu (Nabi Muhammad). Di antara ayat-ayatnya ada yang muhkamat, itulah pokok-pokok isi Kitab (Al-Qur’an) dan yang lain mutasyabihat. Adapun orang-orang yang dalam hatinya ada kecenderungan pada kesesatan, mereka mengikuti ayat-ayat yang mutasyabihat untuk menimbulkan fitnah (kekacauan dan keraguan) dan untuk mencari-cari takwilnya. Padahal, tidak ada yang mengetahui takwilnya, kecuali Allah. Orang-orang yang ilmunya mendalam berkata, “Kami beriman kepadanya (Al-Qur’an), semuanya dari Tuhan kami.” Tidak ada yang dapat mengambil pelajaran, kecuali ululalbab.	Al-Qur’an	http://www.wikidata.org/entity/Q428	HolyBook
3	7	Dialah (Allah) yang menurunkan Kitab (Al-Qur’an) kepadamu (Nabi Muhammad). Di antara ayat-ayatnya ada yang muhkamat, itulah pokok-pokok isi Kitab (Al-Qur’an) dan yang lain mutasyabihat. Adapun orang-orang yang dalam hatinya ada kecenderungan pada kesesatan, mereka mengikuti ayat-ayat yang mutasyabihat untuk menimbulkan fitnah (kekacauan dan keraguan) dan untuk mencari-cari takwilnya. Padahal, tidak ada yang mengetahui takwilnya, kecuali Allah. Orang-orang yang ilmunya mendalam berkata, “Kami beriman kepadanya (Al-Qur’an), semuanya dari Tuhan kami.” Tidak ada yang dapat mengambil pelajaran, kecuali ululalbab.	Allah	http://www.wikidata.org/entity/Q2095353	Allah
3	7	Dialah (Allah) yang menurunkan Kitab (Al-Qur’an) kepadamu (Nabi Muhammad). Di antara ayat-ayatnya ada yang muhkamat, itulah pokok-pokok isi Kitab (Al-Qur’an) dan yang lain mutasyabihat. Adapun orang-orang yang dalam hatinya ada kecenderungan pada kesesatan, mereka mengikuti ayat-ayat yang mutasyabihat untuk menimbulkan fitnah (kekacauan dan keraguan) dan untuk mencari-cari takwilnya. Padahal, tidak ada yang mengetahui takwilnya, kecuali Allah. Orang-orang yang ilmunya mendalam berkata, “Kami beriman kepadanya (Al-Qur’an), semuanya dari Tuhan kami.” Tidak ada yang dapat mengambil pelajaran, kecuali ululalbab.	Al-Qur’an	http://www.wikidata.org/entity/Q428	HolyBook
3	8	(Mereka berdoa,) “Wahai Tuhan kami, janganlah Engkau jadikan hati kami berpaling setelah Engkau berikan petunjuk kepada kami dan anugerahkanlah kepada kami rahmat dari hadirat-Mu. Sesungguhnya Engkau Maha Pemberi.			
3	9	Wahai Tuhan kami, sesungguhnya Engkaulah yang mengumpulkan manusia pada hari yang tidak ada keraguan padanya.” Sesungguhnya Allah tidak menyalahi janji.	Allah	http://www.wikidata.org/entity/Q2095353	Allah
3	12	Katakanlah (Nabi Muhammad) kepada orang-orang yang kufur, “Kamu (pasti) akan dikalahkan dan digiring ke dalam (neraka) Jahanam. Itulah seburuk-buruk tempat tinggal.”	Muhammad	http://www.wikidata.org/entity/Q9458	Messenger
3	12	Katakanlah (Nabi Muhammad) kepada orang-orang yang kufur, “Kamu (pasti) akan dikalahkan dan digiring ke dalam (neraka) Jahanam. Itulah seburuk-buruk tempat tinggal.”	Jahanam	http://www.wikidata.org/entity/Q58418	AfterlifeLocation
3	13	Sungguh, telah ada tanda (bukti) bagimu pada dua golongan yang bertemu (dalam pertempuran. Satu golongan berperang di jalan Allah dan (golongan) yang lain kafir yang melihat dengan mata kepala bahwa mereka (golongan muslim) dua kali lipat jumlahnya. Allah menguatkan siapa yang Dia kehendaki dengan pertolongan-Nya. Sesungguhnya pada yang demikian itu benar-benar terdapat pelajaran bagi orang-orang yang mempunyai penglihatan (mata hati).	Allah	http://www.wikidata.org/entity/Q2095353	Allah
3	13	Sungguh, telah ada tanda (bukti) bagimu pada dua golongan yang bertemu (dalam pertempuran. Satu golongan berperang di jalan Allah dan (golongan) yang lain kafir yang melihat dengan mata kepala bahwa mereka (golongan muslim) dua kali lipat jumlahnya. Allah menguatkan siapa yang Dia kehendaki dengan pertolongan-Nya. Sesungguhnya pada yang demikian itu benar-benar terdapat pelajaran bagi orang-orang yang mempunyai penglihatan (mata hati).	Allah	http://www.wikidata.org/entity/Q2095353	Allah
3	15	Katakanlah, “Maukah aku beri tahukan kepadamu sesuatu yang lebih baik daripada yang demikian itu?” Untuk orang-orang yang bertakwa, di sisi Tuhan mereka ada surga-surga yang mengalir di bawahnya sungai-sungai. Mereka kekal di dalamnya dan (untuk mereka) pasangan yang disucikan serta rida Allah. Allah Maha Melihat hamba-hamba-Nya.	Allah	http://www.wikidata.org/entity/Q2095353	Allah
3	15	Katakanlah, “Maukah aku beri tahukan kepadamu sesuatu yang lebih baik daripada yang demikian itu?” Untuk orang-orang yang bertakwa, di sisi Tuhan mereka ada surga-surga yang mengalir di bawahnya sungai-sungai. Mereka kekal di dalamnya dan (untuk mereka) pasangan yang disucikan serta rida Allah. Allah Maha Melihat hamba-hamba-Nya.	Allah	http://www.wikidata.org/entity/Q2095353	Allah
3	16	(Yaitu) orang-orang yang berdoa, “Wahai Tuhan kami, sesungguhnya kami benar-benar telah beriman. Maka, ampunilah dosa-dosa kami dan selamatkanlah kami dari azab neraka.”			
3	18	Allah menyatakan bahwa tidak ada tuhan selain Dia, (Allah) yang menegakkan keadilan. (Demikian pula) para malaikat dan orang berilmu. Tidak ada tuhan selain Dia, Yang Maha Perkasa lagi Maha Bijaksana.	Allah	http://www.wikidata.org/entity/Q2095353	Allah
3	18	Allah menyatakan bahwa tidak ada tuhan selain Dia, (Allah) yang menegakkan keadilan. (Demikian pula) para malaikat dan orang berilmu. Tidak ada tuhan selain Dia, Yang Maha Perkasa lagi Maha Bijaksana.	Allah	http://www.wikidata.org/entity/Q2095353	Allah
3	18	Allah menyatakan bahwa tidak ada tuhan selain Dia, (Allah) yang menegakkan keadilan. (Demikian pula) para malaikat dan orang berilmu. Tidak ada tuhan selain Dia, Yang Maha Perkasa lagi Maha Bijaksana.	Yang Maha Perkasa lagi Maha Bijaksana	http://www.wikidata.org/entity/Q2095353	Allah
3	19	Sesungguhnya agama (yang diridai) di sisi Allah ialah Islam. Orang-orang yang telah diberi kitab tidak berselisih, kecuali setelah datang pengetahuan kepada mereka karena kedengkian di antara mereka. Siapa yang kufur terhadap ayat-ayat Allah, sesungguhnya Allah sangat cepat perhitungan(-Nya).	Allah	http://www.wikidata.org/entity/Q2095353	Allah
3	19	Sesungguhnya agama (yang diridai) di sisi Allah ialah Islam. Orang-orang yang telah diberi kitab tidak berselisih, kecuali setelah datang pengetahuan kepada mereka karena kedengkian di antara mereka. Siapa yang kufur terhadap ayat-ayat Allah, sesungguhnya Allah sangat cepat perhitungan(-Nya).	Islam	http://www.wikidata.org/entity/Q432	Religion
3	19	Sesungguhnya agama (yang diridai) di sisi Allah ialah Islam. Orang-orang yang telah diberi kitab tidak berselisih, kecuali setelah datang pengetahuan kepada mereka karena kedengkian di antara mereka. Siapa yang kufur terhadap ayat-ayat Allah, sesungguhnya Allah sangat cepat perhitungan(-Nya).	Allah	http://www.wikidata.org/entity/Q2095353	Allah
3	19	Sesungguhnya agama (yang diridai) di sisi Allah ialah Islam. Orang-orang yang telah diberi kitab tidak berselisih, kecuali setelah datang pengetahuan kepada mereka karena kedengkian di antara mereka. Siapa yang kufur terhadap ayat-ayat Allah, sesungguhnya Allah sangat cepat perhitungan(-Nya).	Allah	http://www.wikidata.org/entity/Q2095353	Allah
3	20	Jika mereka mendebat engkau (Nabi Muhammad) katakanlah, “Aku berserah diri kepada Allah dan (demikian pula) orang-orang yang mengikutiku.” Katakanlah kepada orang-orang (Yahudi dan Nasrani) yang telah diberi Kitab (Taurat dan Injil) dan kepada orang-orang yang umi, “Sudahkah kamu masuk Islam?” Jika mereka telah masuk Islam, sungguh mereka telah mendapat petunjuk. Akan tetapi, jika mereka berpaling, sesungguhnya kewajibanmu hanyalah menyampaikan. Allah Maha Melihat hamba-hamba-Nya.	Muhammad	http://www.wikidata.org/entity/Q9458	Messenger
3	20	Jika mereka mendebat engkau (Nabi Muhammad) katakanlah, “Aku berserah diri kepada Allah dan (demikian pula) orang-orang yang mengikutiku.” Katakanlah kepada orang-orang (Yahudi dan Nasrani) yang telah diberi Kitab (Taurat dan Injil) dan kepada orang-orang yang umi, “Sudahkah kamu masuk Islam?” Jika mereka telah masuk Islam, sungguh mereka telah mendapat petunjuk. Akan tetapi, jika mereka berpaling, sesungguhnya kewajibanmu hanyalah menyampaikan. Allah Maha Melihat hamba-hamba-Nya.	Allah	http://www.wikidata.org/entity/Q2095353	Allah
3	20	Jika mereka mendebat engkau (Nabi Muhammad) katakanlah, “Aku berserah diri kepada Allah dan (demikian pula) orang-orang yang mengikutiku.” Katakanlah kepada orang-orang (Yahudi dan Nasrani) yang telah diberi Kitab (Taurat dan Injil) dan kepada orang-orang yang umi, “Sudahkah kamu masuk Islam?” Jika mereka telah masuk Islam, sungguh mereka telah mendapat petunjuk. Akan tetapi, jika mereka berpaling, sesungguhnya kewajibanmu hanyalah menyampaikan. Allah Maha Melihat hamba-hamba-Nya.	Yahudi	http://www.wikidata.org/entity/Q7325	Religion
3	20	Jika mereka mendebat engkau (Nabi Muhammad) katakanlah, “Aku berserah diri kepada Allah dan (demikian pula) orang-orang yang mengikutiku.” Katakanlah kepada orang-orang (Yahudi dan Nasrani) yang telah diberi Kitab (Taurat dan Injil) dan kepada orang-orang yang umi, “Sudahkah kamu masuk Islam?” Jika mereka telah masuk Islam, sungguh mereka telah mendapat petunjuk. Akan tetapi, jika mereka berpaling, sesungguhnya kewajibanmu hanyalah menyampaikan. Allah Maha Melihat hamba-hamba-Nya.	Nasrani	http://www.wikidata.org/entity/Q106039	Religion
3	20	Jika mereka mendebat engkau (Nabi Muhammad) katakanlah, “Aku berserah diri kepada Allah dan (demikian pula) orang-orang yang mengikutiku.” Katakanlah kepada orang-orang (Yahudi dan Nasrani) yang telah diberi Kitab (Taurat dan Injil) dan kepada orang-orang yang umi, “Sudahkah kamu masuk Islam?” Jika mereka telah masuk Islam, sungguh mereka telah mendapat petunjuk. Akan tetapi, jika mereka berpaling, sesungguhnya kewajibanmu hanyalah menyampaikan. Allah Maha Melihat hamba-hamba-Nya.	Taurat	http://www.wikidata.org/entity/Q2383104	HolyBook
3	20	Jika mereka mendebat engkau (Nabi Muhammad) katakanlah, “Aku berserah diri kepada Allah dan (demikian pula) orang-orang yang mengikutiku.” Katakanlah kepada orang-orang (Yahudi dan Nasrani) yang telah diberi Kitab (Taurat dan Injil) dan kepada orang-orang yang umi, “Sudahkah kamu masuk Islam?” Jika mereka telah masuk Islam, sungguh mereka telah mendapat petunjuk. Akan tetapi, jika mereka berpaling, sesungguhnya kewajibanmu hanyalah menyampaikan. Allah Maha Melihat hamba-hamba-Nya.	Injil	http://www.wikidata.org/entity/Q1762323	HolyBook
3	20	Jika mereka mendebat engkau (Nabi Muhammad) katakanlah, “Aku berserah diri kepada Allah dan (demikian pula) orang-orang yang mengikutiku.” Katakanlah kepada orang-orang (Yahudi dan Nasrani) yang telah diberi Kitab (Taurat dan Injil) dan kepada orang-orang yang umi, “Sudahkah kamu masuk Islam?” Jika mereka telah masuk Islam, sungguh mereka telah mendapat petunjuk. Akan tetapi, jika mereka berpaling, sesungguhnya kewajibanmu hanyalah menyampaikan. Allah Maha Melihat hamba-hamba-Nya.	Islam	http://www.wikidata.org/entity/Q432	Religion
3	20	Jika mereka mendebat engkau (Nabi Muhammad) katakanlah, “Aku berserah diri kepada Allah dan (demikian pula) orang-orang yang mengikutiku.” Katakanlah kepada orang-orang (Yahudi dan Nasrani) yang telah diberi Kitab (Taurat dan Injil) dan kepada orang-orang yang umi, “Sudahkah kamu masuk Islam?” Jika mereka telah masuk Islam, sungguh mereka telah mendapat petunjuk. Akan tetapi, jika mereka berpaling, sesungguhnya kewajibanmu hanyalah menyampaikan. Allah Maha Melihat hamba-hamba-Nya.	Islam	http://www.wikidata.org/entity/Q432	Religion
3	20	Jika mereka mendebat engkau (Nabi Muhammad) katakanlah, “Aku berserah diri kepada Allah dan (demikian pula) orang-orang yang mengikutiku.” Katakanlah kepada orang-orang (Yahudi dan Nasrani) yang telah diberi Kitab (Taurat dan Injil) dan kepada orang-orang yang umi, “Sudahkah kamu masuk Islam?” Jika mereka telah masuk Islam, sungguh mereka telah mendapat petunjuk. Akan tetapi, jika mereka berpaling, sesungguhnya kewajibanmu hanyalah menyampaikan. Allah Maha Melihat hamba-hamba-Nya.	Allah	http://www.wikidata.org/entity/Q2095353	Allah
3	23	Tidakkah engkau (Nabi Muhammad) memerhatikan orang-orang (Yahudi) yang telah diberi bagian (pengetahuan) kitab (Taurat)? Mereka diajak (berpegang) pada kitab Allah untuk memutuskan (perkara) di antara mereka, kemudian segolongan dari mereka berpaling dan menolak (kebenaran).	Muhammad	http://www.wikidata.org/entity/Q9458	Messenger
3	23	Tidakkah engkau (Nabi Muhammad) memerhatikan orang-orang (Yahudi) yang telah diberi bagian (pengetahuan) kitab (Taurat)? Mereka diajak (berpegang) pada kitab Allah untuk memutuskan (perkara) di antara mereka, kemudian segolongan dari mereka berpaling dan menolak (kebenaran).	Yahudi	http://www.wikidata.org/entity/Q7325	Religion
3	23	Tidakkah engkau (Nabi Muhammad) memerhatikan orang-orang (Yahudi) yang telah diberi bagian (pengetahuan) kitab (Taurat)? Mereka diajak (berpegang) pada kitab Allah untuk memutuskan (perkara) di antara mereka, kemudian segolongan dari mereka berpaling dan menolak (kebenaran).	Taurat	http://www.wikidata.org/entity/Q2383104	HolyBook
3	23	Tidakkah engkau (Nabi Muhammad) memerhatikan orang-orang (Yahudi) yang telah diberi bagian (pengetahuan) kitab (Taurat)? Mereka diajak (berpegang) pada kitab Allah untuk memutuskan (perkara) di antara mereka, kemudian segolongan dari mereka berpaling dan menolak (kebenaran).	Allah	http://www.wikidata.org/entity/Q2095353	Allah
3	25	Bagaimanakah (nanti) jika mereka Kami kumpulkan pada hari (Kiamat) yang tidak ada keraguan padanya dan setiap jiwa diberi balasan yang sempurna sesuai dengan apa yang telah dikerjakannya tanpa dizalimi?	Kiamat	http://www.wikidata.org/entity/Q12200906	Event
3	28	Janganlah orang-orang mukmin menjadikan orang kafir sebagai para wali dengan mengesampingkan orang-orang mukmin. Siapa yang melakukan itu, hal itu sama sekali bukan dari (ajaran) Allah, kecuali untuk menjaga diri dari sesuatu yang kamu takuti dari mereka. Allah memperingatkan kamu tentang diri-Nya (siksa-Nya). Hanya kepada Allah tempat kembali.	Allah	http://www.wikidata.org/entity/Q2095353	Allah
3	28	Janganlah orang-orang mukmin menjadikan orang kafir sebagai para wali dengan mengesampingkan orang-orang mukmin. Siapa yang melakukan itu, hal itu sama sekali bukan dari (ajaran) Allah, kecuali untuk menjaga diri dari sesuatu yang kamu takuti dari mereka. Allah memperingatkan kamu tentang diri-Nya (siksa-Nya). Hanya kepada Allah tempat kembali.	Allah	http://www.wikidata.org/entity/Q2095353	Allah
3	28	Janganlah orang-orang mukmin menjadikan orang kafir sebagai para wali dengan mengesampingkan orang-orang mukmin. Siapa yang melakukan itu, hal itu sama sekali bukan dari (ajaran) Allah, kecuali untuk menjaga diri dari sesuatu yang kamu takuti dari mereka. Allah memperingatkan kamu tentang diri-Nya (siksa-Nya). Hanya kepada Allah tempat kembali.	Allah	http://www.wikidata.org/entity/Q2095353	Allah
3	29	Katakanlah (Nabi Muhammad), “Jika kamu menyembunyikan apa yang ada dalam hatimu atau kamu menampakkannya, Allah pasti mengetahuinya.” Dia mengetahui apa yang ada di langit dan apa yang ada di bumi. Allah Maha Kuasa atas segala sesuatu.	Muhammad	http://www.wikidata.org/entity/Q9458	Messenger
3	29	Katakanlah (Nabi Muhammad), “Jika kamu menyembunyikan apa yang ada dalam hatimu atau kamu menampakkannya, Allah pasti mengetahuinya.” Dia mengetahui apa yang ada di langit dan apa yang ada di bumi. Allah Maha Kuasa atas segala sesuatu.	Allah	http://www.wikidata.org/entity/Q2095353	Allah
3	29	Katakanlah (Nabi Muhammad), “Jika kamu menyembunyikan apa yang ada dalam hatimu atau kamu menampakkannya, Allah pasti mengetahuinya.” Dia mengetahui apa yang ada di langit dan apa yang ada di bumi. Allah Maha Kuasa atas segala sesuatu.	langit	http://www.wikidata.org/entity/Q527	AstronomicalBody
3	29	Katakanlah (Nabi Muhammad), “Jika kamu menyembunyikan apa yang ada dalam hatimu atau kamu menampakkannya, Allah pasti mengetahuinya.” Dia mengetahui apa yang ada di langit dan apa yang ada di bumi. Allah Maha Kuasa atas segala sesuatu.	bumi	http://www.wikidata.org/entity/Q2	AstronomicalBody
3	29	Katakanlah (Nabi Muhammad), “Jika kamu menyembunyikan apa yang ada dalam hatimu atau kamu menampakkannya, Allah pasti mengetahuinya.” Dia mengetahui apa yang ada di langit dan apa yang ada di bumi. Allah Maha Kuasa atas segala sesuatu.	Allah	http://www.wikidata.org/entity/Q2095353	Allah
3	30	(Ingatlah) pada hari (ketika) setiap jiwa mendapatkan (balasan) atas kebajikan yang telah dikerjakannya dihadirkan, (begitu juga balasan) atas kejahatan yang telah dia kerjakan. Dia berharap seandainya ada jarak yang jauh antara dia dan hari itu. Allah memperingatkan kamu akan (siksa)-Nya. Allah Maha Penyayang terhadap hamba-hamba-Nya.	Allah	http://www.wikidata.org/entity/Q2095353	Allah
3	30	(Ingatlah) pada hari (ketika) setiap jiwa mendapatkan (balasan) atas kebajikan yang telah dikerjakannya dihadirkan, (begitu juga balasan) atas kejahatan yang telah dia kerjakan. Dia berharap seandainya ada jarak yang jauh antara dia dan hari itu. Allah memperingatkan kamu akan (siksa)-Nya. Allah Maha Penyayang terhadap hamba-hamba-Nya.	Allah	http://www.wikidata.org/entity/Q2095353	Allah
3	31	Katakanlah (Nabi Muhammad), “Jika kamu mencintai Allah, ikutilah aku, niscaya Allah akan mencintaimu dan mengampuni dosa-dosamu.” Allah Maha Pengampun lagi Maha Penyayang.	Muhammad	http://www.wikidata.org/entity/Q9458	Messenger
3	31	Katakanlah (Nabi Muhammad), “Jika kamu mencintai Allah, ikutilah aku, niscaya Allah akan mencintaimu dan mengampuni dosa-dosamu.” Allah Maha Pengampun lagi Maha Penyayang.	Allah	http://www.wikidata.org/entity/Q2095353	Allah
3	31	Katakanlah (Nabi Muhammad), “Jika kamu mencintai Allah, ikutilah aku, niscaya Allah akan mencintaimu dan mengampuni dosa-dosamu.” Allah Maha Pengampun lagi Maha Penyayang.	Allah	http://www.wikidata.org/entity/Q2095353	Allah
3	31	Katakanlah (Nabi Muhammad), “Jika kamu mencintai Allah, ikutilah aku, niscaya Allah akan mencintaimu dan mengampuni dosa-dosamu.” Allah Maha Pengampun lagi Maha Penyayang.	Allah	http://www.wikidata.org/entity/Q2095353	Allah
3	32	Katakanlah (Nabi Muhammad), “Taatilah Allah dan Rasul(-Nya). Jika kamu berpaling, sesungguhnya Allah tidak menyukai orang-orang kafir.”	Muhammad	http://www.wikidata.org/entity/Q9458	Messenger
3	32	Katakanlah (Nabi Muhammad), “Taatilah Allah dan Rasul(-Nya). Jika kamu berpaling, sesungguhnya Allah tidak menyukai orang-orang kafir.”	Allah	http://www.wikidata.org/entity/Q2095353	Allah
3	32	Katakanlah (Nabi Muhammad), “Taatilah Allah dan Rasul(-Nya). Jika kamu berpaling, sesungguhnya Allah tidak menyukai orang-orang kafir.”	Allah	http://www.wikidata.org/entity/Q2095353	Allah
3	33	Sesungguhnya Allah telah memilih Adam, Nuh, keluarga Ibrahim, dan keluarga Imran atas seluruh alam (manusia pada zamannya masing-masing).	Allah	http://www.wikidata.org/entity/Q2095353	Allah
3	33	Sesungguhnya Allah telah memilih Adam, Nuh, keluarga Ibrahim, dan keluarga Imran atas seluruh alam (manusia pada zamannya masing-masing).	Adam	http://www.wikidata.org/entity/Q2001710	Prophet
3	33	Sesungguhnya Allah telah memilih Adam, Nuh, keluarga Ibrahim, dan keluarga Imran atas seluruh alam (manusia pada zamannya masing-masing).	Nuh	http://www.wikidata.org/entity/Q1782672	Messenger
3	33	Sesungguhnya Allah telah memilih Adam, Nuh, keluarga Ibrahim, dan keluarga Imran atas seluruh alam (manusia pada zamannya masing-masing).	Ibrahim	http://www.wikidata.org/entity/Q1768161	Messenger
3	33	Sesungguhnya Allah telah memilih Adam, Nuh, keluarga Ibrahim, dan keluarga Imran atas seluruh alam (manusia pada zamannya masing-masing).	Imran	http://www.wikidata.org/entity/Q13512873	Person
3	34	(Mereka adalah) satu keturunan, sebagiannya adalah (keturunan) dari sebagian yang lain. Allah Maha Mendengar lagi Maha Mengetahui.	Allah	http://www.wikidata.org/entity/Q2095353	Allah
3	36	Ketika melahirkannya, dia berkata, “Wahai Tuhanku, aku telah melahirkan anak perempuan.” Padahal, Allah lebih tahu apa yang dia (istri Imran) lahirkan. “Laki-laki tidak sama dengan perempuan. Aku memberinya nama Maryam serta memohon perlindungan-Mu untuknya dan anak cucunya dari setan yang terkutuk.”	Allah	http://www.wikidata.org/entity/Q2095353	Allah
3	36	Ketika melahirkannya, dia berkata, “Wahai Tuhanku, aku telah melahirkan anak perempuan.” Padahal, Allah lebih tahu apa yang dia (istri Imran) lahirkan. “Laki-laki tidak sama dengan perempuan. Aku memberinya nama Maryam serta memohon perlindungan-Mu untuknya dan anak cucunya dari setan yang terkutuk.”	Imran	http://www.wikidata.org/entity/Q13512873	Person
3	36	Ketika melahirkannya, dia berkata, “Wahai Tuhanku, aku telah melahirkan anak perempuan.” Padahal, Allah lebih tahu apa yang dia (istri Imran) lahirkan. “Laki-laki tidak sama dengan perempuan. Aku memberinya nama Maryam serta memohon perlindungan-Mu untuknya dan anak cucunya dari setan yang terkutuk.”	Maryam	http://www.wikidata.org/entity/Q1478857	Person
3	38	Di sanalah Zakaria berdoa kepada Tuhannya. Dia berkata, “Wahai Tuhanku, karuniakanlah kepadaku keturunan yang baik dari sisi-Mu. Sesungguhnya Engkau Maha Mendengar doa.”	Zakaria	http://www.wikidata.org/entity/Q2420409	Prophet
3	39	Lalu, Malaikat (Jibril) memanggilnya ketika dia berdiri melaksanakan salat di mihrab, “Allah menyampaikan kabar gembira kepadamu dengan (kelahiran) Yahya yang membenarkan kalimat dari Allah, (menjadi) anutan, menahan diri (dari hawa nafsu), dan seorang nabi di antara orang-orang saleh.”	Jibril	http://www.wikidata.org/entity/Q3467762	Angel
3	39	Lalu, Malaikat (Jibril) memanggilnya ketika dia berdiri melaksanakan salat di mihrab, “Allah menyampaikan kabar gembira kepadamu dengan (kelahiran) Yahya yang membenarkan kalimat dari Allah, (menjadi) anutan, menahan diri (dari hawa nafsu), dan seorang nabi di antara orang-orang saleh.”	Allah	http://www.wikidata.org/entity/Q2095353	Allah
3	39	Lalu, Malaikat (Jibril) memanggilnya ketika dia berdiri melaksanakan salat di mihrab, “Allah menyampaikan kabar gembira kepadamu dengan (kelahiran) Yahya yang membenarkan kalimat dari Allah, (menjadi) anutan, menahan diri (dari hawa nafsu), dan seorang nabi di antara orang-orang saleh.”	Yahya	http://www.wikidata.org/entity/Q2422313	Prophet
3	39	Lalu, Malaikat (Jibril) memanggilnya ketika dia berdiri melaksanakan salat di mihrab, “Allah menyampaikan kabar gembira kepadamu dengan (kelahiran) Yahya yang membenarkan kalimat dari Allah, (menjadi) anutan, menahan diri (dari hawa nafsu), dan seorang nabi di antara orang-orang saleh.”	Allah	http://www.wikidata.org/entity/Q2095353	Allah
3	40	Dia (Zakaria) berkata, “Wahai Tuhanku, bagaimana aku bisa mendapat anak, sedangkan aku sudah sangat tua dan istriku pun mandul?” (Allah) berfirman, “Demikianlah, Allah melakukan apa yang Dia kehendaki.”	Zakaria	http://www.wikidata.org/entity/Q2420409	Prophet
3	40	Dia (Zakaria) berkata, “Wahai Tuhanku, bagaimana aku bisa mendapat anak, sedangkan aku sudah sangat tua dan istriku pun mandul?” (Allah) berfirman, “Demikianlah, Allah melakukan apa yang Dia kehendaki.”	Allah	http://www.wikidata.org/entity/Q2095353	Allah
3	40	Dia (Zakaria) berkata, “Wahai Tuhanku, bagaimana aku bisa mendapat anak, sedangkan aku sudah sangat tua dan istriku pun mandul?” (Allah) berfirman, “Demikianlah, Allah melakukan apa yang Dia kehendaki.”	Allah	http://www.wikidata.org/entity/Q2095353	Allah
3	41	Dia (Zakaria) berkata, “Wahai Tuhanku, berilah aku suatu tanda (kehamilan istriku).” Allah berfirman, “Tandanya bagimu adalah engkau tidak (dapat) berbicara dengan manusia selama tiga hari, kecuali dengan isyarat. Sebutlah (nama) Tuhanmu sebanyak-banyaknya dan bertasbihlah pada waktu petang dan pagi hari.”	Zakaria	http://www.wikidata.org/entity/Q2420409	Prophet
3	41	Dia (Zakaria) berkata, “Wahai Tuhanku, berilah aku suatu tanda (kehamilan istriku).” Allah berfirman, “Tandanya bagimu adalah engkau tidak (dapat) berbicara dengan manusia selama tiga hari, kecuali dengan isyarat. Sebutlah (nama) Tuhanmu sebanyak-banyaknya dan bertasbihlah pada waktu petang dan pagi hari.”	Allah	http://www.wikidata.org/entity/Q2095353	Allah
3	42	(Ingatlah) ketika Malaikat (Jibril) berkata, “Wahai Maryam, sesungguhnya Allah telah memilihmu, menyucikanmu, dan melebihkanmu di atas seluruh perempuan di semesta alam (pada masa itu).	Jibril	http://www.wikidata.org/entity/Q3467762	Angel
3	42	(Ingatlah) ketika Malaikat (Jibril) berkata, “Wahai Maryam, sesungguhnya Allah telah memilihmu, menyucikanmu, dan melebihkanmu di atas seluruh perempuan di semesta alam (pada masa itu).	Maryam	http://www.wikidata.org/entity/Q1478857	Person
3	42	(Ingatlah) ketika Malaikat (Jibril) berkata, “Wahai Maryam, sesungguhnya Allah telah memilihmu, menyucikanmu, dan melebihkanmu di atas seluruh perempuan di semesta alam (pada masa itu).	Allah	http://www.wikidata.org/entity/Q2095353	Allah
3	43	Wahai Maryam, taatlah kepada Tuhanmu, sujudlah, dan rukuklah bersama orang-orang yang rukuk.”	Maryam	http://www.wikidata.org/entity/Q1478857	Person
3	44	Itulah sebagian dari berita-berita gaib yang Kami wahyukan kepadamu (Nabi Muhammad). Padahal, engkau tidak bersama mereka ketika mereka melemparkan pena mereka (untuk mengundi) siapa di antara mereka yang akan memelihara Maryam dan engkau tidak bersama mereka ketika mereka bersengketa.	Muhammad	http://www.wikidata.org/entity/Q9458	Messenger
3	44	Itulah sebagian dari berita-berita gaib yang Kami wahyukan kepadamu (Nabi Muhammad). Padahal, engkau tidak bersama mereka ketika mereka melemparkan pena mereka (untuk mengundi) siapa di antara mereka yang akan memelihara Maryam dan engkau tidak bersama mereka ketika mereka bersengketa.	Maryam	http://www.wikidata.org/entity/Q1478857	Person
3	45	(Ingatlah) ketika Malaikat (Jibril) berkata, “Wahai Maryam, sesungguhnya Allah menyampaikan kabar gembira kepadamu tentang (kelahiran anak yang diciptakan) dengan kalimat dari-Nya, namanya Isa Almasih putra Maryam, seorang terkemuka di dunia dan di akhirat serta termasuk orang-orang yang didekatkan (kepada Allah).	Jibril	http://www.wikidata.org/entity/Q3467762	Angel
3	45	(Ingatlah) ketika Malaikat (Jibril) berkata, “Wahai Maryam, sesungguhnya Allah menyampaikan kabar gembira kepadamu tentang (kelahiran anak yang diciptakan) dengan kalimat dari-Nya, namanya Isa Almasih putra Maryam, seorang terkemuka di dunia dan di akhirat serta termasuk orang-orang yang didekatkan (kepada Allah).	Maryam	http://www.wikidata.org/entity/Q1478857	Person
3	45	(Ingatlah) ketika Malaikat (Jibril) berkata, “Wahai Maryam, sesungguhnya Allah menyampaikan kabar gembira kepadamu tentang (kelahiran anak yang diciptakan) dengan kalimat dari-Nya, namanya Isa Almasih putra Maryam, seorang terkemuka di dunia dan di akhirat serta termasuk orang-orang yang didekatkan (kepada Allah).	Allah	http://www.wikidata.org/entity/Q2095353	Allah
3	45	(Ingatlah) ketika Malaikat (Jibril) berkata, “Wahai Maryam, sesungguhnya Allah menyampaikan kabar gembira kepadamu tentang (kelahiran anak yang diciptakan) dengan kalimat dari-Nya, namanya Isa Almasih putra Maryam, seorang terkemuka di dunia dan di akhirat serta termasuk orang-orang yang didekatkan (kepada Allah).	Isa Almasih putra Maryam	http://www.wikidata.org/entity/Q51664	Messenger
3	45	(Ingatlah) ketika Malaikat (Jibril) berkata, “Wahai Maryam, sesungguhnya Allah menyampaikan kabar gembira kepadamu tentang (kelahiran anak yang diciptakan) dengan kalimat dari-Nya, namanya Isa Almasih putra Maryam, seorang terkemuka di dunia dan di akhirat serta termasuk orang-orang yang didekatkan (kepada Allah).	Allah	http://www.wikidata.org/entity/Q2095353	Allah
3	47	Dia (Maryam) berkata, “Wahai Tuhanku, bagaimana mungkin aku akan mempunyai anak, padahal tidak ada seorang laki-laki pun yang menyentuhku?” Dia (Allah) berfirman, “Demikianlah, Allah menciptakan apa yang Dia kehendaki.” Apabila Dia hendak menetapkan sesuatu, Dia hanya berkata padanya, “Jadilah!” Maka, jadilah sesuatu itu.	Maryam	http://www.wikidata.org/entity/Q1478857	Person
3	47	Dia (Maryam) berkata, “Wahai Tuhanku, bagaimana mungkin aku akan mempunyai anak, padahal tidak ada seorang laki-laki pun yang menyentuhku?” Dia (Allah) berfirman, “Demikianlah, Allah menciptakan apa yang Dia kehendaki.” Apabila Dia hendak menetapkan sesuatu, Dia hanya berkata padanya, “Jadilah!” Maka, jadilah sesuatu itu.	Allah	http://www.wikidata.org/entity/Q2095353	Allah
3	47	Dia (Maryam) berkata, “Wahai Tuhanku, bagaimana mungkin aku akan mempunyai anak, padahal tidak ada seorang laki-laki pun yang menyentuhku?” Dia (Allah) berfirman, “Demikianlah, Allah menciptakan apa yang Dia kehendaki.” Apabila Dia hendak menetapkan sesuatu, Dia hanya berkata padanya, “Jadilah!” Maka, jadilah sesuatu itu.	Allah	http://www.wikidata.org/entity/Q2095353	Allah
3	48	Dia (Allah) mengajarkan kepadanya (Isa) kitab, hikmah, Taurat, dan Injil.	Allah	http://www.wikidata.org/entity/Q2095353	Allah
3	48	Dia (Allah) mengajarkan kepadanya (Isa) kitab, hikmah, Taurat, dan Injil.	Isa	http://www.wikidata.org/entity/Q51664	Messenger
3	48	Dia (Allah) mengajarkan kepadanya (Isa) kitab, hikmah, Taurat, dan Injil.	Taurat	http://www.wikidata.org/entity/Q2383104	HolyBook
3	48	Dia (Allah) mengajarkan kepadanya (Isa) kitab, hikmah, Taurat, dan Injil.	Injil	http://www.wikidata.org/entity/Q1762323	HolyBook
3	50	(Aku diutus untuk) membenarkan Taurat yang (diturunkan) sebelumku dan untuk menghalalkan bagi kamu sebagian perkara yang telah diharamkan untukmu. Aku datang kepadamu dengan membawa tanda (mukjizat) dari Tuhanmu. Oleh karena itu, bertakwalah kepada Allah dan taatlah kepadaku.	Taurat	http://www.wikidata.org/entity/Q2383104	HolyBook
3	50	(Aku diutus untuk) membenarkan Taurat yang (diturunkan) sebelumku dan untuk menghalalkan bagi kamu sebagian perkara yang telah diharamkan untukmu. Aku datang kepadamu dengan membawa tanda (mukjizat) dari Tuhanmu. Oleh karena itu, bertakwalah kepada Allah dan taatlah kepadaku.	Allah	http://www.wikidata.org/entity/Q2095353	Allah
3	53	Wahai Tuhan kami, kami telah beriman pada apa yang Engkau turunkan dan kami telah mengikuti Rasul. Oleh karena itu, tetapkanlah kami bersama orang-orang yang memberikan kesaksian.”			
3	54	Mereka (orang-orang kafir) membuat tipu daya dan Allah pun membalas tipu daya (mereka). Allah sebaik-baik pembalas tipu daya.	Allah	http://www.wikidata.org/entity/Q2095353	Allah
3	54	Mereka (orang-orang kafir) membuat tipu daya dan Allah pun membalas tipu daya (mereka). Allah sebaik-baik pembalas tipu daya.	Allah	http://www.wikidata.org/entity/Q2095353	Allah
3	55	(Ingatlah) ketika Allah berfirman, “Wahai Isa, sesungguhnya Aku mengambilmu, mengangkatmu kepada-Ku, menyucikanmu dari orang-orang yang kufur, dan menjadikan orang-orang yang mengikutimu lebih unggul daripada orang-orang yang kufur hingga hari Kiamat. Kemudian, kepada-Kulah kamu kembali, lalu Aku beri keputusan tentang apa yang selalu kamu perselisihkan.	Allah	http://www.wikidata.org/entity/Q2095353	Allah
3	55	(Ingatlah) ketika Allah berfirman, “Wahai Isa, sesungguhnya Aku mengambilmu, mengangkatmu kepada-Ku, menyucikanmu dari orang-orang yang kufur, dan menjadikan orang-orang yang mengikutimu lebih unggul daripada orang-orang yang kufur hingga hari Kiamat. Kemudian, kepada-Kulah kamu kembali, lalu Aku beri keputusan tentang apa yang selalu kamu perselisihkan.	Isa	http://www.wikidata.org/entity/Q51664	Messenger
3	55	(Ingatlah) ketika Allah berfirman, “Wahai Isa, sesungguhnya Aku mengambilmu, mengangkatmu kepada-Ku, menyucikanmu dari orang-orang yang kufur, dan menjadikan orang-orang yang mengikutimu lebih unggul daripada orang-orang yang kufur hingga hari Kiamat. Kemudian, kepada-Kulah kamu kembali, lalu Aku beri keputusan tentang apa yang selalu kamu perselisihkan.	hari Kiamat	http://www.wikidata.org/entity/Q12200906	Event
3	56	Adapun orang-orang yang kufur akan Aku azab mereka dengan azab yang sangat keras di dunia dan di akhirat dan sekali-kali tidak ada penolong bagi mereka.”			
3	57	Sementara itu, orang-orang yang beriman dan beramal saleh akan Dia berikan pahala mereka dengan sempurna. Allah tidak menyukai orang-orang zalim.	Allah	http://www.wikidata.org/entity/Q2095353	Allah
3	59	Sesungguhnya perumpamaan (penciptaan) Isa bagi Allah adalah seperti (penciptaan) Adam. Dia menciptakannya dari tanah kemudian berfirman kepadanya, “Jadilah!” Maka, jadilah sesuatu itu.	Isa	http://www.wikidata.org/entity/Q51664	Messenger
3	59	Sesungguhnya perumpamaan (penciptaan) Isa bagi Allah adalah seperti (penciptaan) Adam. Dia menciptakannya dari tanah kemudian berfirman kepadanya, “Jadilah!” Maka, jadilah sesuatu itu.	Allah	http://www.wikidata.org/entity/Q2095353	Allah
3	59	Sesungguhnya perumpamaan (penciptaan) Isa bagi Allah adalah seperti (penciptaan) Adam. Dia menciptakannya dari tanah kemudian berfirman kepadanya, “Jadilah!” Maka, jadilah sesuatu itu.	Adam	http://www.wikidata.org/entity/Q2001710	Prophet
3	60	Kebenaran itu dari Tuhanmu. Oleh karena itu, janganlah engkau (Nabi Muhammad) termasuk orang-orang yang ragu.	Muhammad	http://www.wikidata.org/entity/Q9458	Messenger
3	61	Siapa yang membantahmu dalam hal ini setelah datang ilmu kepadamu, maka katakanlah (Nabi Muhammad), “Marilah kita panggil anak-anak kami dan anak-anak kamu, istri-istri kami dan istri-istri kamu, diri kami dan diri kamu, kemudian marilah kita bermubahalah agar laknat Allah ditimpakan kepada para pendusta.”	Muhammad	http://www.wikidata.org/entity/Q9458	Messenger
3	61	Siapa yang membantahmu dalam hal ini setelah datang ilmu kepadamu, maka katakanlah (Nabi Muhammad), “Marilah kita panggil anak-anak kami dan anak-anak kamu, istri-istri kami dan istri-istri kamu, diri kami dan diri kamu, kemudian marilah kita bermubahalah agar laknat Allah ditimpakan kepada para pendusta.”	Allah	http://www.wikidata.org/entity/Q2095353	Allah
3	62	Sesungguhnya ini benar-benar kisah yang hak. Tidak ada tuhan selain Allah, dan sesungguhnya Allahlah yang benar-benar Maha Perkasa lagi Maha Bijaksana.	Allah	http://www.wikidata.org/entity/Q2095353	Allah
3	63	Jika mereka berpaling, (ketahuilah) bahwa sesungguhnya Allah Maha Mengetahui orang-orang yang berbuat kerusakan.	Allah	http://www.wikidata.org/entity/Q2095353	Allah
3	64	Katakanlah (Nabi Muhammad), “Wahai Ahlulkitab, marilah (kita) menuju pada satu kalimat (pegangan) yang sama antara kami dan kamu, (yakni) kita tidak menyembah selain Allah, kita tidak mempersekutukan-Nya dengan sesuatu apa pun, dan tidak (pula) sebagian kita menjadikan sebagian yang lain sebagai tuhan-tuhan selain Allah.” Jika mereka berpaling, katakanlah (kepada mereka), “Saksikanlah bahwa sesungguhnya kami adalah orang-orang muslim.”	Muhammad	http://www.wikidata.org/entity/Q9458	Messenger
3	64	Katakanlah (Nabi Muhammad), “Wahai Ahlulkitab, marilah (kita) menuju pada satu kalimat (pegangan) yang sama antara kami dan kamu, (yakni) kita tidak menyembah selain Allah, kita tidak mempersekutukan-Nya dengan sesuatu apa pun, dan tidak (pula) sebagian kita menjadikan sebagian yang lain sebagai tuhan-tuhan selain Allah.” Jika mereka berpaling, katakanlah (kepada mereka), “Saksikanlah bahwa sesungguhnya kami adalah orang-orang muslim.”	Ahlulkitab	http://www.wikidata.org/entity/Q216565	Person
3	64	Katakanlah (Nabi Muhammad), “Wahai Ahlulkitab, marilah (kita) menuju pada satu kalimat (pegangan) yang sama antara kami dan kamu, (yakni) kita tidak menyembah selain Allah, kita tidak mempersekutukan-Nya dengan sesuatu apa pun, dan tidak (pula) sebagian kita menjadikan sebagian yang lain sebagai tuhan-tuhan selain Allah.” Jika mereka berpaling, katakanlah (kepada mereka), “Saksikanlah bahwa sesungguhnya kami adalah orang-orang muslim.”	Allah	http://www.wikidata.org/entity/Q2095353	Allah
3	64	Katakanlah (Nabi Muhammad), “Wahai Ahlulkitab, marilah (kita) menuju pada satu kalimat (pegangan) yang sama antara kami dan kamu, (yakni) kita tidak menyembah selain Allah, kita tidak mempersekutukan-Nya dengan sesuatu apa pun, dan tidak (pula) sebagian kita menjadikan sebagian yang lain sebagai tuhan-tuhan selain Allah.” Jika mereka berpaling, katakanlah (kepada mereka), “Saksikanlah bahwa sesungguhnya kami adalah orang-orang muslim.”	Allah	http://www.wikidata.org/entity/Q2095353	Allah
3	65	Wahai Ahlulkitab, mengapa kamu berbantah-bantahan tentang Ibrahim? Padahal, Taurat dan Injil tidak diturunkan, kecuali setelah dia (Ibrahim). Apakah kamu tidak mengerti?	Ahlulkitab	http://www.wikidata.org/entity/Q216565	Person
3	65	Wahai Ahlulkitab, mengapa kamu berbantah-bantahan tentang Ibrahim? Padahal, Taurat dan Injil tidak diturunkan, kecuali setelah dia (Ibrahim). Apakah kamu tidak mengerti?	Ibrahim	http://www.wikidata.org/entity/Q1768161	Messenger
3	65	Wahai Ahlulkitab, mengapa kamu berbantah-bantahan tentang Ibrahim? Padahal, Taurat dan Injil tidak diturunkan, kecuali setelah dia (Ibrahim). Apakah kamu tidak mengerti?	Taurat	http://www.wikidata.org/entity/Q2383104	HolyBook
3	65	Wahai Ahlulkitab, mengapa kamu berbantah-bantahan tentang Ibrahim? Padahal, Taurat dan Injil tidak diturunkan, kecuali setelah dia (Ibrahim). Apakah kamu tidak mengerti?	Injil	http://www.wikidata.org/entity/Q1762323	HolyBook
3	65	Wahai Ahlulkitab, mengapa kamu berbantah-bantahan tentang Ibrahim? Padahal, Taurat dan Injil tidak diturunkan, kecuali setelah dia (Ibrahim). Apakah kamu tidak mengerti?	Ibrahim	http://www.wikidata.org/entity/Q1768161	Messenger
3	66	Begitulah kamu. Kamu berbantah-bantahan tentang apa yang kamu ketahui, tetapi mengapa kamu berbantah-bantahan (juga) tentang apa yang tidak kamu ketahui? Allah mengetahui, sedangkan kamu tidak mengetahui.	Allah	http://www.wikidata.org/entity/Q2095353	Allah
3	67	Ibrahim bukanlah seorang Yahudi dan bukan pula seorang Nasrani, melainkan dia adalah seorang yang hanif lagi berserah diri (muslim). Dia bukan pula termasuk (golongan) orang-orang musyrik.	Ibrahim	http://www.wikidata.org/entity/Q1768161	Messenger
3	67	Ibrahim bukanlah seorang Yahudi dan bukan pula seorang Nasrani, melainkan dia adalah seorang yang hanif lagi berserah diri (muslim). Dia bukan pula termasuk (golongan) orang-orang musyrik.	Yahudi	http://www.wikidata.org/entity/Q7325	Religion
3	67	Ibrahim bukanlah seorang Yahudi dan bukan pula seorang Nasrani, melainkan dia adalah seorang yang hanif lagi berserah diri (muslim). Dia bukan pula termasuk (golongan) orang-orang musyrik.	Nasrani	http://www.wikidata.org/entity/Q106039	Religion
3	68	Sesungguhnya orang yang paling dekat dengan Ibrahim adalah orang-orang yang mengikutinya, Nabi ini (Nabi Muhammad), dan orang-orang yang beriman. Allah adalah pelindung orang-orang mukmin.	Ibrahim	http://www.wikidata.org/entity/Q1768161	Messenger
3	68	Sesungguhnya orang yang paling dekat dengan Ibrahim adalah orang-orang yang mengikutinya, Nabi ini (Nabi Muhammad), dan orang-orang yang beriman. Allah adalah pelindung orang-orang mukmin.	Muhammad	http://www.wikidata.org/entity/Q9458	Messenger
3	68	Sesungguhnya orang yang paling dekat dengan Ibrahim adalah orang-orang yang mengikutinya, Nabi ini (Nabi Muhammad), dan orang-orang yang beriman. Allah adalah pelindung orang-orang mukmin.	Allah	http://www.wikidata.org/entity/Q2095353	Allah
3	69	Segolongan Ahlulkitab ingin menyesatkan kamu. Padahal, mereka tidak menyesatkan (siapa pun), kecuali diri mereka sendiri. Akan tetapi, mereka tidak sadar.	Ahlulkitab	http://www.wikidata.org/entity/Q216565	Person
3	72	Segolongan Ahlulkitab berkata (kepada sesamanya), “Berimanlah kamu pada apa yang diturunkan kepada orang-orang yang beriman pada awal siang dan ingkarlah pada akhir (siang) agar mereka kembali (pada kekufuran).	Ahlulkitab	http://www.wikidata.org/entity/Q216565	Person
3	73	Janganlah kamu percaya selain kepada orang yang mengikuti agamamu.” Katakanlah (Nabi Muhammad), “Sesungguhnya petunjuk (yang sempurna) itu hanyalah petunjuk Allah. (Janganlah kamu percaya) bahwa seseorang akan diberi seperti apa yang diberikan kepada kamu atau mereka akan menyanggah kamu di hadapan Tuhanmu.” Katakanlah (Nabi Muhammad), “Sesungguhnya karunia itu di tangan Allah. Dia menganugerahkannya kepada siapa yang Dia kehendaki. Allah Maha Luas lagi Maha Mengetahui.”	Muhammad	http://www.wikidata.org/entity/Q9458	Messenger
3	73	Janganlah kamu percaya selain kepada orang yang mengikuti agamamu.” Katakanlah (Nabi Muhammad), “Sesungguhnya petunjuk (yang sempurna) itu hanyalah petunjuk Allah. (Janganlah kamu percaya) bahwa seseorang akan diberi seperti apa yang diberikan kepada kamu atau mereka akan menyanggah kamu di hadapan Tuhanmu.” Katakanlah (Nabi Muhammad), “Sesungguhnya karunia itu di tangan Allah. Dia menganugerahkannya kepada siapa yang Dia kehendaki. Allah Maha Luas lagi Maha Mengetahui.”	Allah	http://www.wikidata.org/entity/Q2095353	Allah
3	73	Janganlah kamu percaya selain kepada orang yang mengikuti agamamu.” Katakanlah (Nabi Muhammad), “Sesungguhnya petunjuk (yang sempurna) itu hanyalah petunjuk Allah. (Janganlah kamu percaya) bahwa seseorang akan diberi seperti apa yang diberikan kepada kamu atau mereka akan menyanggah kamu di hadapan Tuhanmu.” Katakanlah (Nabi Muhammad), “Sesungguhnya karunia itu di tangan Allah. Dia menganugerahkannya kepada siapa yang Dia kehendaki. Allah Maha Luas lagi Maha Mengetahui.”	Muhammad	http://www.wikidata.org/entity/Q9458	Messenger
3	73	Janganlah kamu percaya selain kepada orang yang mengikuti agamamu.” Katakanlah (Nabi Muhammad), “Sesungguhnya petunjuk (yang sempurna) itu hanyalah petunjuk Allah. (Janganlah kamu percaya) bahwa seseorang akan diberi seperti apa yang diberikan kepada kamu atau mereka akan menyanggah kamu di hadapan Tuhanmu.” Katakanlah (Nabi Muhammad), “Sesungguhnya karunia itu di tangan Allah. Dia menganugerahkannya kepada siapa yang Dia kehendaki. Allah Maha Luas lagi Maha Mengetahui.”	Allah	http://www.wikidata.org/entity/Q2095353	Allah
3	73	Janganlah kamu percaya selain kepada orang yang mengikuti agamamu.” Katakanlah (Nabi Muhammad), “Sesungguhnya petunjuk (yang sempurna) itu hanyalah petunjuk Allah. (Janganlah kamu percaya) bahwa seseorang akan diberi seperti apa yang diberikan kepada kamu atau mereka akan menyanggah kamu di hadapan Tuhanmu.” Katakanlah (Nabi Muhammad), “Sesungguhnya karunia itu di tangan Allah. Dia menganugerahkannya kepada siapa yang Dia kehendaki. Allah Maha Luas lagi Maha Mengetahui.”	Allah	http://www.wikidata.org/entity/Q2095353	Allah
3	74	Dia menentukan rahmat-Nya kepada siapa yang Dia kehendaki dan Allah memiliki karunia yang besar.	Allah	http://www.wikidata.org/entity/Q2095353	Allah
3	75	Di antara Ahlulkitab ada orang yang jika engkau percayakan kepadanya harta yang banyak, niscaya dia mengembalikannya kepadamu. Akan tetapi, ada (pula) di antara mereka orang yang jika engkau percayakan kepadanya satu dinar, dia tidak mengembalikannya kepadamu, kecuali jika engkau selalu menagihnya. Yang demikian itu disebabkan mereka berkata, “Tidak ada dosa bagi kami terhadap orang-orang umi.” Mereka mengatakan hal yang dusta terhadap Allah, padahal mereka mengetahui.	Ahlulkitab	http://www.wikidata.org/entity/Q216565	Person
3	75	Di antara Ahlulkitab ada orang yang jika engkau percayakan kepadanya harta yang banyak, niscaya dia mengembalikannya kepadamu. Akan tetapi, ada (pula) di antara mereka orang yang jika engkau percayakan kepadanya satu dinar, dia tidak mengembalikannya kepadamu, kecuali jika engkau selalu menagihnya. Yang demikian itu disebabkan mereka berkata, “Tidak ada dosa bagi kami terhadap orang-orang umi.” Mereka mengatakan hal yang dusta terhadap Allah, padahal mereka mengetahui.	Allah	http://www.wikidata.org/entity/Q2095353	Allah
3	77	Sesungguhnya orang-orang yang memperjualbelikan janji Allah dan sumpah-sumpah mereka dengan harga murah, mereka itu tidak memperoleh bagian di akhirat, Allah tidak akan menyapa mereka, tidak akan memperhatikan mereka pada hari Kiamat, dan tidak akan menyucikan mereka. Bagi mereka azab yang pedih.	Allah	http://www.wikidata.org/entity/Q2095353	Allah
3	77	Sesungguhnya orang-orang yang memperjualbelikan janji Allah dan sumpah-sumpah mereka dengan harga murah, mereka itu tidak memperoleh bagian di akhirat, Allah tidak akan menyapa mereka, tidak akan memperhatikan mereka pada hari Kiamat, dan tidak akan menyucikan mereka. Bagi mereka azab yang pedih.	Allah	http://www.wikidata.org/entity/Q2095353	Allah
3	77	Sesungguhnya orang-orang yang memperjualbelikan janji Allah dan sumpah-sumpah mereka dengan harga murah, mereka itu tidak memperoleh bagian di akhirat, Allah tidak akan menyapa mereka, tidak akan memperhatikan mereka pada hari Kiamat, dan tidak akan menyucikan mereka. Bagi mereka azab yang pedih.	hari Kiamat	http://www.wikidata.org/entity/Q12200906	Event
3	78	Sesungguhnya di antara mereka (Bani Israil) ada segolongan yang memutar-mutar lidahnya (ketika membaca) Alkitab agar kamu menyangka (yang mereka baca) itu sebagian dari Alkitab. Padahal, itu bukan dari Alkitab. Mereka berkata, “Itu dari Allah.” Padahal, itu bukan dari Allah. Mereka mengatakan hal yang dusta terhadap Allah, sedangkan mereka mengetahui.	Bani Israil	http://www.wikidata.org/entity/Q2605404	Person
3	78	Sesungguhnya di antara mereka (Bani Israil) ada segolongan yang memutar-mutar lidahnya (ketika membaca) Alkitab agar kamu menyangka (yang mereka baca) itu sebagian dari Alkitab. Padahal, itu bukan dari Alkitab. Mereka berkata, “Itu dari Allah.” Padahal, itu bukan dari Allah. Mereka mengatakan hal yang dusta terhadap Allah, sedangkan mereka mengetahui.	Allah	http://www.wikidata.org/entity/Q2095353	Allah
3	78	Sesungguhnya di antara mereka (Bani Israil) ada segolongan yang memutar-mutar lidahnya (ketika membaca) Alkitab agar kamu menyangka (yang mereka baca) itu sebagian dari Alkitab. Padahal, itu bukan dari Alkitab. Mereka berkata, “Itu dari Allah.” Padahal, itu bukan dari Allah. Mereka mengatakan hal yang dusta terhadap Allah, sedangkan mereka mengetahui.	Allah	http://www.wikidata.org/entity/Q2095353	Allah
3	78	Sesungguhnya di antara mereka (Bani Israil) ada segolongan yang memutar-mutar lidahnya (ketika membaca) Alkitab agar kamu menyangka (yang mereka baca) itu sebagian dari Alkitab. Padahal, itu bukan dari Alkitab. Mereka berkata, “Itu dari Allah.” Padahal, itu bukan dari Allah. Mereka mengatakan hal yang dusta terhadap Allah, sedangkan mereka mengetahui.	Allah	http://www.wikidata.org/entity/Q2095353	Allah
3	80	Tidak (sepatutnya) pula dia menyuruh kamu menjadikan para malaikat dan para nabi sebagai tuhan. Apakah (patut) dia menyuruh kamu (berbuat) kekufuran setelah kamu menjadi muslim?			
3	81	(Ingatlah) ketika Allah mengambil perjanjian dari para nabi, “Manakala Aku memberikan kitab dan hikmah kepadamu, lalu datang kepada kamu seorang rasul yang membenarkan apa yang ada pada kamu, niscaya kamu akan sungguh-sungguh beriman kepadanya dan menolongnya.” Allah berfirman, “Apakah kamu mengakui dan menerima perjanjian dengan-Ku atas yang demikian itu?” Mereka menjawab, “Kami mengakui.” Allah berfirman, “Kalau begitu, bersaksilah kamu (para nabi) dan Aku menjadi saksi (pula) bersama kamu.”	Allah	http://www.wikidata.org/entity/Q2095353	Allah
3	81	(Ingatlah) ketika Allah mengambil perjanjian dari para nabi, “Manakala Aku memberikan kitab dan hikmah kepadamu, lalu datang kepada kamu seorang rasul yang membenarkan apa yang ada pada kamu, niscaya kamu akan sungguh-sungguh beriman kepadanya dan menolongnya.” Allah berfirman, “Apakah kamu mengakui dan menerima perjanjian dengan-Ku atas yang demikian itu?” Mereka menjawab, “Kami mengakui.” Allah berfirman, “Kalau begitu, bersaksilah kamu (para nabi) dan Aku menjadi saksi (pula) bersama kamu.”	Allah	http://www.wikidata.org/entity/Q2095353	Allah
3	81	(Ingatlah) ketika Allah mengambil perjanjian dari para nabi, “Manakala Aku memberikan kitab dan hikmah kepadamu, lalu datang kepada kamu seorang rasul yang membenarkan apa yang ada pada kamu, niscaya kamu akan sungguh-sungguh beriman kepadanya dan menolongnya.” Allah berfirman, “Apakah kamu mengakui dan menerima perjanjian dengan-Ku atas yang demikian itu?” Mereka menjawab, “Kami mengakui.” Allah berfirman, “Kalau begitu, bersaksilah kamu (para nabi) dan Aku menjadi saksi (pula) bersama kamu.”	Allah	http://www.wikidata.org/entity/Q2095353	Allah
3	83	Mengapa mereka mencari agama selain agama Allah? Padahal, hanya kepada-Nya apa yang ada di langit dan di bumi berserah diri, baik dengan suka maupun terpaksa, dan hanya kepada-Nya mereka dikembalikan.	Allah	http://www.wikidata.org/entity/Q2095353	Allah
3	83	Mengapa mereka mencari agama selain agama Allah? Padahal, hanya kepada-Nya apa yang ada di langit dan di bumi berserah diri, baik dengan suka maupun terpaksa, dan hanya kepada-Nya mereka dikembalikan.	langit	http://www.wikidata.org/entity/Q527	AstronomicalBody
3	83	Mengapa mereka mencari agama selain agama Allah? Padahal, hanya kepada-Nya apa yang ada di langit dan di bumi berserah diri, baik dengan suka maupun terpaksa, dan hanya kepada-Nya mereka dikembalikan.	bumi	http://www.wikidata.org/entity/Q2	AstronomicalBody
3	84	Katakanlah (Nabi Muhammad), “Kami beriman kepada Allah dan pada apa yang diturunkan kepada kami dan yang diturunkan kepada Ibrahim, Ismail, Ishaq, Ya‘qub beserta anak cucunya, dan apa yang diberikan kepada Musa, Isa, serta para nabi dari Tuhan mereka. Kami tidak membeda-bedakan seorang pun di antara mereka dan hanya kepada-Nya kami berserah diri.”	Muhammad	http://www.wikidata.org/entity/Q9458	Messenger
3	84	Katakanlah (Nabi Muhammad), “Kami beriman kepada Allah dan pada apa yang diturunkan kepada kami dan yang diturunkan kepada Ibrahim, Ismail, Ishaq, Ya‘qub beserta anak cucunya, dan apa yang diberikan kepada Musa, Isa, serta para nabi dari Tuhan mereka. Kami tidak membeda-bedakan seorang pun di antara mereka dan hanya kepada-Nya kami berserah diri.”	Allah	http://www.wikidata.org/entity/Q2095353	Allah
3	84	Katakanlah (Nabi Muhammad), “Kami beriman kepada Allah dan pada apa yang diturunkan kepada kami dan yang diturunkan kepada Ibrahim, Ismail, Ishaq, Ya‘qub beserta anak cucunya, dan apa yang diberikan kepada Musa, Isa, serta para nabi dari Tuhan mereka. Kami tidak membeda-bedakan seorang pun di antara mereka dan hanya kepada-Nya kami berserah diri.”	Ibrahim	http://www.wikidata.org/entity/Q1768161	Messenger
3	84	Katakanlah (Nabi Muhammad), “Kami beriman kepada Allah dan pada apa yang diturunkan kepada kami dan yang diturunkan kepada Ibrahim, Ismail, Ishaq, Ya‘qub beserta anak cucunya, dan apa yang diberikan kepada Musa, Isa, serta para nabi dari Tuhan mereka. Kami tidak membeda-bedakan seorang pun di antara mereka dan hanya kepada-Nya kami berserah diri.”	Ismail	http://www.wikidata.org/entity/Q470988	Messenger
3	84	Katakanlah (Nabi Muhammad), “Kami beriman kepada Allah dan pada apa yang diturunkan kepada kami dan yang diturunkan kepada Ibrahim, Ismail, Ishaq, Ya‘qub beserta anak cucunya, dan apa yang diberikan kepada Musa, Isa, serta para nabi dari Tuhan mereka. Kami tidak membeda-bedakan seorang pun di antara mereka dan hanya kepada-Nya kami berserah diri.”	Ishaq	http://www.wikidata.org/entity/Q1642480	Messenger
3	84	Katakanlah (Nabi Muhammad), “Kami beriman kepada Allah dan pada apa yang diturunkan kepada kami dan yang diturunkan kepada Ibrahim, Ismail, Ishaq, Ya‘qub beserta anak cucunya, dan apa yang diberikan kepada Musa, Isa, serta para nabi dari Tuhan mereka. Kami tidak membeda-bedakan seorang pun di antara mereka dan hanya kepada-Nya kami berserah diri.”	Ya‘qub	http://www.wikidata.org/entity/Q2513598	Messenger
3	84	Katakanlah (Nabi Muhammad), “Kami beriman kepada Allah dan pada apa yang diturunkan kepada kami dan yang diturunkan kepada Ibrahim, Ismail, Ishaq, Ya‘qub beserta anak cucunya, dan apa yang diberikan kepada Musa, Isa, serta para nabi dari Tuhan mereka. Kami tidak membeda-bedakan seorang pun di antara mereka dan hanya kepada-Nya kami berserah diri.”	Musa	http://www.wikidata.org/entity/Q1990155	Messenger
3	84	Katakanlah (Nabi Muhammad), “Kami beriman kepada Allah dan pada apa yang diturunkan kepada kami dan yang diturunkan kepada Ibrahim, Ismail, Ishaq, Ya‘qub beserta anak cucunya, dan apa yang diberikan kepada Musa, Isa, serta para nabi dari Tuhan mereka. Kami tidak membeda-bedakan seorang pun di antara mereka dan hanya kepada-Nya kami berserah diri.”	Isa	http://www.wikidata.org/entity/Q51664	Messenger
3	85	Siapa yang mencari agama selain Islam, sekali-kali (agamanya) tidak akan diterima darinya dan di akhirat dia termasuk orang-orang yang rugi.	Islam	http://www.wikidata.org/entity/Q432	Religion
3	86	Bagaimana (mungkin) Allah akan memberi petunjuk kepada suatu kaum yang kufur setelah mereka beriman dan mengakui bahwa Rasul (Muhammad) itu benar dan bukti-bukti yang jelas telah sampai kepada mereka? Allah tidak memberi petunjuk kepada kaum yang zalim.	Allah	http://www.wikidata.org/entity/Q2095353	Allah
3	86	Bagaimana (mungkin) Allah akan memberi petunjuk kepada suatu kaum yang kufur setelah mereka beriman dan mengakui bahwa Rasul (Muhammad) itu benar dan bukti-bukti yang jelas telah sampai kepada mereka? Allah tidak memberi petunjuk kepada kaum yang zalim.	Muhammad	http://www.wikidata.org/entity/Q9458	Messenger
3	86	Bagaimana (mungkin) Allah akan memberi petunjuk kepada suatu kaum yang kufur setelah mereka beriman dan mengakui bahwa Rasul (Muhammad) itu benar dan bukti-bukti yang jelas telah sampai kepada mereka? Allah tidak memberi petunjuk kepada kaum yang zalim.	Allah	http://www.wikidata.org/entity/Q2095353	Allah
3	87	Mereka itu, balasannya adalah ditimpa laknat Allah, para malaikat, dan manusia seluruhnya.	Allah	http://www.wikidata.org/entity/Q2095353	Allah
3	88	Mereka kekal di dalamnya (laknat). Tidak akan diringankan azab dari mereka, dan mereka tidak diberi penangguhan,			
3	89	kecuali orang-orang yang bertobat setelah itu dan memperbaiki (dirinya). Sesungguhnya Allah Maha Pengampun lagi Maha Penyayang.	Allah	http://www.wikidata.org/entity/Q2095353	Allah
3	90	Sesungguhnya orang-orang yang kufur setelah beriman, kemudian bertambah kekufurannya, tidak akan diterima tobatnya dan mereka itulah orang-orang sesat.			
3	91	Sesungguhnya orang-orang yang kufur dan mati sebagai orang-orang kafir tidak akan diterima (tebusan) dari seseorang di antara mereka sekalipun (berupa) emas sepenuh bumi, sekiranya dia hendak menebus diri dengannya. Mereka itulah orang-orang yang mendapat azab yang pedih dan tidak ada penolong bagi mereka.	bumi	http://www.wikidata.org/entity/Q2	AstronomicalBody
3	93	Semua makanan halal bagi Bani Israil, kecuali makanan yang diharamkan oleh Israil (Ya‘qub) atas dirinya sebelum Taurat diturunkan. Katakanlah (Nabi Muhammad), “Bawalah Taurat lalu bacalah, jika kamu orang-orang yang benar.”	Bani Israil	http://www.wikidata.org/entity/Q2605404	Person
3	93	Semua makanan halal bagi Bani Israil, kecuali makanan yang diharamkan oleh Israil (Ya‘qub) atas dirinya sebelum Taurat diturunkan. Katakanlah (Nabi Muhammad), “Bawalah Taurat lalu bacalah, jika kamu orang-orang yang benar.”	Israil	http://www.wikidata.org/entity/Q2513598	Prophet
3	93	Semua makanan halal bagi Bani Israil, kecuali makanan yang diharamkan oleh Israil (Ya‘qub) atas dirinya sebelum Taurat diturunkan. Katakanlah (Nabi Muhammad), “Bawalah Taurat lalu bacalah, jika kamu orang-orang yang benar.”	Ya‘qub	http://www.wikidata.org/entity/Q2513598	Messenger
3	93	Semua makanan halal bagi Bani Israil, kecuali makanan yang diharamkan oleh Israil (Ya‘qub) atas dirinya sebelum Taurat diturunkan. Katakanlah (Nabi Muhammad), “Bawalah Taurat lalu bacalah, jika kamu orang-orang yang benar.”	Taurat	http://www.wikidata.org/entity/Q2383104	HolyBook
3	93	Semua makanan halal bagi Bani Israil, kecuali makanan yang diharamkan oleh Israil (Ya‘qub) atas dirinya sebelum Taurat diturunkan. Katakanlah (Nabi Muhammad), “Bawalah Taurat lalu bacalah, jika kamu orang-orang yang benar.”	Muhammad	http://www.wikidata.org/entity/Q9458	Messenger
3	93	Semua makanan halal bagi Bani Israil, kecuali makanan yang diharamkan oleh Israil (Ya‘qub) atas dirinya sebelum Taurat diturunkan. Katakanlah (Nabi Muhammad), “Bawalah Taurat lalu bacalah, jika kamu orang-orang yang benar.”	Taurat	http://www.wikidata.org/entity/Q2383104	HolyBook
3	94	Maka, siapa yang mengada-adakan kebohongan terhadap Allah setelah itu, mereka itulah orang-orang zalim.	Allah	http://www.wikidata.org/entity/Q2095353	Allah
3	95	Katakanlah (Nabi Muhammad), “Maha Benar Allah (dalam firman-Nya).” Maka, ikutilah agama Ibrahim yang hanif dan dia tidaklah termasuk orang-orang musyrik.	Muhammad	http://www.wikidata.org/entity/Q9458	Messenger
3	95	Katakanlah (Nabi Muhammad), “Maha Benar Allah (dalam firman-Nya).” Maka, ikutilah agama Ibrahim yang hanif dan dia tidaklah termasuk orang-orang musyrik.	Allah	http://www.wikidata.org/entity/Q2095353	Allah
3	95	Katakanlah (Nabi Muhammad), “Maha Benar Allah (dalam firman-Nya).” Maka, ikutilah agama Ibrahim yang hanif dan dia tidaklah termasuk orang-orang musyrik.	agama Ibrahim	http://www.wikidata.org/entity/Q432	Religion
3	96	Sesungguhnya rumah (ibadah) pertama yang dibangun untuk manusia adalah (Baitullah) yang (berada) di Bakkah (Makkah) yang diberkahi dan menjadi petunjuk bagi seluruh alam.	Baitullah	http://www.wikidata.org/entity/Q29466	Artifact
3	96	Sesungguhnya rumah (ibadah) pertama yang dibangun untuk manusia adalah (Baitullah) yang (berada) di Bakkah (Makkah) yang diberkahi dan menjadi petunjuk bagi seluruh alam.	Bakkah	http://www.wikidata.org/entity/Q5806	GeographicalLocation
3	96	Sesungguhnya rumah (ibadah) pertama yang dibangun untuk manusia adalah (Baitullah) yang (berada) di Bakkah (Makkah) yang diberkahi dan menjadi petunjuk bagi seluruh alam.	Makkah	http://www.wikidata.org/entity/Q5806	GeographicalLocation
3	97	Di dalamnya terdapat tanda-tanda yang jelas, (di antaranya) Maqam Ibrahim. Siapa yang memasukinya (Baitullah), maka amanlah dia. (Di antara) kewajiban manusia terhadap Allah adalah melaksanakan ibadah haji ke Baitullah, (yaitu bagi) orang yang mampu mengadakan perjalanan ke sana. Siapa yang mengingkari (kewajiban haji), maka sesungguhnya Allah Maha Kaya (tidak memerlukan sesuatu pun) dari seluruh alam.	Maqam Ibrahim	http://www.wikidata.org/entity/Q3696312	Artifact
3	97	Di dalamnya terdapat tanda-tanda yang jelas, (di antaranya) Maqam Ibrahim. Siapa yang memasukinya (Baitullah), maka amanlah dia. (Di antara) kewajiban manusia terhadap Allah adalah melaksanakan ibadah haji ke Baitullah, (yaitu bagi) orang yang mampu mengadakan perjalanan ke sana. Siapa yang mengingkari (kewajiban haji), maka sesungguhnya Allah Maha Kaya (tidak memerlukan sesuatu pun) dari seluruh alam.	Baitullah	http://www.wikidata.org/entity/Q29466	Artifact
3	97	Di dalamnya terdapat tanda-tanda yang jelas, (di antaranya) Maqam Ibrahim. Siapa yang memasukinya (Baitullah), maka amanlah dia. (Di antara) kewajiban manusia terhadap Allah adalah melaksanakan ibadah haji ke Baitullah, (yaitu bagi) orang yang mampu mengadakan perjalanan ke sana. Siapa yang mengingkari (kewajiban haji), maka sesungguhnya Allah Maha Kaya (tidak memerlukan sesuatu pun) dari seluruh alam.	Allah	http://www.wikidata.org/entity/Q2095353	Allah
3	97	Di dalamnya terdapat tanda-tanda yang jelas, (di antaranya) Maqam Ibrahim. Siapa yang memasukinya (Baitullah), maka amanlah dia. (Di antara) kewajiban manusia terhadap Allah adalah melaksanakan ibadah haji ke Baitullah, (yaitu bagi) orang yang mampu mengadakan perjalanan ke sana. Siapa yang mengingkari (kewajiban haji), maka sesungguhnya Allah Maha Kaya (tidak memerlukan sesuatu pun) dari seluruh alam.	haji	http://www.wikidata.org/entity/Q234915	Event
3	97	Di dalamnya terdapat tanda-tanda yang jelas, (di antaranya) Maqam Ibrahim. Siapa yang memasukinya (Baitullah), maka amanlah dia. (Di antara) kewajiban manusia terhadap Allah adalah melaksanakan ibadah haji ke Baitullah, (yaitu bagi) orang yang mampu mengadakan perjalanan ke sana. Siapa yang mengingkari (kewajiban haji), maka sesungguhnya Allah Maha Kaya (tidak memerlukan sesuatu pun) dari seluruh alam.	Baitullah	http://www.wikidata.org/entity/Q29466	Artifact
3	97	Di dalamnya terdapat tanda-tanda yang jelas, (di antaranya) Maqam Ibrahim. Siapa yang memasukinya (Baitullah), maka amanlah dia. (Di antara) kewajiban manusia terhadap Allah adalah melaksanakan ibadah haji ke Baitullah, (yaitu bagi) orang yang mampu mengadakan perjalanan ke sana. Siapa yang mengingkari (kewajiban haji), maka sesungguhnya Allah Maha Kaya (tidak memerlukan sesuatu pun) dari seluruh alam.	haji	http://www.wikidata.org/entity/Q234915	Event
3	97	Di dalamnya terdapat tanda-tanda yang jelas, (di antaranya) Maqam Ibrahim. Siapa yang memasukinya (Baitullah), maka amanlah dia. (Di antara) kewajiban manusia terhadap Allah adalah melaksanakan ibadah haji ke Baitullah, (yaitu bagi) orang yang mampu mengadakan perjalanan ke sana. Siapa yang mengingkari (kewajiban haji), maka sesungguhnya Allah Maha Kaya (tidak memerlukan sesuatu pun) dari seluruh alam.	Allah	http://www.wikidata.org/entity/Q2095353	Allah
3	98	Katakanlah (Nabi Muhammad), “Wahai Ahlulkitab, mengapa kamu terus-menerus mengingkari ayat-ayat Allah, padahal Allah Maha Menyaksikan apa yang kamu kerjakan?”	Muhammad	http://www.wikidata.org/entity/Q9458	Messenger
3	98	Katakanlah (Nabi Muhammad), “Wahai Ahlulkitab, mengapa kamu terus-menerus mengingkari ayat-ayat Allah, padahal Allah Maha Menyaksikan apa yang kamu kerjakan?”	Ahlulkitab	http://www.wikidata.org/entity/Q216565	Person
3	98	Katakanlah (Nabi Muhammad), “Wahai Ahlulkitab, mengapa kamu terus-menerus mengingkari ayat-ayat Allah, padahal Allah Maha Menyaksikan apa yang kamu kerjakan?”	Allah	http://www.wikidata.org/entity/Q2095353	Allah
3	98	Katakanlah (Nabi Muhammad), “Wahai Ahlulkitab, mengapa kamu terus-menerus mengingkari ayat-ayat Allah, padahal Allah Maha Menyaksikan apa yang kamu kerjakan?”	Allah	http://www.wikidata.org/entity/Q2095353	Allah
3	100	Wahai orang-orang yang beriman, jika kamu mengikuti segolongan dari orang yang diberi Alkitab, niscaya mereka akan mengembalikan kamu menjadi orang-orang kafir setelah beriman.			
3	101	Bagaimana kamu (sampai) menjadi kafir, padahal ayat-ayat Allah dibacakan kepada kamu dan Rasul-Nya (Nabi Muhammad) pun berada di tengah-tengah kamu? Siapa yang berpegang teguh pada (agama) Allah, sungguh dia telah diberi petunjuk ke jalan yang lurus.	Allah	http://www.wikidata.org/entity/Q2095353	Allah
3	101	Bagaimana kamu (sampai) menjadi kafir, padahal ayat-ayat Allah dibacakan kepada kamu dan Rasul-Nya (Nabi Muhammad) pun berada di tengah-tengah kamu? Siapa yang berpegang teguh pada (agama) Allah, sungguh dia telah diberi petunjuk ke jalan yang lurus.	Muhammad	http://www.wikidata.org/entity/Q9458	Messenger
3	101	Bagaimana kamu (sampai) menjadi kafir, padahal ayat-ayat Allah dibacakan kepada kamu dan Rasul-Nya (Nabi Muhammad) pun berada di tengah-tengah kamu? Siapa yang berpegang teguh pada (agama) Allah, sungguh dia telah diberi petunjuk ke jalan yang lurus.	Allah	http://www.wikidata.org/entity/Q2095353	Allah
3	102	Wahai orang-orang yang beriman, bertakwalah kepada Allah dengan sebenar-benar takwa kepada-Nya dan janganlah kamu mati kecuali dalam keadaan muslim.	Allah	http://www.wikidata.org/entity/Q2095353	Allah
3	103	Berpegangteguhlah kamu semuanya pada tali (agama) Allah, janganlah bercerai berai, dan ingatlah nikmat Allah kepadamu ketika kamu dahulu bermusuhan, lalu Allah mempersatukan hatimu sehingga dengan karunia-Nya kamu menjadi bersaudara. (Ingatlah pula ketika itu) kamu berada di tepi jurang neraka, lalu Allah menyelamatkan kamu dari sana. Demikianlah Allah menerangkan ayat-ayat-Nya kepadamu agar kamu mendapat petunjuk.	Allah	http://www.wikidata.org/entity/Q2095353	Allah
3	103	Berpegangteguhlah kamu semuanya pada tali (agama) Allah, janganlah bercerai berai, dan ingatlah nikmat Allah kepadamu ketika kamu dahulu bermusuhan, lalu Allah mempersatukan hatimu sehingga dengan karunia-Nya kamu menjadi bersaudara. (Ingatlah pula ketika itu) kamu berada di tepi jurang neraka, lalu Allah menyelamatkan kamu dari sana. Demikianlah Allah menerangkan ayat-ayat-Nya kepadamu agar kamu mendapat petunjuk.	Allah	http://www.wikidata.org/entity/Q2095353	Allah
3	103	Berpegangteguhlah kamu semuanya pada tali (agama) Allah, janganlah bercerai berai, dan ingatlah nikmat Allah kepadamu ketika kamu dahulu bermusuhan, lalu Allah mempersatukan hatimu sehingga dengan karunia-Nya kamu menjadi bersaudara. (Ingatlah pula ketika itu) kamu berada di tepi jurang neraka, lalu Allah menyelamatkan kamu dari sana. Demikianlah Allah menerangkan ayat-ayat-Nya kepadamu agar kamu mendapat petunjuk.	Allah	http://www.wikidata.org/entity/Q2095353	Allah
3	103	Berpegangteguhlah kamu semuanya pada tali (agama) Allah, janganlah bercerai berai, dan ingatlah nikmat Allah kepadamu ketika kamu dahulu bermusuhan, lalu Allah mempersatukan hatimu sehingga dengan karunia-Nya kamu menjadi bersaudara. (Ingatlah pula ketika itu) kamu berada di tepi jurang neraka, lalu Allah menyelamatkan kamu dari sana. Demikianlah Allah menerangkan ayat-ayat-Nya kepadamu agar kamu mendapat petunjuk.	Allah	http://www.wikidata.org/entity/Q2095353	Allah
3	103	Berpegangteguhlah kamu semuanya pada tali (agama) Allah, janganlah bercerai berai, dan ingatlah nikmat Allah kepadamu ketika kamu dahulu bermusuhan, lalu Allah mempersatukan hatimu sehingga dengan karunia-Nya kamu menjadi bersaudara. (Ingatlah pula ketika itu) kamu berada di tepi jurang neraka, lalu Allah menyelamatkan kamu dari sana. Demikianlah Allah menerangkan ayat-ayat-Nya kepadamu agar kamu mendapat petunjuk.	Allah	http://www.wikidata.org/entity/Q2095353	Allah
3	104	Hendaklah ada di antara kamu segolongan orang yang menyeru kepada kebajikan, menyuruh (berbuat) yang makruf, dan mencegah dari yang mungkar. Mereka itulah orang-orang yang beruntung.			
3	105	Janganlah kamu menjadi seperti orang-orang yang bercerai-berai dan berselisih setelah sampai kepada mereka keterangan yang jelas. Mereka itulah orang-orang yang mendapat azab yang sangat berat.			
3	107	Adapun orang-orang yang berwajah putih berseri, mereka berada dalam rahmat Allah (surga). Mereka kekal di dalamnya.	putih	http://www.wikidata.org/entity/Q23444	Color
3	107	Adapun orang-orang yang berwajah putih berseri, mereka berada dalam rahmat Allah (surga). Mereka kekal di dalamnya.	Allah	http://www.wikidata.org/entity/Q2095353	Allah
3	109	Milik Allahlah apa yang ada di langit dan apa yang ada di bumi dan hanya kepada Allah segala urusan dikembalikan.	langit	http://www.wikidata.org/entity/Q527	AstronomicalBody
3	109	Milik Allahlah apa yang ada di langit dan apa yang ada di bumi dan hanya kepada Allah segala urusan dikembalikan.	bumi	http://www.wikidata.org/entity/Q2	AstronomicalBody
3	109	Milik Allahlah apa yang ada di langit dan apa yang ada di bumi dan hanya kepada Allah segala urusan dikembalikan.	Allah	http://www.wikidata.org/entity/Q2095353	Allah
3	111	Mereka tidak akan membahayakanmu, kecuali gangguan-gangguan kecil saja. Jika mereka memerangi kamu, niscaya mereka berbalik ke belakang (kalah), kemudian mereka tidak mendapat pertolongan.			
3	112	Kehinaan ditimpakan kepada mereka di mana saja mereka berada, kecuali jika mereka (berpegang) pada tali (agama) Allah dan tali (perjanjian) dengan manusia. Mereka pasti mendapat murka dari Allah dan kesengsaraan ditimpakan kepada mereka. Yang demikian itu karena mereka mengingkari ayat-ayat Allah dan membunuh para nabi tanpa hak (alasan yang benar). Yang demikian itu karena mereka durhaka dan melampaui batas.	Allah	http://www.wikidata.org/entity/Q2095353	Allah
3	112	Kehinaan ditimpakan kepada mereka di mana saja mereka berada, kecuali jika mereka (berpegang) pada tali (agama) Allah dan tali (perjanjian) dengan manusia. Mereka pasti mendapat murka dari Allah dan kesengsaraan ditimpakan kepada mereka. Yang demikian itu karena mereka mengingkari ayat-ayat Allah dan membunuh para nabi tanpa hak (alasan yang benar). Yang demikian itu karena mereka durhaka dan melampaui batas.	Allah	http://www.wikidata.org/entity/Q2095353	Allah
3	112	Kehinaan ditimpakan kepada mereka di mana saja mereka berada, kecuali jika mereka (berpegang) pada tali (agama) Allah dan tali (perjanjian) dengan manusia. Mereka pasti mendapat murka dari Allah dan kesengsaraan ditimpakan kepada mereka. Yang demikian itu karena mereka mengingkari ayat-ayat Allah dan membunuh para nabi tanpa hak (alasan yang benar). Yang demikian itu karena mereka durhaka dan melampaui batas.	Allah	http://www.wikidata.org/entity/Q2095353	Allah
3	113	Mereka tidak sama. Di antara Ahlulkitab ada golongan yang lurus. Mereka membaca ayat-ayat Allah pada malam hari dalam keadaan bersujud (salat).	Ahlulkitab	http://www.wikidata.org/entity/Q216565	Person
3	113	Mereka tidak sama. Di antara Ahlulkitab ada golongan yang lurus. Mereka membaca ayat-ayat Allah pada malam hari dalam keadaan bersujud (salat).	Allah	http://www.wikidata.org/entity/Q2095353	Allah
3	114	Mereka beriman kepada Allah dan hari Akhir, menyuruh (berbuat) yang makruf, mencegah dari yang mungkar, dan bersegera (mengerjakan) berbagai kebajikan. Mereka itu termasuk orang-orang saleh.	Allah	http://www.wikidata.org/entity/Q2095353	Allah
3	114	Mereka beriman kepada Allah dan hari Akhir, menyuruh (berbuat) yang makruf, mencegah dari yang mungkar, dan bersegera (mengerjakan) berbagai kebajikan. Mereka itu termasuk orang-orang saleh.	hari Akhir	http://www.wikidata.org/entity/Q12200906	Event
3	115	Kebaikan apa pun yang mereka kerjakan, mereka tidak akan dihalangi dari (pahala)-nya. Allah Maha Mengetahui orang-orang bertakwa.	Allah	http://www.wikidata.org/entity/Q2095353	Allah
3	116	Sesungguhnya orang-orang yang kufur, baik harta maupun anak-anaknya, sedikit pun tidak dapat menolak (azab) Allah. Mereka itu penghuni neraka. Mereka kekal di dalamnya.	Allah	http://www.wikidata.org/entity/Q2095353	Allah
3	117	Perumpamaan harta yang mereka infakkan di dalam kehidupan dunia ini adalah ibarat angin yang mengandung hawa sangat dingin yang menimpa tanaman (milik) suatu kaum yang menzalimi diri sendiri, lalu (angin itu) merusaknya. Allah tidak menzalimi mereka, tetapi mereka yang menzalimi diri sendiri.	Allah	http://www.wikidata.org/entity/Q2095353	Allah
3	118	Wahai orang-orang yang beriman, janganlah kamu mengambil teman kepercayaan dari orang-orang di luar kalangan (agama)-mu (karena) mereka tidak henti-hentinya (mendatangkan) kemudaratan bagimu. Mereka menginginkan apa yang menyusahkanmu. Sungguh, telah nyata kebencian dari mulut mereka dan apa yang mereka sembunyikan dalam hati lebih besar. Sungguh, Kami telah menerangkan kepadamu ayat-ayat (Kami), jika kamu berpikir.			
3	120	Jika kamu memperoleh kebaikan, (niscaya) mereka bersedih hati. Adapun jika kamu tertimpa bencana, mereka bergembira karenanya. Jika kamu bersabar dan bertakwa, tidaklah tipu daya mereka akan menyusahkan kamu sedikit pun. Sesungguhnya Allah Maha Meliputi segala yang mereka kerjakan.	Allah	http://www.wikidata.org/entity/Q2095353	Allah
3	121	(Ingatlah) ketika engkau (Nabi Muhammad) berangkat pada pagi hari meninggalkan keluargamu untuk mengatur orang-orang mukmin pada pos-pos pertempuran. Allah Maha Mendengar lagi Maha Mengetahui.	Muhammad	http://www.wikidata.org/entity/Q9458	Messenger
3	121	(Ingatlah) ketika engkau (Nabi Muhammad) berangkat pada pagi hari meninggalkan keluargamu untuk mengatur orang-orang mukmin pada pos-pos pertempuran. Allah Maha Mendengar lagi Maha Mengetahui.	Allah	http://www.wikidata.org/entity/Q2095353	Allah
3	122	(Ingatlah) ketika dua golongan dari pihak kamu ingin (mundur) karena takut, padahal Allah adalah penolong mereka. Oleh karena itu, hendaklah kepada Allah saja orang-orang mukmin bertawakal.	Allah	http://www.wikidata.org/entity/Q2095353	Allah
3	122	(Ingatlah) ketika dua golongan dari pihak kamu ingin (mundur) karena takut, padahal Allah adalah penolong mereka. Oleh karena itu, hendaklah kepada Allah saja orang-orang mukmin bertawakal.	Allah	http://www.wikidata.org/entity/Q2095353	Allah
3	123	Sungguh, Allah benar-benar telah menolong kamu dalam Perang Badar, padahal kamu (pada saat itu) adalah orang-orang lemah. Oleh karena itu, bertakwalah kepada Allah agar kamu bersyukur.	Allah	http://www.wikidata.org/entity/Q2095353	Allah
3	123	Sungguh, Allah benar-benar telah menolong kamu dalam Perang Badar, padahal kamu (pada saat itu) adalah orang-orang lemah. Oleh karena itu, bertakwalah kepada Allah agar kamu bersyukur.	Perang Badar	http://www.wikidata.org/entity/Q486124	Event
3	123	Sungguh, Allah benar-benar telah menolong kamu dalam Perang Badar, padahal kamu (pada saat itu) adalah orang-orang lemah. Oleh karena itu, bertakwalah kepada Allah agar kamu bersyukur.	Allah	http://www.wikidata.org/entity/Q2095353	Allah
3	124	(Ingatlah) ketika engkau (Nabi Muhammad) mengatakan kepada orang-orang mukmin, “Apakah tidak cukup bagimu bahwa Tuhanmu membantumu dengan tiga ribu malaikat yang diturunkan (dari langit)?”	Muhammad	http://www.wikidata.org/entity/Q9458	Messenger
3	124	(Ingatlah) ketika engkau (Nabi Muhammad) mengatakan kepada orang-orang mukmin, “Apakah tidak cukup bagimu bahwa Tuhanmu membantumu dengan tiga ribu malaikat yang diturunkan (dari langit)?”	langit	http://www.wikidata.org/entity/Q527	AstronomicalBody
3	126	Allah tidak menjadikannya (pertolongan itu) kecuali hanya sebagai kabar gembira bagi (kemenangan)-mu dan agar hatimu tenang karenanya. Tidak ada kemenangan selain dari Allah Yang Maha Perkasa lagi Maha Bijaksana.	Allah	http://www.wikidata.org/entity/Q2095353	Allah
3	126	Allah tidak menjadikannya (pertolongan itu) kecuali hanya sebagai kabar gembira bagi (kemenangan)-mu dan agar hatimu tenang karenanya. Tidak ada kemenangan selain dari Allah Yang Maha Perkasa lagi Maha Bijaksana.	Allah	http://www.wikidata.org/entity/Q2095353	Allah
3	126	Allah tidak menjadikannya (pertolongan itu) kecuali hanya sebagai kabar gembira bagi (kemenangan)-mu dan agar hatimu tenang karenanya. Tidak ada kemenangan selain dari Allah Yang Maha Perkasa lagi Maha Bijaksana.	Yang Maha Perkasa lagi Maha Bijaksana	http://www.wikidata.org/entity/Q2095353	Allah
3	127	(Hal itu dilakukan) untuk membinasakan segolongan orang yang kufur atau untuk menjadikan mereka hina sehingga mereka kembali tanpa memperoleh apa pun.			
3	128	Hal itu sama sekali bukan menjadi urusanmu (Nabi Muhammad), apakah Allah menerima tobat mereka atau mengazabnya karena sesungguhnya mereka orang-orang zalim.	Muhammad	http://www.wikidata.org/entity/Q9458	Messenger
3	128	Hal itu sama sekali bukan menjadi urusanmu (Nabi Muhammad), apakah Allah menerima tobat mereka atau mengazabnya karena sesungguhnya mereka orang-orang zalim.	Allah	http://www.wikidata.org/entity/Q2095353	Allah
3	129	Milik Allahlah segala yang ada di langit dan segala yang ada di bumi. Dia mengampuni siapa yang Dia kehendaki dan mengazab siapa yang Dia kehendaki. Allah Maha Pengampun lagi Maha Penyayang.	langit	http://www.wikidata.org/entity/Q527	AstronomicalBody
3	129	Milik Allahlah segala yang ada di langit dan segala yang ada di bumi. Dia mengampuni siapa yang Dia kehendaki dan mengazab siapa yang Dia kehendaki. Allah Maha Pengampun lagi Maha Penyayang.	bumi	http://www.wikidata.org/entity/Q2	AstronomicalBody
3	129	Milik Allahlah segala yang ada di langit dan segala yang ada di bumi. Dia mengampuni siapa yang Dia kehendaki dan mengazab siapa yang Dia kehendaki. Allah Maha Pengampun lagi Maha Penyayang.	Allah	http://www.wikidata.org/entity/Q2095353	Allah
3	130	Wahai orang-orang yang beriman, janganlah kamu memakan riba dengan berlipat ganda dan bertakwalah kepada Allah agar kamu beruntung.	Allah	http://www.wikidata.org/entity/Q2095353	Allah
3	131	Lindungilah dirimu dari api neraka yang disediakan bagi orang-orang kafir.			
3	132	Taatilah Allah dan Rasul (Nabi Muhammad) agar kamu diberi rahmat.	Allah	http://www.wikidata.org/entity/Q2095353	Allah
3	132	Taatilah Allah dan Rasul (Nabi Muhammad) agar kamu diberi rahmat.	Muhammad	http://www.wikidata.org/entity/Q9458	Messenger
3	133	Bersegeralah menuju ampunan dari Tuhanmu dan surga (yang) luasnya (seperti) langit dan bumi yang disediakan bagi orang-orang yang bertakwa,	langit	http://www.wikidata.org/entity/Q527	AstronomicalBody
3	133	Bersegeralah menuju ampunan dari Tuhanmu dan surga (yang) luasnya (seperti) langit dan bumi yang disediakan bagi orang-orang yang bertakwa,	bumi	http://www.wikidata.org/entity/Q2	AstronomicalBody
3	134	(yaitu) orang-orang yang selalu berinfak, baik di waktu lapang maupun sempit, orang-orang yang mengendalikan kemurkaannya, dan orang-orang yang memaafkan (kesalahan) orang lain. Allah mencintai orang-orang yang berbuat kebaikan.	Allah	http://www.wikidata.org/entity/Q2095353	Allah
3	136	Mereka itu balasannya adalah ampunan dari Tuhan mereka dan surga-surga yang mengalir di bawahnya sungai-sungai. Mereka kekal di dalamnya. (Itulah) sebaik-baik pahala bagi orang-orang yang mengerjakan (amal-amal saleh).			
3	137	Sungguh, telah berlalu sebelum kamu sunah-sunah (Allah). Oleh karena itu, berjalanlah di (segenap penjuru) bumi dan perhatikanlah bagaimana kesudahan para pendusta (rasul-rasul).	Allah	http://www.wikidata.org/entity/Q2095353	Allah
3	137	Sungguh, telah berlalu sebelum kamu sunah-sunah (Allah). Oleh karena itu, berjalanlah di (segenap penjuru) bumi dan perhatikanlah bagaimana kesudahan para pendusta (rasul-rasul).	bumi	http://www.wikidata.org/entity/Q2	AstronomicalBody
3	138	Inilah (Al-Qur’an) suatu keterangan yang jelas untuk semua manusia, petunjuk, dan pelajaran bagi orang-orang yang bertakwa.	Al-Qur’an	http://www.wikidata.org/entity/Q428	HolyBook
3	139	Janganlah kamu (merasa) lemah dan jangan (pula) bersedih hati, padahal kamu paling tinggi (derajatnya) jika kamu orang-orang mukmin.			
3	140	Jika kamu (pada Perang Uhud) mendapat luka, maka mereka pun (pada Perang Badar) mendapat luka yang serupa. Masa (kejayaan dan kehancuran) itu Kami pergilirkan di antara manusia (agar mereka mendapat pelajaran) dan Allah mengetahui orang-orang beriman (yang sejati) dan sebagian kamu dijadikan-Nya (gugur sebagai) syuhada. Allah tidak menyukai orang-orang zalim.	Perang Uhud	http://www.wikidata.org/entity/Q488278	Event
3	140	Jika kamu (pada Perang Uhud) mendapat luka, maka mereka pun (pada Perang Badar) mendapat luka yang serupa. Masa (kejayaan dan kehancuran) itu Kami pergilirkan di antara manusia (agar mereka mendapat pelajaran) dan Allah mengetahui orang-orang beriman (yang sejati) dan sebagian kamu dijadikan-Nya (gugur sebagai) syuhada. Allah tidak menyukai orang-orang zalim.	Perang Badar	http://www.wikidata.org/entity/Q486124	Event
3	140	Jika kamu (pada Perang Uhud) mendapat luka, maka mereka pun (pada Perang Badar) mendapat luka yang serupa. Masa (kejayaan dan kehancuran) itu Kami pergilirkan di antara manusia (agar mereka mendapat pelajaran) dan Allah mengetahui orang-orang beriman (yang sejati) dan sebagian kamu dijadikan-Nya (gugur sebagai) syuhada. Allah tidak menyukai orang-orang zalim.	Allah	http://www.wikidata.org/entity/Q2095353	Allah
3	140	Jika kamu (pada Perang Uhud) mendapat luka, maka mereka pun (pada Perang Badar) mendapat luka yang serupa. Masa (kejayaan dan kehancuran) itu Kami pergilirkan di antara manusia (agar mereka mendapat pelajaran) dan Allah mengetahui orang-orang beriman (yang sejati) dan sebagian kamu dijadikan-Nya (gugur sebagai) syuhada. Allah tidak menyukai orang-orang zalim.	Allah	http://www.wikidata.org/entity/Q2095353	Allah
3	141	(Pergiliran tersebut juga) agar Allah membersihkan orang-orang yang beriman (dari dosa mereka) dan membinasakan orang-orang kafir.	Allah	http://www.wikidata.org/entity/Q2095353	Allah
3	143	Sungguh, kamu benar-benar mengharapkan mati (syahid) sebelum kamu menghadapinya (peperangan). Maka, (sekarang) kamu sungguh telah melihat (peperangan itu) dan menyaksikan (kematian).			
3	144	(Nabi) Muhammad hanyalah seorang rasul. Sebelumnya telah berlalu beberapa rasul. Apakah jika dia wafat atau dibunuh, kamu berbalik ke belakang (murtad)? Siapa yang berbalik ke belakang, maka ia tidak akan mendatangkan mudarat kepada Allah sedikit pun. Allah akan memberi balasan kepada orang-orang yang bersyukur.	Muhammad	http://www.wikidata.org/entity/Q9458	Messenger
3	144	(Nabi) Muhammad hanyalah seorang rasul. Sebelumnya telah berlalu beberapa rasul. Apakah jika dia wafat atau dibunuh, kamu berbalik ke belakang (murtad)? Siapa yang berbalik ke belakang, maka ia tidak akan mendatangkan mudarat kepada Allah sedikit pun. Allah akan memberi balasan kepada orang-orang yang bersyukur.	Allah	http://www.wikidata.org/entity/Q2095353	Allah
3	144	(Nabi) Muhammad hanyalah seorang rasul. Sebelumnya telah berlalu beberapa rasul. Apakah jika dia wafat atau dibunuh, kamu berbalik ke belakang (murtad)? Siapa yang berbalik ke belakang, maka ia tidak akan mendatangkan mudarat kepada Allah sedikit pun. Allah akan memberi balasan kepada orang-orang yang bersyukur.	Allah	http://www.wikidata.org/entity/Q2095353	Allah
3	145	Setiap yang bernyawa tidak akan mati, kecuali dengan izin Allah sebagai ketetapan yang telah ditentukan waktunya. Siapa yang menghendaki pahala dunia, niscaya Kami berikan kepadanya pahala (dunia) itu dan siapa yang menghendaki pahala akhirat, niscaya Kami berikan (pula) kepadanya pahala (akhirat) itu. Kami akan memberi balasan kepada orang-orang yang bersyukur.	Allah	http://www.wikidata.org/entity/Q2095353	Allah
3	148	Maka, Allah menganugerahi mereka balasan (di) dunia dan pahala yang baik (di) akhirat. Allah mencintai orang-orang yang berbuat kebaikan.	Allah	http://www.wikidata.org/entity/Q2095353	Allah
3	148	Maka, Allah menganugerahi mereka balasan (di) dunia dan pahala yang baik (di) akhirat. Allah mencintai orang-orang yang berbuat kebaikan.	Allah	http://www.wikidata.org/entity/Q2095353	Allah
3	149	Wahai orang-orang yang beriman, jika kamu menaati orang-orang yang kufur, niscaya mereka akan mengembalikan kamu ke belakang (murtad). Akibatnya, kamu akan kembali dalam keadaan merugi.			
3	150	Namun, (hanya) Allahlah pelindungmu dan Dia penolong yang terbaik.			
3	151	Kami akan memasukkan rasa takut ke dalam hati orang-orang yang kufur karena mereka mempersekutukan Allah dengan sesuatu yang Allah tidak menurunkan keterangan tentangnya. Tempat kembali mereka adalah neraka. (Itulah) seburuk-buruk tempat tinggal (bagi) orang-orang zalim.	Allah	http://www.wikidata.org/entity/Q2095353	Allah
3	151	Kami akan memasukkan rasa takut ke dalam hati orang-orang yang kufur karena mereka mempersekutukan Allah dengan sesuatu yang Allah tidak menurunkan keterangan tentangnya. Tempat kembali mereka adalah neraka. (Itulah) seburuk-buruk tempat tinggal (bagi) orang-orang zalim.	Allah	http://www.wikidata.org/entity/Q2095353	Allah
3	152	Sungguh, Allah benar-benar telah memenuhi janji-Nya kepadamu ketika kamu membunuh mereka dengan izin-Nya sampai pada saat kamu (dalam keadaan) lemah, berselisih dalam urusan itu, dan mengabaikan (perintah Rasul) setelah Allah memperlihatkan kepadamu apa yang kamu sukai. Di antara kamu ada orang yang menghendaki dunia dan di antara kamu ada (pula) orang yang menghendaki akhirat. Kemudian, Allah memalingkan kamu dari mereka untuk mengujimu. Sungguh, Dia benar-benar telah memaafkan kamu. Allah mempunyai karunia (yang diberikan) kepada orang-orang mukmin.	Allah	http://www.wikidata.org/entity/Q2095353	Allah
3	152	Sungguh, Allah benar-benar telah memenuhi janji-Nya kepadamu ketika kamu membunuh mereka dengan izin-Nya sampai pada saat kamu (dalam keadaan) lemah, berselisih dalam urusan itu, dan mengabaikan (perintah Rasul) setelah Allah memperlihatkan kepadamu apa yang kamu sukai. Di antara kamu ada orang yang menghendaki dunia dan di antara kamu ada (pula) orang yang menghendaki akhirat. Kemudian, Allah memalingkan kamu dari mereka untuk mengujimu. Sungguh, Dia benar-benar telah memaafkan kamu. Allah mempunyai karunia (yang diberikan) kepada orang-orang mukmin.	Allah	http://www.wikidata.org/entity/Q2095353	Allah
3	152	Sungguh, Allah benar-benar telah memenuhi janji-Nya kepadamu ketika kamu membunuh mereka dengan izin-Nya sampai pada saat kamu (dalam keadaan) lemah, berselisih dalam urusan itu, dan mengabaikan (perintah Rasul) setelah Allah memperlihatkan kepadamu apa yang kamu sukai. Di antara kamu ada orang yang menghendaki dunia dan di antara kamu ada (pula) orang yang menghendaki akhirat. Kemudian, Allah memalingkan kamu dari mereka untuk mengujimu. Sungguh, Dia benar-benar telah memaafkan kamu. Allah mempunyai karunia (yang diberikan) kepada orang-orang mukmin.	Allah	http://www.wikidata.org/entity/Q2095353	Allah
3	152	Sungguh, Allah benar-benar telah memenuhi janji-Nya kepadamu ketika kamu membunuh mereka dengan izin-Nya sampai pada saat kamu (dalam keadaan) lemah, berselisih dalam urusan itu, dan mengabaikan (perintah Rasul) setelah Allah memperlihatkan kepadamu apa yang kamu sukai. Di antara kamu ada orang yang menghendaki dunia dan di antara kamu ada (pula) orang yang menghendaki akhirat. Kemudian, Allah memalingkan kamu dari mereka untuk mengujimu. Sungguh, Dia benar-benar telah memaafkan kamu. Allah mempunyai karunia (yang diberikan) kepada orang-orang mukmin.	Allah	http://www.wikidata.org/entity/Q2095353	Allah
3	153	(Ingatlah) ketika kamu lari dan tidak menoleh kepada siapa pun, sedangkan Rasul (Muhammad) memanggilmu dari belakang. Oleh karena itu, Allah menimpakan kepadamu kesedihan demi kesedihan agar kamu tidak bersedih hati (lagi) terhadap apa yang luput dari kamu dan terhadap apa yang menimpamu. Allah Maha Teliti terhadap apa yang kamu kerjakan.	Muhammad	http://www.wikidata.org/entity/Q9458	Messenger
3	153	(Ingatlah) ketika kamu lari dan tidak menoleh kepada siapa pun, sedangkan Rasul (Muhammad) memanggilmu dari belakang. Oleh karena itu, Allah menimpakan kepadamu kesedihan demi kesedihan agar kamu tidak bersedih hati (lagi) terhadap apa yang luput dari kamu dan terhadap apa yang menimpamu. Allah Maha Teliti terhadap apa yang kamu kerjakan.	Allah	http://www.wikidata.org/entity/Q2095353	Allah
3	153	(Ingatlah) ketika kamu lari dan tidak menoleh kepada siapa pun, sedangkan Rasul (Muhammad) memanggilmu dari belakang. Oleh karena itu, Allah menimpakan kepadamu kesedihan demi kesedihan agar kamu tidak bersedih hati (lagi) terhadap apa yang luput dari kamu dan terhadap apa yang menimpamu. Allah Maha Teliti terhadap apa yang kamu kerjakan.	Allah	http://www.wikidata.org/entity/Q2095353	Allah
3	154	Setelah kamu ditimpa kesedihan, kemudian Dia menurunkan rasa aman kepadamu (berupa) kantuk yang meliputi segolongan dari kamu, sedangkan segolongan lagi telah mencemaskan diri mereka sendiri. Mereka berprasangka yang tidak benar terhadap Allah seperti sangkaan jahiliah. Mereka berkata, “Adakah sesuatu yang dapat kita perbuat dalam urusan ini?” Katakanlah (Nabi Muhammad), “Sesungguhnya segala urusan itu di tangan Allah.” Mereka menyembunyikan dalam hatinya apa yang tidak mereka terangkan kepadamu. Mereka berkata, “Seandainya ada sesuatu yang dapat kami perbuat dalam urusan ini, niscaya kami tidak akan dibunuh (dikalahkan) di sini.” Katakanlah (Nabi Muhammad), “Seandainya kamu ada di rumahmu, niscaya orang-orang yang telah ditetapkan akan mati terbunuh itu keluar (juga) ke tempat mereka terbunuh.” Allah (berbuat demikian) untuk menguji yang ada dalam dadamu dan untuk membersihkan yang ada dalam hatimu. Allah Maha Mengetahui segala isi hati.	Allah	http://www.wikidata.org/entity/Q2095353	Allah
3	154	Setelah kamu ditimpa kesedihan, kemudian Dia menurunkan rasa aman kepadamu (berupa) kantuk yang meliputi segolongan dari kamu, sedangkan segolongan lagi telah mencemaskan diri mereka sendiri. Mereka berprasangka yang tidak benar terhadap Allah seperti sangkaan jahiliah. Mereka berkata, “Adakah sesuatu yang dapat kita perbuat dalam urusan ini?” Katakanlah (Nabi Muhammad), “Sesungguhnya segala urusan itu di tangan Allah.” Mereka menyembunyikan dalam hatinya apa yang tidak mereka terangkan kepadamu. Mereka berkata, “Seandainya ada sesuatu yang dapat kami perbuat dalam urusan ini, niscaya kami tidak akan dibunuh (dikalahkan) di sini.” Katakanlah (Nabi Muhammad), “Seandainya kamu ada di rumahmu, niscaya orang-orang yang telah ditetapkan akan mati terbunuh itu keluar (juga) ke tempat mereka terbunuh.” Allah (berbuat demikian) untuk menguji yang ada dalam dadamu dan untuk membersihkan yang ada dalam hatimu. Allah Maha Mengetahui segala isi hati.	Muhammad	http://www.wikidata.org/entity/Q9458	Messenger
3	154	Setelah kamu ditimpa kesedihan, kemudian Dia menurunkan rasa aman kepadamu (berupa) kantuk yang meliputi segolongan dari kamu, sedangkan segolongan lagi telah mencemaskan diri mereka sendiri. Mereka berprasangka yang tidak benar terhadap Allah seperti sangkaan jahiliah. Mereka berkata, “Adakah sesuatu yang dapat kita perbuat dalam urusan ini?” Katakanlah (Nabi Muhammad), “Sesungguhnya segala urusan itu di tangan Allah.” Mereka menyembunyikan dalam hatinya apa yang tidak mereka terangkan kepadamu. Mereka berkata, “Seandainya ada sesuatu yang dapat kami perbuat dalam urusan ini, niscaya kami tidak akan dibunuh (dikalahkan) di sini.” Katakanlah (Nabi Muhammad), “Seandainya kamu ada di rumahmu, niscaya orang-orang yang telah ditetapkan akan mati terbunuh itu keluar (juga) ke tempat mereka terbunuh.” Allah (berbuat demikian) untuk menguji yang ada dalam dadamu dan untuk membersihkan yang ada dalam hatimu. Allah Maha Mengetahui segala isi hati.	Allah	http://www.wikidata.org/entity/Q2095353	Allah
3	154	Setelah kamu ditimpa kesedihan, kemudian Dia menurunkan rasa aman kepadamu (berupa) kantuk yang meliputi segolongan dari kamu, sedangkan segolongan lagi telah mencemaskan diri mereka sendiri. Mereka berprasangka yang tidak benar terhadap Allah seperti sangkaan jahiliah. Mereka berkata, “Adakah sesuatu yang dapat kita perbuat dalam urusan ini?” Katakanlah (Nabi Muhammad), “Sesungguhnya segala urusan itu di tangan Allah.” Mereka menyembunyikan dalam hatinya apa yang tidak mereka terangkan kepadamu. Mereka berkata, “Seandainya ada sesuatu yang dapat kami perbuat dalam urusan ini, niscaya kami tidak akan dibunuh (dikalahkan) di sini.” Katakanlah (Nabi Muhammad), “Seandainya kamu ada di rumahmu, niscaya orang-orang yang telah ditetapkan akan mati terbunuh itu keluar (juga) ke tempat mereka terbunuh.” Allah (berbuat demikian) untuk menguji yang ada dalam dadamu dan untuk membersihkan yang ada dalam hatimu. Allah Maha Mengetahui segala isi hati.	Muhammad	http://www.wikidata.org/entity/Q9458	Messenger
3	154	Setelah kamu ditimpa kesedihan, kemudian Dia menurunkan rasa aman kepadamu (berupa) kantuk yang meliputi segolongan dari kamu, sedangkan segolongan lagi telah mencemaskan diri mereka sendiri. Mereka berprasangka yang tidak benar terhadap Allah seperti sangkaan jahiliah. Mereka berkata, “Adakah sesuatu yang dapat kita perbuat dalam urusan ini?” Katakanlah (Nabi Muhammad), “Sesungguhnya segala urusan itu di tangan Allah.” Mereka menyembunyikan dalam hatinya apa yang tidak mereka terangkan kepadamu. Mereka berkata, “Seandainya ada sesuatu yang dapat kami perbuat dalam urusan ini, niscaya kami tidak akan dibunuh (dikalahkan) di sini.” Katakanlah (Nabi Muhammad), “Seandainya kamu ada di rumahmu, niscaya orang-orang yang telah ditetapkan akan mati terbunuh itu keluar (juga) ke tempat mereka terbunuh.” Allah (berbuat demikian) untuk menguji yang ada dalam dadamu dan untuk membersihkan yang ada dalam hatimu. Allah Maha Mengetahui segala isi hati.	Allah	http://www.wikidata.org/entity/Q2095353	Allah
3	154	Setelah kamu ditimpa kesedihan, kemudian Dia menurunkan rasa aman kepadamu (berupa) kantuk yang meliputi segolongan dari kamu, sedangkan segolongan lagi telah mencemaskan diri mereka sendiri. Mereka berprasangka yang tidak benar terhadap Allah seperti sangkaan jahiliah. Mereka berkata, “Adakah sesuatu yang dapat kita perbuat dalam urusan ini?” Katakanlah (Nabi Muhammad), “Sesungguhnya segala urusan itu di tangan Allah.” Mereka menyembunyikan dalam hatinya apa yang tidak mereka terangkan kepadamu. Mereka berkata, “Seandainya ada sesuatu yang dapat kami perbuat dalam urusan ini, niscaya kami tidak akan dibunuh (dikalahkan) di sini.” Katakanlah (Nabi Muhammad), “Seandainya kamu ada di rumahmu, niscaya orang-orang yang telah ditetapkan akan mati terbunuh itu keluar (juga) ke tempat mereka terbunuh.” Allah (berbuat demikian) untuk menguji yang ada dalam dadamu dan untuk membersihkan yang ada dalam hatimu. Allah Maha Mengetahui segala isi hati.	Allah	http://www.wikidata.org/entity/Q2095353	Allah
3	156	Wahai orang-orang yang beriman, janganlah seperti orang-orang yang kufur dan berbicara tentang saudara-saudaranya, apabila mereka mengadakan perjalanan di bumi atau berperang, “Seandainya mereka tetap bersama kami, tentulah mereka tidak mati dan tidak terbunuh.” (Allah membiarkan mereka bersikap demikian) karena Allah hendak menjadikan itu (kelak) sebagai penyesalan di hati mereka. Allah menghidupkan dan mematikan. Allah Maha Melihat apa yang kamu kerjakan.	bumi	http://www.wikidata.org/entity/Q2	AstronomicalBody
3	156	Wahai orang-orang yang beriman, janganlah seperti orang-orang yang kufur dan berbicara tentang saudara-saudaranya, apabila mereka mengadakan perjalanan di bumi atau berperang, “Seandainya mereka tetap bersama kami, tentulah mereka tidak mati dan tidak terbunuh.” (Allah membiarkan mereka bersikap demikian) karena Allah hendak menjadikan itu (kelak) sebagai penyesalan di hati mereka. Allah menghidupkan dan mematikan. Allah Maha Melihat apa yang kamu kerjakan.	Allah	http://www.wikidata.org/entity/Q2095353	Allah
3	156	Wahai orang-orang yang beriman, janganlah seperti orang-orang yang kufur dan berbicara tentang saudara-saudaranya, apabila mereka mengadakan perjalanan di bumi atau berperang, “Seandainya mereka tetap bersama kami, tentulah mereka tidak mati dan tidak terbunuh.” (Allah membiarkan mereka bersikap demikian) karena Allah hendak menjadikan itu (kelak) sebagai penyesalan di hati mereka. Allah menghidupkan dan mematikan. Allah Maha Melihat apa yang kamu kerjakan.	Allah	http://www.wikidata.org/entity/Q2095353	Allah
3	156	Wahai orang-orang yang beriman, janganlah seperti orang-orang yang kufur dan berbicara tentang saudara-saudaranya, apabila mereka mengadakan perjalanan di bumi atau berperang, “Seandainya mereka tetap bersama kami, tentulah mereka tidak mati dan tidak terbunuh.” (Allah membiarkan mereka bersikap demikian) karena Allah hendak menjadikan itu (kelak) sebagai penyesalan di hati mereka. Allah menghidupkan dan mematikan. Allah Maha Melihat apa yang kamu kerjakan.	Allah	http://www.wikidata.org/entity/Q2095353	Allah
3	156	Wahai orang-orang yang beriman, janganlah seperti orang-orang yang kufur dan berbicara tentang saudara-saudaranya, apabila mereka mengadakan perjalanan di bumi atau berperang, “Seandainya mereka tetap bersama kami, tentulah mereka tidak mati dan tidak terbunuh.” (Allah membiarkan mereka bersikap demikian) karena Allah hendak menjadikan itu (kelak) sebagai penyesalan di hati mereka. Allah menghidupkan dan mematikan. Allah Maha Melihat apa yang kamu kerjakan.	Allah	http://www.wikidata.org/entity/Q2095353	Allah
3	157	Sungguh, jika kamu gugur di jalan Allah atau mati, pastilah ampunan Allah dan rahmat-Nya lebih baik (bagimu) daripada apa (harta rampasan) yang mereka kumpulkan.	Allah	http://www.wikidata.org/entity/Q2095353	Allah
3	157	Sungguh, jika kamu gugur di jalan Allah atau mati, pastilah ampunan Allah dan rahmat-Nya lebih baik (bagimu) daripada apa (harta rampasan) yang mereka kumpulkan.	Allah	http://www.wikidata.org/entity/Q2095353	Allah
3	158	Sungguh, jika kamu mati atau gugur, pastilah kepada Allah kamu dikumpulkan.	Allah	http://www.wikidata.org/entity/Q2095353	Allah
3	159	Maka, berkat rahmat Allah engkau (Nabi Muhammad) berlaku lemah lembut terhadap mereka. Seandainya engkau bersikap keras dan berhati kasar, tentulah mereka akan menjauh dari sekitarmu. Oleh karena itu, maafkanlah mereka, mohonkanlah ampunan untuk mereka, dan bermusyawarahlah dengan mereka dalam segala urusan (penting). Kemudian, apabila engkau telah membulatkan tekad, bertawakallah kepada Allah. Sesungguhnya Allah mencintai orang-orang yang bertawakal.	Allah	http://www.wikidata.org/entity/Q2095353	Allah
3	159	Maka, berkat rahmat Allah engkau (Nabi Muhammad) berlaku lemah lembut terhadap mereka. Seandainya engkau bersikap keras dan berhati kasar, tentulah mereka akan menjauh dari sekitarmu. Oleh karena itu, maafkanlah mereka, mohonkanlah ampunan untuk mereka, dan bermusyawarahlah dengan mereka dalam segala urusan (penting). Kemudian, apabila engkau telah membulatkan tekad, bertawakallah kepada Allah. Sesungguhnya Allah mencintai orang-orang yang bertawakal.	Muhammad	http://www.wikidata.org/entity/Q9458	Messenger
3	159	Maka, berkat rahmat Allah engkau (Nabi Muhammad) berlaku lemah lembut terhadap mereka. Seandainya engkau bersikap keras dan berhati kasar, tentulah mereka akan menjauh dari sekitarmu. Oleh karena itu, maafkanlah mereka, mohonkanlah ampunan untuk mereka, dan bermusyawarahlah dengan mereka dalam segala urusan (penting). Kemudian, apabila engkau telah membulatkan tekad, bertawakallah kepada Allah. Sesungguhnya Allah mencintai orang-orang yang bertawakal.	Allah	http://www.wikidata.org/entity/Q2095353	Allah
3	159	Maka, berkat rahmat Allah engkau (Nabi Muhammad) berlaku lemah lembut terhadap mereka. Seandainya engkau bersikap keras dan berhati kasar, tentulah mereka akan menjauh dari sekitarmu. Oleh karena itu, maafkanlah mereka, mohonkanlah ampunan untuk mereka, dan bermusyawarahlah dengan mereka dalam segala urusan (penting). Kemudian, apabila engkau telah membulatkan tekad, bertawakallah kepada Allah. Sesungguhnya Allah mencintai orang-orang yang bertawakal.	Allah	http://www.wikidata.org/entity/Q2095353	Allah
3	160	Jika Allah menolongmu, tidak ada yang (dapat) mengalahkanmu dan jika Dia membiarkanmu (tidak memberimu pertolongan), siapa yang (dapat) menolongmu setelah itu? Oleh karena itu, hendaklah kepada Allah saja orang-orang mukmin bertawakal.	Allah	http://www.wikidata.org/entity/Q2095353	Allah
3	160	Jika Allah menolongmu, tidak ada yang (dapat) mengalahkanmu dan jika Dia membiarkanmu (tidak memberimu pertolongan), siapa yang (dapat) menolongmu setelah itu? Oleh karena itu, hendaklah kepada Allah saja orang-orang mukmin bertawakal.	Allah	http://www.wikidata.org/entity/Q2095353	Allah
3	161	Tidak layak seorang nabi menyelewengkan (harta rampasan perang). Siapa yang menyelewengkan (-nya), niscaya pada hari Kiamat dia akan datang membawa apa yang diselewengkannya itu. Kemudian, setiap orang akan diberi balasan secara sempurna sesuai apa yang mereka lakukan dan mereka tidak dizalimi.	hari Kiamat	http://www.wikidata.org/entity/Q12200906	Event
3	162	Apakah orang yang mengikuti (jalan) rida Allah sama dengan orang yang kembali dengan membawa kemurkaan dari Allah dan tempatnya adalah (neraka) Jahanam? Itulah seburuk-buruk tempat kembali.	Allah	http://www.wikidata.org/entity/Q2095353	Allah
3	162	Apakah orang yang mengikuti (jalan) rida Allah sama dengan orang yang kembali dengan membawa kemurkaan dari Allah dan tempatnya adalah (neraka) Jahanam? Itulah seburuk-buruk tempat kembali.	Allah	http://www.wikidata.org/entity/Q2095353	Allah
3	162	Apakah orang yang mengikuti (jalan) rida Allah sama dengan orang yang kembali dengan membawa kemurkaan dari Allah dan tempatnya adalah (neraka) Jahanam? Itulah seburuk-buruk tempat kembali.	Jahanam	http://www.wikidata.org/entity/Q58418	AfterlifeLocation
3	163	Mereka bertingkat-tingkat di sisi Allah. Allah Maha Melihat apa yang mereka kerjakan.	Allah	http://www.wikidata.org/entity/Q2095353	Allah
3	163	Mereka bertingkat-tingkat di sisi Allah. Allah Maha Melihat apa yang mereka kerjakan.	Allah	http://www.wikidata.org/entity/Q2095353	Allah
3	164	Sungguh, Allah benar-benar telah memberi karunia kepada orang-orang mukmin ketika (Dia) mengutus di tengah-tengah mereka seorang Rasul (Muhammad) dari kalangan mereka sendiri yang membacakan kepada mereka ayat-ayat-Nya, menyucikan (jiwa) mereka, dan mengajarkan kepada mereka Kitab Suci (Al-Qur’an) dan hikmah. Sesungguhnya mereka sebelum itu benar-benar dalam kesesatan yang nyata.	Allah	http://www.wikidata.org/entity/Q2095353	Allah
3	164	Sungguh, Allah benar-benar telah memberi karunia kepada orang-orang mukmin ketika (Dia) mengutus di tengah-tengah mereka seorang Rasul (Muhammad) dari kalangan mereka sendiri yang membacakan kepada mereka ayat-ayat-Nya, menyucikan (jiwa) mereka, dan mengajarkan kepada mereka Kitab Suci (Al-Qur’an) dan hikmah. Sesungguhnya mereka sebelum itu benar-benar dalam kesesatan yang nyata.	Muhammad	http://www.wikidata.org/entity/Q9458	Messenger
3	164	Sungguh, Allah benar-benar telah memberi karunia kepada orang-orang mukmin ketika (Dia) mengutus di tengah-tengah mereka seorang Rasul (Muhammad) dari kalangan mereka sendiri yang membacakan kepada mereka ayat-ayat-Nya, menyucikan (jiwa) mereka, dan mengajarkan kepada mereka Kitab Suci (Al-Qur’an) dan hikmah. Sesungguhnya mereka sebelum itu benar-benar dalam kesesatan yang nyata.	Al-Qur’an	http://www.wikidata.org/entity/Q428	HolyBook
3	166	Apa yang menimpa kamu pada hari ketika dua pasukan bertemu terjadi atas izin Allah dan agar Dia mengetahui siapa orang (yang benar-benar) beriman	Allah	http://www.wikidata.org/entity/Q2095353	Allah
3	167	dan mengetahui orang-orang yang munafik. Dikatakan kepada mereka, “Marilah berperang di jalan Allah atau pertahankanlah (dirimu).” Mereka menjawab, “Seandainya kami mengetahui (bagaimana cara) berperang, tentulah kami mengikutimu.” Mereka pada hari itu lebih dekat pada kekufuran daripada keimanan. Mereka mengatakan dengan mulutnya sesuatu yang tidak ada dalam hatinya. Allah lebih mengetahui segala sesuatu yang mereka sembunyikan.	Allah	http://www.wikidata.org/entity/Q2095353	Allah
3	167	dan mengetahui orang-orang yang munafik. Dikatakan kepada mereka, “Marilah berperang di jalan Allah atau pertahankanlah (dirimu).” Mereka menjawab, “Seandainya kami mengetahui (bagaimana cara) berperang, tentulah kami mengikutimu.” Mereka pada hari itu lebih dekat pada kekufuran daripada keimanan. Mereka mengatakan dengan mulutnya sesuatu yang tidak ada dalam hatinya. Allah lebih mengetahui segala sesuatu yang mereka sembunyikan.	Allah	http://www.wikidata.org/entity/Q2095353	Allah
3	168	(Mereka itu adalah) orang-orang yang berbicara tentang saudara-saudaranya (yang ikut berperang dan terbunuh), sedangkan mereka sendiri tidak turut berperang, “Seandainya mereka mengikuti kami, tentulah mereka tidak terbunuh.” Katakanlah, “Cegahlah kematian itu dari dirimu jika kamu orang-orang benar.”			
3	169	Jangan sekali-kali kamu mengira bahwa orang-orang yang gugur di jalan Allah itu mati. Sebenarnya, mereka itu hidup dan dianugerahi rezeki di sisi Tuhannya.	Allah	http://www.wikidata.org/entity/Q2095353	Allah
3	170	Mereka bergembira dengan karunia yang Allah anugerahkan kepadanya dan bergirang hati atas (keadaan) orang-orang yang berada di belakang yang belum menyusul mereka, yaitu bahwa tidak ada rasa takut pada mereka dan mereka tidak bersedih hati.	Allah	http://www.wikidata.org/entity/Q2095353	Allah
3	172	(yaitu) orang-orang yang memenuhi (seruan) Allah dan Rasul setelah mereka menderita luka-luka (dalam Perang Uhud). Orang-orang yang berbuat kebaikan dan bertakwa di antara mereka akan mendapat pahala yang sangat besar,	Allah	http://www.wikidata.org/entity/Q2095353	Allah
3	172	(yaitu) orang-orang yang memenuhi (seruan) Allah dan Rasul setelah mereka menderita luka-luka (dalam Perang Uhud). Orang-orang yang berbuat kebaikan dan bertakwa di antara mereka akan mendapat pahala yang sangat besar,	Perang Uhud	http://www.wikidata.org/entity/Q488278	Event
3	173	(yaitu) mereka yang (ketika ada) orang-orang mengatakan kepadanya, “Sesungguhnya orang-orang (Quraisy) telah mengumpulkan (pasukan) untuk (menyerang) kamu. Oleh karena itu, takutlah kepada mereka,” ternyata (ucapan) itu menambah (kuat) iman mereka dan mereka menjawab, “Cukuplah Allah (menjadi penolong) bagi kami dan Dia sebaik-baik pelindung.”	Quraisy	http://www.wikidata.org/entity/Q485732	Person
3	173	(yaitu) mereka yang (ketika ada) orang-orang mengatakan kepadanya, “Sesungguhnya orang-orang (Quraisy) telah mengumpulkan (pasukan) untuk (menyerang) kamu. Oleh karena itu, takutlah kepada mereka,” ternyata (ucapan) itu menambah (kuat) iman mereka dan mereka menjawab, “Cukuplah Allah (menjadi penolong) bagi kami dan Dia sebaik-baik pelindung.”	Allah	http://www.wikidata.org/entity/Q2095353	Allah
3	174	Mereka kembali dengan nikmat dan karunia dari Allah. Mereka tidak ditimpa suatu bencana dan mereka mengikuti (jalan) rida Allah. Allah mempunyai karunia yang besar.	Allah	http://www.wikidata.org/entity/Q2095353	Allah
3	174	Mereka kembali dengan nikmat dan karunia dari Allah. Mereka tidak ditimpa suatu bencana dan mereka mengikuti (jalan) rida Allah. Allah mempunyai karunia yang besar.	Allah	http://www.wikidata.org/entity/Q2095353	Allah
3	174	Mereka kembali dengan nikmat dan karunia dari Allah. Mereka tidak ditimpa suatu bencana dan mereka mengikuti (jalan) rida Allah. Allah mempunyai karunia yang besar.	Allah	http://www.wikidata.org/entity/Q2095353	Allah
3	176	Janganlah engkau (Nabi Muhammad) dirisaukan oleh orang-orang yang dengan cepat melakukan kekufuran. Sesungguhnya sedikit pun mereka tidak merugikan Allah. Allah tidak akan memberi bagian (pahala) kepada mereka di akhirat dan mereka akan mendapat azab yang sangat besar.	Muhammad	http://www.wikidata.org/entity/Q9458	Messenger
3	176	Janganlah engkau (Nabi Muhammad) dirisaukan oleh orang-orang yang dengan cepat melakukan kekufuran. Sesungguhnya sedikit pun mereka tidak merugikan Allah. Allah tidak akan memberi bagian (pahala) kepada mereka di akhirat dan mereka akan mendapat azab yang sangat besar.	Allah	http://www.wikidata.org/entity/Q2095353	Allah
3	176	Janganlah engkau (Nabi Muhammad) dirisaukan oleh orang-orang yang dengan cepat melakukan kekufuran. Sesungguhnya sedikit pun mereka tidak merugikan Allah. Allah tidak akan memberi bagian (pahala) kepada mereka di akhirat dan mereka akan mendapat azab yang sangat besar.	Allah	http://www.wikidata.org/entity/Q2095353	Allah
3	177	Sesungguhnya orang-orang yang membeli kekufuran dengan iman sedikit pun tidak merugikan Allah dan akan mendapat azab yang sangat pedih.	Allah	http://www.wikidata.org/entity/Q2095353	Allah
3	178	Jangan sekali-kali orang-orang kafir mengira bahwa sesungguhnya tenggang waktu yang Kami berikan kepadanya baik bagi dirinya. Sesungguhnya Kami memberinya tenggang waktu hanya agar dosa mereka makin bertambah dan mereka akan mendapat azab yang menghinakan.			
3	179	Allah tidak akan membiarkan orang-orang mukmin dalam keadaan sebagaimana kamu sekarang ini, (tetapi Allah akan mengujinya) sehingga Dia membedakan yang buruk dari yang baik. Allah tidak akan memperlihatkan kepadamu hal-hal yang gaib, tetapi Allah memilih siapa yang Dia kehendaki di antara rasul-rasul-Nya. Oleh karena itu, berimanlah kepada Allah dan rasul-rasul-Nya. Jika kamu beriman dan bertakwa, kamu akan mendapat pahala yang sangat besar.	Allah	http://www.wikidata.org/entity/Q2095353	Allah
3	179	Allah tidak akan membiarkan orang-orang mukmin dalam keadaan sebagaimana kamu sekarang ini, (tetapi Allah akan mengujinya) sehingga Dia membedakan yang buruk dari yang baik. Allah tidak akan memperlihatkan kepadamu hal-hal yang gaib, tetapi Allah memilih siapa yang Dia kehendaki di antara rasul-rasul-Nya. Oleh karena itu, berimanlah kepada Allah dan rasul-rasul-Nya. Jika kamu beriman dan bertakwa, kamu akan mendapat pahala yang sangat besar.	Allah	http://www.wikidata.org/entity/Q2095353	Allah
3	179	Allah tidak akan membiarkan orang-orang mukmin dalam keadaan sebagaimana kamu sekarang ini, (tetapi Allah akan mengujinya) sehingga Dia membedakan yang buruk dari yang baik. Allah tidak akan memperlihatkan kepadamu hal-hal yang gaib, tetapi Allah memilih siapa yang Dia kehendaki di antara rasul-rasul-Nya. Oleh karena itu, berimanlah kepada Allah dan rasul-rasul-Nya. Jika kamu beriman dan bertakwa, kamu akan mendapat pahala yang sangat besar.	Allah	http://www.wikidata.org/entity/Q2095353	Allah
3	179	Allah tidak akan membiarkan orang-orang mukmin dalam keadaan sebagaimana kamu sekarang ini, (tetapi Allah akan mengujinya) sehingga Dia membedakan yang buruk dari yang baik. Allah tidak akan memperlihatkan kepadamu hal-hal yang gaib, tetapi Allah memilih siapa yang Dia kehendaki di antara rasul-rasul-Nya. Oleh karena itu, berimanlah kepada Allah dan rasul-rasul-Nya. Jika kamu beriman dan bertakwa, kamu akan mendapat pahala yang sangat besar.	Allah	http://www.wikidata.org/entity/Q2095353	Allah
3	179	Allah tidak akan membiarkan orang-orang mukmin dalam keadaan sebagaimana kamu sekarang ini, (tetapi Allah akan mengujinya) sehingga Dia membedakan yang buruk dari yang baik. Allah tidak akan memperlihatkan kepadamu hal-hal yang gaib, tetapi Allah memilih siapa yang Dia kehendaki di antara rasul-rasul-Nya. Oleh karena itu, berimanlah kepada Allah dan rasul-rasul-Nya. Jika kamu beriman dan bertakwa, kamu akan mendapat pahala yang sangat besar.	Allah	http://www.wikidata.org/entity/Q2095353	Allah
3	181	Sungguh, Allah benar-benar telah mendengar perkataan orang-orang (Yahudi) yang mengatakan, “Sesungguhnya Allah itu miskin dan kami kaya.” Kami akan mencatat perkataan mereka dan pembunuhan terhadap nabi-nabi yang mereka lakukan tanpa hak (alasan yang benar). Kami akan mengatakan (kepada mereka pada hari Kiamat), “Rasakanlah azab yang membakar!”	Allah	http://www.wikidata.org/entity/Q2095353	Allah
3	181	Sungguh, Allah benar-benar telah mendengar perkataan orang-orang (Yahudi) yang mengatakan, “Sesungguhnya Allah itu miskin dan kami kaya.” Kami akan mencatat perkataan mereka dan pembunuhan terhadap nabi-nabi yang mereka lakukan tanpa hak (alasan yang benar). Kami akan mengatakan (kepada mereka pada hari Kiamat), “Rasakanlah azab yang membakar!”	Yahudi	http://www.wikidata.org/entity/Q7325	Religion
3	181	Sungguh, Allah benar-benar telah mendengar perkataan orang-orang (Yahudi) yang mengatakan, “Sesungguhnya Allah itu miskin dan kami kaya.” Kami akan mencatat perkataan mereka dan pembunuhan terhadap nabi-nabi yang mereka lakukan tanpa hak (alasan yang benar). Kami akan mengatakan (kepada mereka pada hari Kiamat), “Rasakanlah azab yang membakar!”	Allah	http://www.wikidata.org/entity/Q2095353	Allah
3	181	Sungguh, Allah benar-benar telah mendengar perkataan orang-orang (Yahudi) yang mengatakan, “Sesungguhnya Allah itu miskin dan kami kaya.” Kami akan mencatat perkataan mereka dan pembunuhan terhadap nabi-nabi yang mereka lakukan tanpa hak (alasan yang benar). Kami akan mengatakan (kepada mereka pada hari Kiamat), “Rasakanlah azab yang membakar!”	hari Kiamat	http://www.wikidata.org/entity/Q12200906	Event
3	182	Yang demikian itu disebabkan oleh perbuatan tanganmu (sendiri) dan sesungguhnya Allah (sama sekali) tidak menzalimi hamba-hamba-Nya.	Allah	http://www.wikidata.org/entity/Q2095353	Allah
3	183	(Mereka adalah) orang-orang (Yahudi) yang mengatakan, “Sesungguhnya Allah telah memerintahkan kepada kami agar kami tidak beriman kepada seorang rasul sebelum dia mendatangkan kepada kami kurban yang dimakan api (yang datang dari langit).” Katakanlah (Nabi Muhammad), “Sungguh, beberapa rasul sebelumku telah datang kepadamu dengan (membawa) bukti-bukti yang nyata dan membawa apa yang kamu sebutkan. Akan tetapi, mengapa kamu membunuh mereka jika kamu orang-orang yang benar?”	Yahudi	http://www.wikidata.org/entity/Q7325	Religion
3	183	(Mereka adalah) orang-orang (Yahudi) yang mengatakan, “Sesungguhnya Allah telah memerintahkan kepada kami agar kami tidak beriman kepada seorang rasul sebelum dia mendatangkan kepada kami kurban yang dimakan api (yang datang dari langit).” Katakanlah (Nabi Muhammad), “Sungguh, beberapa rasul sebelumku telah datang kepadamu dengan (membawa) bukti-bukti yang nyata dan membawa apa yang kamu sebutkan. Akan tetapi, mengapa kamu membunuh mereka jika kamu orang-orang yang benar?”	Allah	http://www.wikidata.org/entity/Q2095353	Allah
3	183	(Mereka adalah) orang-orang (Yahudi) yang mengatakan, “Sesungguhnya Allah telah memerintahkan kepada kami agar kami tidak beriman kepada seorang rasul sebelum dia mendatangkan kepada kami kurban yang dimakan api (yang datang dari langit).” Katakanlah (Nabi Muhammad), “Sungguh, beberapa rasul sebelumku telah datang kepadamu dengan (membawa) bukti-bukti yang nyata dan membawa apa yang kamu sebutkan. Akan tetapi, mengapa kamu membunuh mereka jika kamu orang-orang yang benar?”	langit	http://www.wikidata.org/entity/Q527	AstronomicalBody
3	183	(Mereka adalah) orang-orang (Yahudi) yang mengatakan, “Sesungguhnya Allah telah memerintahkan kepada kami agar kami tidak beriman kepada seorang rasul sebelum dia mendatangkan kepada kami kurban yang dimakan api (yang datang dari langit).” Katakanlah (Nabi Muhammad), “Sungguh, beberapa rasul sebelumku telah datang kepadamu dengan (membawa) bukti-bukti yang nyata dan membawa apa yang kamu sebutkan. Akan tetapi, mengapa kamu membunuh mereka jika kamu orang-orang yang benar?”	Muhammad	http://www.wikidata.org/entity/Q9458	Messenger
3	184	Maka, jika mereka mendustakanmu (Nabi Muhammad), sungguh rasul-rasul sebelummu pun telah didustakan. Mereka datang dengan (membawa) mukjizat-mukjizat yang nyata, zubur, dan Alkitab yang memberi penjelasan yang sempurna.	Muhammad	http://www.wikidata.org/entity/Q9458	Messenger
3	185	Setiap yang bernyawa akan merasakan mati. Hanya pada hari Kiamat sajalah diberikan dengan sempurna balasanmu. Siapa yang dijauhkan dari neraka dan dimasukkan ke dalam surga, sungguh dia memperoleh kemenangan. Kehidupan dunia hanyalah kesenangan yang memperdaya.	hari Kiamat	http://www.wikidata.org/entity/Q12200906	Event
3	186	Kamu pasti akan diuji dalam (urusan) hartamu dan dirimu. Kamu pun pasti akan mendengar banyak hal yang sangat menyakitkan hati dari orang-orang yang diberi Alkitab sebelum kamu dan dari orang-orang musyrik. Jika kamu bersabar dan bertakwa, sesungguhnya yang demikian itu termasuk urusan yang (patut) diutamakan.			
3	187	(Ingatlah) ketika Allah membuat perjanjian dengan orang-orang yang telah diberi Alkitab (dengan berfirman), “Hendaklah kamu benar-benar menerangkan (isi Alkitab itu) kepada manusia dan janganlah kamu menyembunyikannya.” Lalu, mereka melemparkannya (janji itu) ke belakang punggung mereka (mengabaikannya) dan menukarnya dengan harga yang murah. Maka, itulah seburuk-buruk jual beli yang mereka lakukan.	Allah	http://www.wikidata.org/entity/Q2095353	Allah
3	188	Jangan sekali-kali kamu mengira bahwa orang yang gembira dengan apa (perbuatan buruk) yang telah mereka kerjakan dan suka dipuji atas perbuatan (yang mereka anggap baik) yang tidak mereka lakukan, kamu jangan sekali-kali mengira bahwa mereka akan lolos dari azab. Mereka akan mendapat azab yang sangat pedih.			
3	189	Milik Allahlah kerajaan langit dan bumi. Allah Maha Kuasa atas segala sesuatu.	langit	http://www.wikidata.org/entity/Q527	AstronomicalBody
3	189	Milik Allahlah kerajaan langit dan bumi. Allah Maha Kuasa atas segala sesuatu.	bumi	http://www.wikidata.org/entity/Q2	AstronomicalBody
3	189	Milik Allahlah kerajaan langit dan bumi. Allah Maha Kuasa atas segala sesuatu.	Allah	http://www.wikidata.org/entity/Q2095353	Allah
3	190	Sesungguhnya dalam penciptaan langit dan bumi serta pergantian malam dan siang terdapat tanda-tanda (kebesaran Allah) bagi orang yang berakal,	langit	http://www.wikidata.org/entity/Q527	AstronomicalBody
3	190	Sesungguhnya dalam penciptaan langit dan bumi serta pergantian malam dan siang terdapat tanda-tanda (kebesaran Allah) bagi orang yang berakal,	bumi	http://www.wikidata.org/entity/Q2	AstronomicalBody
3	190	Sesungguhnya dalam penciptaan langit dan bumi serta pergantian malam dan siang terdapat tanda-tanda (kebesaran Allah) bagi orang yang berakal,	Allah	http://www.wikidata.org/entity/Q2095353	Allah
3	191	(yaitu) orang-orang yang mengingat Allah sambil berdiri, duduk, atau dalam keadaan berbaring, dan memikirkan tentang penciptaan langit dan bumi (seraya berkata), “Ya Tuhan kami, tidaklah Engkau menciptakan semua ini sia-sia. Maha Suci Engkau. Lindungilah kami dari azab neraka.	Allah	http://www.wikidata.org/entity/Q2095353	Allah
3	191	(yaitu) orang-orang yang mengingat Allah sambil berdiri, duduk, atau dalam keadaan berbaring, dan memikirkan tentang penciptaan langit dan bumi (seraya berkata), “Ya Tuhan kami, tidaklah Engkau menciptakan semua ini sia-sia. Maha Suci Engkau. Lindungilah kami dari azab neraka.	langit	http://www.wikidata.org/entity/Q527	AstronomicalBody
3	191	(yaitu) orang-orang yang mengingat Allah sambil berdiri, duduk, atau dalam keadaan berbaring, dan memikirkan tentang penciptaan langit dan bumi (seraya berkata), “Ya Tuhan kami, tidaklah Engkau menciptakan semua ini sia-sia. Maha Suci Engkau. Lindungilah kami dari azab neraka.	bumi	http://www.wikidata.org/entity/Q2	AstronomicalBody
3	192	Ya Tuhan kami, sesungguhnya orang yang Engkau masukkan ke dalam neraka, maka Engkau benar-benar telah menghinakannya dan tidak ada seorang penolong pun bagi orang yang zalim.			
3	193	Ya Tuhan kami, sesungguhnya kami mendengar orang yang menyeru pada keimanan, yaitu ‘Berimanlah kamu kepada Tuhanmu,’ maka kami pun beriman. Ya Tuhan kami, ampunilah dosa-dosa kami, hapuskanlah kesalahan-kesalahan kami, dan wafatkanlah kami beserta orang-orang yang selalu berbuat kebaikan.			
3	194	Ya Tuhan kami, anugerahilah kami apa yang telah Engkau janjikan kepada kami melalui rasul-rasul-Mu dan janganlah Engkau hinakan kami pada hari Kiamat. Sesungguhnya Engkau tidak pernah mengingkari janji.”	hari Kiamat	http://www.wikidata.org/entity/Q12200906	Event
3	195	Maka, Tuhan mereka memperkenankan permohonannya (dengan berfirman), “Sesungguhnya Aku tidak menyia-nyiakan perbuatan orang yang beramal di antara kamu, baik laki-laki maupun perempuan, (karena) sebagian kamu adalah (keturunan) dari sebagian yang lain. Maka, orang-orang yang berhijrah, diusir dari kampung halamannya, disakiti pada jalan-Ku, berperang, dan terbunuh, pasti akan Aku hapus kesalahan mereka dan pasti Aku masukkan mereka ke dalam surga-surga yang mengalir di bawahnya sungai-sungai sebagai pahala dari Allah. Di sisi Allahlah ada pahala yang baik.”	Allah	http://www.wikidata.org/entity/Q2095353	Allah
3	196	Jangan sekali-kali kamu teperdaya oleh bolak-balik perjalanan orang-orang yang kufur di seluruh negeri.			
3	198	Akan tetapi, orang-orang yang bertakwa kepada Tuhannya, mereka akan mendapat surga-surga yang mengalir di bawahnya sungai-sungai dan mereka kekal di dalamnya sebagai karunia dari Allah. Apa yang di sisi Allah itu lebih baik bagi orang-orang yang selalu berbuat baik.	Allah	http://www.wikidata.org/entity/Q2095353	Allah
3	198	Akan tetapi, orang-orang yang bertakwa kepada Tuhannya, mereka akan mendapat surga-surga yang mengalir di bawahnya sungai-sungai dan mereka kekal di dalamnya sebagai karunia dari Allah. Apa yang di sisi Allah itu lebih baik bagi orang-orang yang selalu berbuat baik.	Allah	http://www.wikidata.org/entity/Q2095353	Allah
4	2	Berikanlah kepada anak-anak yatim (yang sudah dewasa) harta mereka. Janganlah kamu menukar yang baik dengan yang buruk dan janganlah kamu makan harta mereka bersama hartamu. Sesungguhnya (tindakan menukar dan memakan) itu adalah dosa yang besar.			
4	3	Jika kamu khawatir tidak akan mampu berlaku adil terhadap (hak-hak) perempuan yatim (bilamana kamu menikahinya), nikahilah perempuan (lain) yang kamu senangi: dua, tiga, atau empat. Akan tetapi, jika kamu khawatir tidak akan mampu berlaku adil, (nikahilah) seorang saja atau hamba sahaya perempuan yang kamu miliki. Yang demikian itu lebih dekat untuk tidak berbuat zalim.			
4	4	Berikanlah mahar kepada wanita (yang kamu nikahi) sebagai pemberian yang penuh kerelaan. Kemudian, jika mereka menyerahkan kepada kamu sebagian dari (mahar) itu dengan senang hati, terimalah dan nikmatilah pemberian itu dengan senang hati.			
4	6	Ujilah anak-anak yatim itu (dalam hal mengatur harta) sampai ketika mereka cukup umur untuk menikah. Lalu, jika menurut penilaianmu mereka telah pandai (mengatur harta), serahkanlah kepada mereka hartanya. Janganlah kamu memakannya (harta anak yatim) melebihi batas kepatutan dan (janganlah kamu) tergesa-gesa (menghabiskannya) sebelum mereka dewasa. Siapa saja (di antara pemelihara itu) mampu, maka hendaklah dia menahan diri (dari memakan harta anak yatim itu) dan siapa saja yang fakir, maka bolehlah dia makan harta itu menurut cara yang baik. Kemudian, apabila kamu menyerahkan harta itu kepada mereka, hendaklah kamu adakan saksi-saksi. Cukuplah Allah sebagai pengawas.	Allah	http://www.wikidata.org/entity/Q2095353	Allah
4	7	Bagi laki-laki ada hak bagian dari harta peninggalan kedua orang tua dan kerabatnya dan bagi perempuan ada hak bagian (pula) dari harta peninggalan kedua orang tua dan kerabatnya, baik sedikit maupun banyak, menurut bagian yang telah ditetapkan.			
4	8	Apabila (saat) pembagian itu hadir beberapa kerabat, anak-anak yatim, dan orang-orang miskin, berilah mereka sebagian dari harta itu dan ucapkanlah kepada mereka perkataan yang baik.			
4	9	Hendaklah merasa takut orang-orang yang seandainya (mati) meninggalkan setelah mereka, keturunan yang lemah (yang) mereka khawatir terhadapnya. Maka, bertakwalah kepada Allah dan berbicaralah dengan tutur kata yang benar (dalam hal menjaga hak-hak keturunannya).	Allah	http://www.wikidata.org/entity/Q2095353	Allah
4	11	Allah mensyariatkan (mewajibkan) kepadamu tentang (pembagian warisan untuk) anak-anakmu, (yaitu) bagian seorang anak laki-laki sama dengan bagian dua orang anak perempuan. Jika anak itu semuanya perempuan yang jumlahnya lebih dari dua, bagian mereka dua pertiga dari harta yang ditinggalkan. Jika dia (anak perempuan) itu seorang saja, dia memperoleh setengah (harta yang ditinggalkan). Untuk kedua orang tua, bagian masing-masing seperenam dari harta yang ditinggalkan, jika dia (yang meninggal) mempunyai anak. Jika dia (yang meninggal) tidak mempunyai anak dan dia diwarisi oleh kedua orang tuanya (saja), ibunya mendapat sepertiga. Jika dia (yang meninggal) mempunyai beberapa saudara, ibunya mendapat seperenam. (Warisan tersebut dibagi) setelah (dipenuhi) wasiat yang dibuatnya atau (dan dilunasi) utangnya. (Tentang) orang tuamu dan anak-anakmu, kamu tidak mengetahui siapa di antara mereka yang lebih banyak manfaatnya bagimu. Ini adalah ketetapan Allah. Sesungguhnya Allah adalah Maha Mengetahui lagi Maha Bijaksana.	Allah	http://www.wikidata.org/entity/Q2095353	Allah
4	11	Allah mensyariatkan (mewajibkan) kepadamu tentang (pembagian warisan untuk) anak-anakmu, (yaitu) bagian seorang anak laki-laki sama dengan bagian dua orang anak perempuan. Jika anak itu semuanya perempuan yang jumlahnya lebih dari dua, bagian mereka dua pertiga dari harta yang ditinggalkan. Jika dia (anak perempuan) itu seorang saja, dia memperoleh setengah (harta yang ditinggalkan). Untuk kedua orang tua, bagian masing-masing seperenam dari harta yang ditinggalkan, jika dia (yang meninggal) mempunyai anak. Jika dia (yang meninggal) tidak mempunyai anak dan dia diwarisi oleh kedua orang tuanya (saja), ibunya mendapat sepertiga. Jika dia (yang meninggal) mempunyai beberapa saudara, ibunya mendapat seperenam. (Warisan tersebut dibagi) setelah (dipenuhi) wasiat yang dibuatnya atau (dan dilunasi) utangnya. (Tentang) orang tuamu dan anak-anakmu, kamu tidak mengetahui siapa di antara mereka yang lebih banyak manfaatnya bagimu. Ini adalah ketetapan Allah. Sesungguhnya Allah adalah Maha Mengetahui lagi Maha Bijaksana.	Allah	http://www.wikidata.org/entity/Q2095353	Allah
4	11	Allah mensyariatkan (mewajibkan) kepadamu tentang (pembagian warisan untuk) anak-anakmu, (yaitu) bagian seorang anak laki-laki sama dengan bagian dua orang anak perempuan. Jika anak itu semuanya perempuan yang jumlahnya lebih dari dua, bagian mereka dua pertiga dari harta yang ditinggalkan. Jika dia (anak perempuan) itu seorang saja, dia memperoleh setengah (harta yang ditinggalkan). Untuk kedua orang tua, bagian masing-masing seperenam dari harta yang ditinggalkan, jika dia (yang meninggal) mempunyai anak. Jika dia (yang meninggal) tidak mempunyai anak dan dia diwarisi oleh kedua orang tuanya (saja), ibunya mendapat sepertiga. Jika dia (yang meninggal) mempunyai beberapa saudara, ibunya mendapat seperenam. (Warisan tersebut dibagi) setelah (dipenuhi) wasiat yang dibuatnya atau (dan dilunasi) utangnya. (Tentang) orang tuamu dan anak-anakmu, kamu tidak mengetahui siapa di antara mereka yang lebih banyak manfaatnya bagimu. Ini adalah ketetapan Allah. Sesungguhnya Allah adalah Maha Mengetahui lagi Maha Bijaksana.	Allah	http://www.wikidata.org/entity/Q2095353	Allah
4	12	Bagimu (para suami) seperdua dari harta yang ditinggalkan oleh istri-istrimu, jika mereka tidak mempunyai anak. Jika mereka (istri-istrimu) itu mempunyai anak, kamu mendapat seperempat dari harta yang ditinggalkannya setelah (dipenuhi) wasiat yang mereka buat atau (dan setelah dibayar) utangnya. Bagi mereka (para istri) seperempat harta yang kamu tinggalkan jika kamu tidak mempunyai anak. Jika kamu mempunyai anak, bagi mereka (para istri) seperdelapan dari harta yang kamu tinggalkan (setelah dipenuhi) wasiat yang kamu buat atau (dan setelah dibayar) utang-utangmu. Jika seseorang, baik laki-laki maupun perempuan, meninggal dunia tanpa meninggalkan ayah dan anak, tetapi mempunyai seorang saudara laki-laki (seibu) atau seorang saudara perempuan (seibu), bagi masing-masing dari kedua jenis saudara itu seperenam harta. Akan tetapi, jika mereka (saudara-saudara seibu itu) lebih dari seorang, mereka bersama-sama dalam bagian yang sepertiga itu, setelah (dipenuhi wasiat) yang dibuatnya atau (dan setelah dibayar) utangnya dengan tidak menyusahkan (ahli waris). Demikianlah ketentuan Allah. Allah Maha Mengetahui lagi Maha Penyantun.	Allah	http://www.wikidata.org/entity/Q2095353	Allah
4	12	Bagimu (para suami) seperdua dari harta yang ditinggalkan oleh istri-istrimu, jika mereka tidak mempunyai anak. Jika mereka (istri-istrimu) itu mempunyai anak, kamu mendapat seperempat dari harta yang ditinggalkannya setelah (dipenuhi) wasiat yang mereka buat atau (dan setelah dibayar) utangnya. Bagi mereka (para istri) seperempat harta yang kamu tinggalkan jika kamu tidak mempunyai anak. Jika kamu mempunyai anak, bagi mereka (para istri) seperdelapan dari harta yang kamu tinggalkan (setelah dipenuhi) wasiat yang kamu buat atau (dan setelah dibayar) utang-utangmu. Jika seseorang, baik laki-laki maupun perempuan, meninggal dunia tanpa meninggalkan ayah dan anak, tetapi mempunyai seorang saudara laki-laki (seibu) atau seorang saudara perempuan (seibu), bagi masing-masing dari kedua jenis saudara itu seperenam harta. Akan tetapi, jika mereka (saudara-saudara seibu itu) lebih dari seorang, mereka bersama-sama dalam bagian yang sepertiga itu, setelah (dipenuhi wasiat) yang dibuatnya atau (dan setelah dibayar) utangnya dengan tidak menyusahkan (ahli waris). Demikianlah ketentuan Allah. Allah Maha Mengetahui lagi Maha Penyantun.	Allah	http://www.wikidata.org/entity/Q2095353	Allah
4	15	Para wanita yang melakukan perbuatan keji di antara wanita-wanita kamu, maka mintalah kesaksian atas (perbuatan keji)-nya dari empat orang di antara kamu. Apabila mereka telah memberikan kesaksian, tahanlah mereka (para wanita itu) dalam rumah sampai mereka menemui ajal atau sampai Allah memberi jalan (yang lain) kepadanya.	Allah	http://www.wikidata.org/entity/Q2095353	Allah
4	16	(Jika ada) dua orang di antara kamu yang melakukannya (perbuatan keji), berilah hukuman kepada keduanya. Jika keduanya bertobat dan memperbaiki diri, biarkanlah mereka. Sesungguhnya Allah adalah Maha Penerima tobat lagi Maha Penyayang.	Allah	http://www.wikidata.org/entity/Q2095353	Allah
4	17	Sesungguhnya tobat yang pasti diterima Allah itu hanya bagi mereka yang melakukan keburukan karena kebodohan, kemudian mereka segera bertobat. Merekalah yang Allah terima tobatnya. Allah Maha Mengetahui lagi Maha Bijaksana.	Allah	http://www.wikidata.org/entity/Q2095353	Allah
4	17	Sesungguhnya tobat yang pasti diterima Allah itu hanya bagi mereka yang melakukan keburukan karena kebodohan, kemudian mereka segera bertobat. Merekalah yang Allah terima tobatnya. Allah Maha Mengetahui lagi Maha Bijaksana.	Allah	http://www.wikidata.org/entity/Q2095353	Allah
4	17	Sesungguhnya tobat yang pasti diterima Allah itu hanya bagi mereka yang melakukan keburukan karena kebodohan, kemudian mereka segera bertobat. Merekalah yang Allah terima tobatnya. Allah Maha Mengetahui lagi Maha Bijaksana.	Allah	http://www.wikidata.org/entity/Q2095353	Allah
4	18	Tidaklah tobat itu (diterima Allah) bagi orang-orang yang melakukan keburukan sehingga apabila datang ajal kepada seorang di antara mereka, (barulah) dia mengatakan, “Saya benar-benar bertobat sekarang.” Tidak (pula) bagi orang-orang yang meninggal dunia, sementara mereka di dalam kekufuran. Telah Kami sediakan azab yang sangat pedih bagi mereka.	Allah	http://www.wikidata.org/entity/Q2095353	Allah
4	19	Wahai orang-orang yang beriman, tidak halal bagi kamu mewarisi perempuan dengan jalan paksa. Janganlah kamu menyusahkan mereka karena hendak mengambil kembali sebagian dari apa yang telah kamu berikan kepadanya, kecuali apabila mereka melakukan perbuatan keji yang nyata. Pergaulilah mereka dengan cara yang patut. Jika kamu tidak menyukai mereka, (bersabarlah) karena boleh jadi kamu tidak menyukai sesuatu, padahal Allah menjadikan kebaikan yang banyak di dalamnya.	Allah	http://www.wikidata.org/entity/Q2095353	Allah
4	20	Jika kamu ingin mengganti istri dengan istri yang lain, sedangkan kamu telah memberikan kepada salah seorang di antara mereka harta yang banyak (sebagai mahar), janganlah kamu mengambilnya kembali sedikit pun. Apakah kamu akan mengambilnya kembali dengan cara dusta dan dosa yang nyata?			
4	21	Bagaimana kamu akan mengambilnya (kembali), padahal kamu telah menggauli satu sama lain (sebagai suami istri) dan mereka pun (istri-istrimu) telah membuat perjanjian yang kuat (ikatan pernikahan) denganmu?			
4	22	Janganlah kamu menikahi wanita-wanita yang telah dinikahi oleh ayahmu, kecuali (kejadian pada masa) yang telah lampau. Sesungguhnya (perbuatan) itu sangat keji dan dibenci (oleh Allah) dan seburuk-buruk jalan (yang ditempuh).	Allah	http://www.wikidata.org/entity/Q2095353	Allah
4	24	(Diharamkan juga bagi kamu menikahi) perempuan-perempuan yang bersuami, kecuali hamba sahaya perempuan (tawanan perang) yang kamu miliki sebagai ketetapan Allah atas kamu. Dihalalkan bagi kamu selain (perempuan-perempuan) yang demikian itu, yakni kamu mencari (istri) dengan hartamu (mahar) untuk menikahinya, bukan untuk berzina. Karena kenikmatan yang telah kamu dapatkan dari mereka, berikanlah kepada mereka imbalannya (maskawinnya) sebagai suatu kewajiban. Tidak ada dosa bagi kamu mengenai sesuatu yang saling kamu relakan sesudah menentukan kewajiban (itu). Sesungguhnya Allah adalah Maha Mengetahui lagi Maha Bijaksana.	Allah	http://www.wikidata.org/entity/Q2095353	Allah
4	24	(Diharamkan juga bagi kamu menikahi) perempuan-perempuan yang bersuami, kecuali hamba sahaya perempuan (tawanan perang) yang kamu miliki sebagai ketetapan Allah atas kamu. Dihalalkan bagi kamu selain (perempuan-perempuan) yang demikian itu, yakni kamu mencari (istri) dengan hartamu (mahar) untuk menikahinya, bukan untuk berzina. Karena kenikmatan yang telah kamu dapatkan dari mereka, berikanlah kepada mereka imbalannya (maskawinnya) sebagai suatu kewajiban. Tidak ada dosa bagi kamu mengenai sesuatu yang saling kamu relakan sesudah menentukan kewajiban (itu). Sesungguhnya Allah adalah Maha Mengetahui lagi Maha Bijaksana.	Allah	http://www.wikidata.org/entity/Q2095353	Allah
4	25	Siapa di antara kamu yang tidak mempunyai biaya untuk menikahi perempuan merdeka yang mukmin (boleh menikahi) perempuan mukmin dari para hamba sahaya yang kamu miliki. Allah lebih tahu tentang keimananmu. Sebagian kamu adalah sebagian dari yang lain (seketurunan dari Adam dan Hawa). Oleh karena itu, nikahilah mereka dengan izin keluarga (tuan) mereka dan berilah mereka maskawin dengan cara yang pantas, dalam keadaan mereka memelihara kesucian diri, bukan pezina dan bukan (pula) perempuan yang mengambil laki-laki lain sebagai piaraannya. Apabila mereka telah berumah tangga (bersuami), tetapi melakukan perbuatan keji (zina), (hukuman) atas mereka adalah setengah dari hukuman perempuan-perempuan merdeka (yang tidak bersuami). Hal itu (kebolehan menikahi hamba sahaya) berlaku bagi orang-orang yang takut terhadap kesulitan (dalam menghindari zina) di antara kamu. Kesabaranmu lebih baik bagi kamu. Allah Maha Pengampun lagi Maha Penyayang.	Allah	http://www.wikidata.org/entity/Q2095353	Allah
4	25	Siapa di antara kamu yang tidak mempunyai biaya untuk menikahi perempuan merdeka yang mukmin (boleh menikahi) perempuan mukmin dari para hamba sahaya yang kamu miliki. Allah lebih tahu tentang keimananmu. Sebagian kamu adalah sebagian dari yang lain (seketurunan dari Adam dan Hawa). Oleh karena itu, nikahilah mereka dengan izin keluarga (tuan) mereka dan berilah mereka maskawin dengan cara yang pantas, dalam keadaan mereka memelihara kesucian diri, bukan pezina dan bukan (pula) perempuan yang mengambil laki-laki lain sebagai piaraannya. Apabila mereka telah berumah tangga (bersuami), tetapi melakukan perbuatan keji (zina), (hukuman) atas mereka adalah setengah dari hukuman perempuan-perempuan merdeka (yang tidak bersuami). Hal itu (kebolehan menikahi hamba sahaya) berlaku bagi orang-orang yang takut terhadap kesulitan (dalam menghindari zina) di antara kamu. Kesabaranmu lebih baik bagi kamu. Allah Maha Pengampun lagi Maha Penyayang.	Adam	http://www.wikidata.org/entity/Q2001710	Prophet
4	25	Siapa di antara kamu yang tidak mempunyai biaya untuk menikahi perempuan merdeka yang mukmin (boleh menikahi) perempuan mukmin dari para hamba sahaya yang kamu miliki. Allah lebih tahu tentang keimananmu. Sebagian kamu adalah sebagian dari yang lain (seketurunan dari Adam dan Hawa). Oleh karena itu, nikahilah mereka dengan izin keluarga (tuan) mereka dan berilah mereka maskawin dengan cara yang pantas, dalam keadaan mereka memelihara kesucian diri, bukan pezina dan bukan (pula) perempuan yang mengambil laki-laki lain sebagai piaraannya. Apabila mereka telah berumah tangga (bersuami), tetapi melakukan perbuatan keji (zina), (hukuman) atas mereka adalah setengah dari hukuman perempuan-perempuan merdeka (yang tidak bersuami). Hal itu (kebolehan menikahi hamba sahaya) berlaku bagi orang-orang yang takut terhadap kesulitan (dalam menghindari zina) di antara kamu. Kesabaranmu lebih baik bagi kamu. Allah Maha Pengampun lagi Maha Penyayang.	Hawa	http://www.wikidata.org/entity/Q28956531	Person
4	25	Siapa di antara kamu yang tidak mempunyai biaya untuk menikahi perempuan merdeka yang mukmin (boleh menikahi) perempuan mukmin dari para hamba sahaya yang kamu miliki. Allah lebih tahu tentang keimananmu. Sebagian kamu adalah sebagian dari yang lain (seketurunan dari Adam dan Hawa). Oleh karena itu, nikahilah mereka dengan izin keluarga (tuan) mereka dan berilah mereka maskawin dengan cara yang pantas, dalam keadaan mereka memelihara kesucian diri, bukan pezina dan bukan (pula) perempuan yang mengambil laki-laki lain sebagai piaraannya. Apabila mereka telah berumah tangga (bersuami), tetapi melakukan perbuatan keji (zina), (hukuman) atas mereka adalah setengah dari hukuman perempuan-perempuan merdeka (yang tidak bersuami). Hal itu (kebolehan menikahi hamba sahaya) berlaku bagi orang-orang yang takut terhadap kesulitan (dalam menghindari zina) di antara kamu. Kesabaranmu lebih baik bagi kamu. Allah Maha Pengampun lagi Maha Penyayang.	Allah	http://www.wikidata.org/entity/Q2095353	Allah
4	26	Allah hendak menerangkan (syariat-Nya) kepadamu, menunjukkan kepadamu berbagai jalan (kehidupan) orang yang sebelum kamu (para nabi dan orang-orang saleh), dan menerima tobatmu. Allah Maha Mengetahui lagi Maha Bijaksana.	Allah	http://www.wikidata.org/entity/Q2095353	Allah
4	26	Allah hendak menerangkan (syariat-Nya) kepadamu, menunjukkan kepadamu berbagai jalan (kehidupan) orang yang sebelum kamu (para nabi dan orang-orang saleh), dan menerima tobatmu. Allah Maha Mengetahui lagi Maha Bijaksana.	Allah	http://www.wikidata.org/entity/Q2095353	Allah
4	27	Allah hendak menerima tobatmu, sedangkan orang-orang yang mengikuti hawa nafsu menghendaki agar kamu berpaling sejauh-jauhnya (dari kebenaran).	Allah	http://www.wikidata.org/entity/Q2095353	Allah
4	29	Wahai orang-orang yang beriman, janganlah kamu memakan harta sesamamu dengan cara yang batil (tidak benar), kecuali berupa perniagaan atas dasar suka sama suka di antara kamu. Janganlah kamu membunuh dirimu. Sesungguhnya Allah adalah Maha Penyayang kepadamu.	Allah	http://www.wikidata.org/entity/Q2095353	Allah
4	30	Siapa yang berbuat demikian dengan cara melanggar aturan dan berbuat zalim kelak Kami masukkan dia ke dalam neraka. Yang demikian itu adalah mudah bagi Allah.	Allah	http://www.wikidata.org/entity/Q2095353	Allah
4	31	Jika kamu menjauhi dosa-dosa besar di antara dosa-dosa yang dilarang (mengerjakan)-nya, niscaya Kami menghapus kesalahan-kesalahanmu dan Kami memasukkanmu ke tempat yang mulia (surga).			
4	32	Janganlah kamu berangan-angan (iri hati) terhadap apa yang telah dilebihkan Allah kepada sebagian kamu atas sebagian yang lain. Bagi laki-laki ada bagian dari apa yang mereka usahakan dan bagi perempuan (pun) ada bagian dari apa yang mereka usahakan. Mohonlah kepada Allah sebagian dari karunia-Nya. Sesungguhnya Allah adalah Maha Mengetahui segala sesuatu.	Allah	http://www.wikidata.org/entity/Q2095353	Allah
4	32	Janganlah kamu berangan-angan (iri hati) terhadap apa yang telah dilebihkan Allah kepada sebagian kamu atas sebagian yang lain. Bagi laki-laki ada bagian dari apa yang mereka usahakan dan bagi perempuan (pun) ada bagian dari apa yang mereka usahakan. Mohonlah kepada Allah sebagian dari karunia-Nya. Sesungguhnya Allah adalah Maha Mengetahui segala sesuatu.	Allah	http://www.wikidata.org/entity/Q2095353	Allah
4	32	Janganlah kamu berangan-angan (iri hati) terhadap apa yang telah dilebihkan Allah kepada sebagian kamu atas sebagian yang lain. Bagi laki-laki ada bagian dari apa yang mereka usahakan dan bagi perempuan (pun) ada bagian dari apa yang mereka usahakan. Mohonlah kepada Allah sebagian dari karunia-Nya. Sesungguhnya Allah adalah Maha Mengetahui segala sesuatu.	Allah	http://www.wikidata.org/entity/Q2095353	Allah
4	33	Bagi setiap (laki-laki dan perempuan) Kami telah menetapkan para ahli waris atas apa yang ditinggalkan oleh kedua orang tuanya dan karib kerabatnya. Orang-orang yang kamu telah bersumpah setia dengan mereka, berikanlah bagian itu kepada mereka. Sesungguhnya Allah Maha Menyaksikan segala sesuatu.	Allah	http://www.wikidata.org/entity/Q2095353	Allah
4	34	Laki-laki (suami) adalah penanggung jawab atas para perempuan (istri) karena Allah telah melebihkan sebagian mereka (laki-laki) atas sebagian yang lain (perempuan) dan karena mereka (laki-laki) telah menafkahkan sebagian dari hartanya. Perempuan-perempuan saleh adalah mereka yang taat (kepada Allah) dan menjaga diri ketika (suaminya) tidak ada karena Allah telah menjaga (mereka). Perempuan-perempuan yang kamu khawatirkan akan nusyuz, berilah mereka nasihat, tinggalkanlah mereka di tempat tidur (pisah ranjang), dan (kalau perlu,) pukullah mereka (dengan cara yang tidak menyakitkan). Akan tetapi, jika mereka menaatimu, janganlah kamu mencari-cari jalan untuk menyusahkan mereka. Sesungguhnya Allah Maha Tinggi lagi Maha Besar.	Allah	http://www.wikidata.org/entity/Q2095353	Allah
4	34	Laki-laki (suami) adalah penanggung jawab atas para perempuan (istri) karena Allah telah melebihkan sebagian mereka (laki-laki) atas sebagian yang lain (perempuan) dan karena mereka (laki-laki) telah menafkahkan sebagian dari hartanya. Perempuan-perempuan saleh adalah mereka yang taat (kepada Allah) dan menjaga diri ketika (suaminya) tidak ada karena Allah telah menjaga (mereka). Perempuan-perempuan yang kamu khawatirkan akan nusyuz, berilah mereka nasihat, tinggalkanlah mereka di tempat tidur (pisah ranjang), dan (kalau perlu,) pukullah mereka (dengan cara yang tidak menyakitkan). Akan tetapi, jika mereka menaatimu, janganlah kamu mencari-cari jalan untuk menyusahkan mereka. Sesungguhnya Allah Maha Tinggi lagi Maha Besar.	Allah	http://www.wikidata.org/entity/Q2095353	Allah
4	34	Laki-laki (suami) adalah penanggung jawab atas para perempuan (istri) karena Allah telah melebihkan sebagian mereka (laki-laki) atas sebagian yang lain (perempuan) dan karena mereka (laki-laki) telah menafkahkan sebagian dari hartanya. Perempuan-perempuan saleh adalah mereka yang taat (kepada Allah) dan menjaga diri ketika (suaminya) tidak ada karena Allah telah menjaga (mereka). Perempuan-perempuan yang kamu khawatirkan akan nusyuz, berilah mereka nasihat, tinggalkanlah mereka di tempat tidur (pisah ranjang), dan (kalau perlu,) pukullah mereka (dengan cara yang tidak menyakitkan). Akan tetapi, jika mereka menaatimu, janganlah kamu mencari-cari jalan untuk menyusahkan mereka. Sesungguhnya Allah Maha Tinggi lagi Maha Besar.	Allah	http://www.wikidata.org/entity/Q2095353	Allah
4	34	Laki-laki (suami) adalah penanggung jawab atas para perempuan (istri) karena Allah telah melebihkan sebagian mereka (laki-laki) atas sebagian yang lain (perempuan) dan karena mereka (laki-laki) telah menafkahkan sebagian dari hartanya. Perempuan-perempuan saleh adalah mereka yang taat (kepada Allah) dan menjaga diri ketika (suaminya) tidak ada karena Allah telah menjaga (mereka). Perempuan-perempuan yang kamu khawatirkan akan nusyuz, berilah mereka nasihat, tinggalkanlah mereka di tempat tidur (pisah ranjang), dan (kalau perlu,) pukullah mereka (dengan cara yang tidak menyakitkan). Akan tetapi, jika mereka menaatimu, janganlah kamu mencari-cari jalan untuk menyusahkan mereka. Sesungguhnya Allah Maha Tinggi lagi Maha Besar.	Allah	http://www.wikidata.org/entity/Q2095353	Allah
4	35	Jika kamu (para wali) khawatir terjadi persengketaan di antara keduanya, utuslah seorang juru damai dari keluarga laki-laki dan seorang juru damai dari keluarga perempuan. Jika keduanya bermaksud melakukan islah (perdamaian), niscaya Allah memberi taufik kepada keduanya. Sesungguhnya Allah Maha Mengetahui lagi Maha Teliti.	Allah	http://www.wikidata.org/entity/Q2095353	Allah
4	35	Jika kamu (para wali) khawatir terjadi persengketaan di antara keduanya, utuslah seorang juru damai dari keluarga laki-laki dan seorang juru damai dari keluarga perempuan. Jika keduanya bermaksud melakukan islah (perdamaian), niscaya Allah memberi taufik kepada keduanya. Sesungguhnya Allah Maha Mengetahui lagi Maha Teliti.	Allah	http://www.wikidata.org/entity/Q2095353	Allah
4	36	Sembahlah Allah dan janganlah kamu mempersekutukan-Nya dengan sesuatu apa pun. Berbuat baiklah kepada kedua orang tua, karib kerabat, anak-anak ya tim, orang-orang miskin, tetangga dekat dan tetangga jauh, teman sejawat, ibnusabil, serta hamba sahaya yang kamu miliki. Sesungguhnya Allah tidak menyukai orang yang sombong lagi sangat membanggakan diri.	Allah	http://www.wikidata.org/entity/Q2095353	Allah
4	36	Sembahlah Allah dan janganlah kamu mempersekutukan-Nya dengan sesuatu apa pun. Berbuat baiklah kepada kedua orang tua, karib kerabat, anak-anak ya tim, orang-orang miskin, tetangga dekat dan tetangga jauh, teman sejawat, ibnusabil, serta hamba sahaya yang kamu miliki. Sesungguhnya Allah tidak menyukai orang yang sombong lagi sangat membanggakan diri.	Allah	http://www.wikidata.org/entity/Q2095353	Allah
4	37	(Yaitu) orang-orang yang kikir, menyuruh orang (lain) berbuat kikir, dan menyembunyikan karunia yang telah dianugerahkan Allah kepada mereka. Kami telah menyediakan untuk orang-orang kafir itu azab yang menghinakan.	Allah	http://www.wikidata.org/entity/Q2095353	Allah
4	38	(Allah juga tidak menyukai) orang-orang yang menginfakkan hartanya karena riya kepada orang (lain) dan orang-orang yang tidak beriman kepada Allah dan tidak (pula) kepada hari Akhir. Siapa yang menjadikan setan sebagai temannya, (ketahuilah bahwa) dia adalah seburuk-buruk teman.	Allah	http://www.wikidata.org/entity/Q2095353	Allah
4	38	(Allah juga tidak menyukai) orang-orang yang menginfakkan hartanya karena riya kepada orang (lain) dan orang-orang yang tidak beriman kepada Allah dan tidak (pula) kepada hari Akhir. Siapa yang menjadikan setan sebagai temannya, (ketahuilah bahwa) dia adalah seburuk-buruk teman.	Allah	http://www.wikidata.org/entity/Q2095353	Allah
4	38	(Allah juga tidak menyukai) orang-orang yang menginfakkan hartanya karena riya kepada orang (lain) dan orang-orang yang tidak beriman kepada Allah dan tidak (pula) kepada hari Akhir. Siapa yang menjadikan setan sebagai temannya, (ketahuilah bahwa) dia adalah seburuk-buruk teman.	hari Akhir	http://www.wikidata.org/entity/Q12200906	Event
4	39	Apa ruginya bagi mereka seandainya mereka beriman kepada Allah dan hari Akhir serta menginfakkan sebagian rezeki yang telah dianugerahkan Allah kepada mereka? Allah adalah Maha Mengetahui (keadaan) mereka.	Allah	http://www.wikidata.org/entity/Q2095353	Allah
4	39	Apa ruginya bagi mereka seandainya mereka beriman kepada Allah dan hari Akhir serta menginfakkan sebagian rezeki yang telah dianugerahkan Allah kepada mereka? Allah adalah Maha Mengetahui (keadaan) mereka.	hari Akhir	http://www.wikidata.org/entity/Q12200906	Event
4	39	Apa ruginya bagi mereka seandainya mereka beriman kepada Allah dan hari Akhir serta menginfakkan sebagian rezeki yang telah dianugerahkan Allah kepada mereka? Allah adalah Maha Mengetahui (keadaan) mereka.	Allah	http://www.wikidata.org/entity/Q2095353	Allah
4	39	Apa ruginya bagi mereka seandainya mereka beriman kepada Allah dan hari Akhir serta menginfakkan sebagian rezeki yang telah dianugerahkan Allah kepada mereka? Allah adalah Maha Mengetahui (keadaan) mereka.	Allah	http://www.wikidata.org/entity/Q2095353	Allah
4	40	Sesungguhnya Allah tidak akan menzalimi (seseorang) walaupun sebesar zarah. Jika (sesuatu yang sebesar zarah) itu berupa kebaikan, niscaya Allah akan melipatgandakannya dan memberikan pahala yang besar dari sisi-Nya.	Allah	http://www.wikidata.org/entity/Q2095353	Allah
4	40	Sesungguhnya Allah tidak akan menzalimi (seseorang) walaupun sebesar zarah. Jika (sesuatu yang sebesar zarah) itu berupa kebaikan, niscaya Allah akan melipatgandakannya dan memberikan pahala yang besar dari sisi-Nya.	Allah	http://www.wikidata.org/entity/Q2095353	Allah
4	41	Bagaimanakah (keadaan manusia kelak pada hari Kiamat) jika Kami mendatangkan seorang saksi (rasul) dari setiap umat dan Kami mendatangkan engkau (Nabi Muhammad) sebagai saksi atas mereka?	hari Kiamat	http://www.wikidata.org/entity/Q12200906	Event
4	41	Bagaimanakah (keadaan manusia kelak pada hari Kiamat) jika Kami mendatangkan seorang saksi (rasul) dari setiap umat dan Kami mendatangkan engkau (Nabi Muhammad) sebagai saksi atas mereka?	Muhammad	http://www.wikidata.org/entity/Q9458	Messenger
4	43	Wahai orang-orang yang beriman, janganlah mendekati salat, sedangkan kamu dalam keadaan mabuk sampai kamu sadar akan apa yang kamu ucapkan dan jangan (pula menghampiri masjid ketika kamu) dalam keadaan junub, kecuali sekadar berlalu (saja) sehingga kamu mandi (junub). Jika kamu sakit, sedang dalam perjalanan, salah seorang di antara kamu kembali dari tempat buang air, atau kamu telah menyentuh perempuan, sedangkan kamu tidak mendapati air, maka bertayamumlah kamu dengan debu yang baik (suci). Usaplah wajah dan tanganmu (dengan debu itu). Sesungguhnya Allah Maha Pemaaf lagi Maha Pengampun.	Allah	http://www.wikidata.org/entity/Q2095353	Allah
4	44	Tidakkah kamu perhatikan orang-orang yang telah diberi bagian (pengetahuan) dari Kitab (Taurat)? Mereka membeli kesesatan dan menghendaki agar kamu tersesat dari jalan (yang benar).	Taurat	http://www.wikidata.org/entity/Q2383104	HolyBook
4	45	Allah lebih tahu (daripada kamu) tentang musuh-musuhmu. Cukuplah Allah menjadi pelindung dan cukuplah Allah menjadi penolong (kamu).	Allah	http://www.wikidata.org/entity/Q2095353	Allah
4	45	Allah lebih tahu (daripada kamu) tentang musuh-musuhmu. Cukuplah Allah menjadi pelindung dan cukuplah Allah menjadi penolong (kamu).	Allah	http://www.wikidata.org/entity/Q2095353	Allah
4	45	Allah lebih tahu (daripada kamu) tentang musuh-musuhmu. Cukuplah Allah menjadi pelindung dan cukuplah Allah menjadi penolong (kamu).	Allah	http://www.wikidata.org/entity/Q2095353	Allah
4	47	Wahai orang-orang yang telah diberi Kitab, berimanlah pada apa yang telah Kami turunkan (Al-Qur’an) yang membenarkan Kitab yang ada padamu sebelum Kami mengubah wajah-wajah(-mu), lalu Kami putar ke belakang (sebagai penghinaan) atau Kami laknat mereka sebagaimana Kami melaknat orang-orang (yang berbuat maksiat) pada hari Sabat (Sabtu). Ketetapan Allah (pasti) berlaku.	Al-Qur’an	http://www.wikidata.org/entity/Q428	HolyBook
4	47	Wahai orang-orang yang telah diberi Kitab, berimanlah pada apa yang telah Kami turunkan (Al-Qur’an) yang membenarkan Kitab yang ada padamu sebelum Kami mengubah wajah-wajah(-mu), lalu Kami putar ke belakang (sebagai penghinaan) atau Kami laknat mereka sebagaimana Kami melaknat orang-orang (yang berbuat maksiat) pada hari Sabat (Sabtu). Ketetapan Allah (pasti) berlaku.	hari Sabat	http://www.wikidata.org/entity/Q102477	Event
4	47	Wahai orang-orang yang telah diberi Kitab, berimanlah pada apa yang telah Kami turunkan (Al-Qur’an) yang membenarkan Kitab yang ada padamu sebelum Kami mengubah wajah-wajah(-mu), lalu Kami putar ke belakang (sebagai penghinaan) atau Kami laknat mereka sebagaimana Kami melaknat orang-orang (yang berbuat maksiat) pada hari Sabat (Sabtu). Ketetapan Allah (pasti) berlaku.	Sabtu	http://www.wikidata.org/entity/Q102477	Event
4	47	Wahai orang-orang yang telah diberi Kitab, berimanlah pada apa yang telah Kami turunkan (Al-Qur’an) yang membenarkan Kitab yang ada padamu sebelum Kami mengubah wajah-wajah(-mu), lalu Kami putar ke belakang (sebagai penghinaan) atau Kami laknat mereka sebagaimana Kami melaknat orang-orang (yang berbuat maksiat) pada hari Sabat (Sabtu). Ketetapan Allah (pasti) berlaku.	Allah	http://www.wikidata.org/entity/Q2095353	Allah
4	49	Tidakkah engkau memperhatikan orang-orang yang menganggap dirinya suci? Sebenarnya Allah menyucikan siapa yang Dia kehendaki dan mereka tidak dizalimi sedikit pun.	Allah	http://www.wikidata.org/entity/Q2095353	Allah
4	50	Perhatikanlah betapa mereka mengada-adakan kebohongan terhadap Allah. Cukuplah perbuatan itu menjadi dosa yang nyata (bagi mereka).	Allah	http://www.wikidata.org/entity/Q2095353	Allah
4	51	Tidakkah engkau memperhatikan orang-orang (Yahudi) yang telah diberi bagian (pengetahuan) dari Kitab (Taurat), (betapa) mereka percaya kepada jibt dan tagut serta mengatakan kepada orang-orang kafir (musyrik Makkah) bahwa mereka itu lebih benar jalannya daripada orang-orang yang beriman.	Yahudi	http://www.wikidata.org/entity/Q7325	Religion
4	51	Tidakkah engkau memperhatikan orang-orang (Yahudi) yang telah diberi bagian (pengetahuan) dari Kitab (Taurat), (betapa) mereka percaya kepada jibt dan tagut serta mengatakan kepada orang-orang kafir (musyrik Makkah) bahwa mereka itu lebih benar jalannya daripada orang-orang yang beriman.	Taurat	http://www.wikidata.org/entity/Q2383104	HolyBook
4	51	Tidakkah engkau memperhatikan orang-orang (Yahudi) yang telah diberi bagian (pengetahuan) dari Kitab (Taurat), (betapa) mereka percaya kepada jibt dan tagut serta mengatakan kepada orang-orang kafir (musyrik Makkah) bahwa mereka itu lebih benar jalannya daripada orang-orang yang beriman.	Makkah	http://www.wikidata.org/entity/Q5806	GeographicalLocation
4	53	Ataukah mereka mempunyai bagian dari kerajaan (kekuasaan)? Meskipun ada, mereka tidak akan memberikan (kebajikan) sedikit pun kepada manusia.			
4	54	Ataukah mereka dengki kepada manusia karena karunia yang telah dianugerahkan Allah kepadanya? Sungguh, Kami telah menganugerahkan kitab dan hikmah kepada keluarga Ibrahim dan Kami telah menganugerahkan kerajaan (kekuasaan) yang sangat besar kepada mereka.	Allah	http://www.wikidata.org/entity/Q2095353	Allah
4	54	Ataukah mereka dengki kepada manusia karena karunia yang telah dianugerahkan Allah kepadanya? Sungguh, Kami telah menganugerahkan kitab dan hikmah kepada keluarga Ibrahim dan Kami telah menganugerahkan kerajaan (kekuasaan) yang sangat besar kepada mereka.	Ibrahim	http://www.wikidata.org/entity/Q1768161	Messenger
4	55	Lalu, di antara mereka ada yang beriman kepadanya dan di antara mereka ada pula yang berpaling darinya. Cukuplah (bagi mereka neraka) Jahanam yang apinya menyala-nyala.	Jahanam	http://www.wikidata.org/entity/Q58418	AfterlifeLocation
4	56	Sesungguhnya orang-orang yang kufur pada ayat-ayat Kami kelak akan Kami masukkan ke dalam neraka. Setiap kali kulit mereka hangus, Kami ganti dengan kulit yang lain agar mereka merasakan (kepedihan) azab. Sesungguhnya Allah Maha Perkasa lagi Maha Bijaksana.	Allah	http://www.wikidata.org/entity/Q2095353	Allah
4	57	Orang-orang yang beriman dan mengerjakan kebajikan akan Kami masukkan ke dalam surga yang mengalir di bawahnya sungai-sungai. Mereka kekal di dalamnya selama-lamanya. Di sana mereka mempunyai pasangan-pasangan yang disucikan dan Kami masukkan mereka ke tempat yang teduh lagi nyaman.			
4	59	Wahai orang-orang yang beriman, taatilah Allah dan taatilah Rasul (Nabi Muhammad) serta ululamri (pemegang kekuasaan) di antara kamu. Jika kamu berbeda pendapat tentang sesuatu, kembalikanlah kepada Allah (Al-Qur’an) dan Rasul (sunahnya) jika kamu beriman kepada Allah dan hari Akhir. Yang demikian itu lebih baik (bagimu) dan lebih bagus akibatnya (di dunia dan di akhirat).	Allah	http://www.wikidata.org/entity/Q2095353	Allah
4	59	Wahai orang-orang yang beriman, taatilah Allah dan taatilah Rasul (Nabi Muhammad) serta ululamri (pemegang kekuasaan) di antara kamu. Jika kamu berbeda pendapat tentang sesuatu, kembalikanlah kepada Allah (Al-Qur’an) dan Rasul (sunahnya) jika kamu beriman kepada Allah dan hari Akhir. Yang demikian itu lebih baik (bagimu) dan lebih bagus akibatnya (di dunia dan di akhirat).	Muhammad	http://www.wikidata.org/entity/Q9458	Messenger
4	59	Wahai orang-orang yang beriman, taatilah Allah dan taatilah Rasul (Nabi Muhammad) serta ululamri (pemegang kekuasaan) di antara kamu. Jika kamu berbeda pendapat tentang sesuatu, kembalikanlah kepada Allah (Al-Qur’an) dan Rasul (sunahnya) jika kamu beriman kepada Allah dan hari Akhir. Yang demikian itu lebih baik (bagimu) dan lebih bagus akibatnya (di dunia dan di akhirat).	Allah	http://www.wikidata.org/entity/Q2095353	Allah
4	59	Wahai orang-orang yang beriman, taatilah Allah dan taatilah Rasul (Nabi Muhammad) serta ululamri (pemegang kekuasaan) di antara kamu. Jika kamu berbeda pendapat tentang sesuatu, kembalikanlah kepada Allah (Al-Qur’an) dan Rasul (sunahnya) jika kamu beriman kepada Allah dan hari Akhir. Yang demikian itu lebih baik (bagimu) dan lebih bagus akibatnya (di dunia dan di akhirat).	Al-Qur’an	http://www.wikidata.org/entity/Q428	HolyBook
4	59	Wahai orang-orang yang beriman, taatilah Allah dan taatilah Rasul (Nabi Muhammad) serta ululamri (pemegang kekuasaan) di antara kamu. Jika kamu berbeda pendapat tentang sesuatu, kembalikanlah kepada Allah (Al-Qur’an) dan Rasul (sunahnya) jika kamu beriman kepada Allah dan hari Akhir. Yang demikian itu lebih baik (bagimu) dan lebih bagus akibatnya (di dunia dan di akhirat).	Allah	http://www.wikidata.org/entity/Q2095353	Allah
4	59	Wahai orang-orang yang beriman, taatilah Allah dan taatilah Rasul (Nabi Muhammad) serta ululamri (pemegang kekuasaan) di antara kamu. Jika kamu berbeda pendapat tentang sesuatu, kembalikanlah kepada Allah (Al-Qur’an) dan Rasul (sunahnya) jika kamu beriman kepada Allah dan hari Akhir. Yang demikian itu lebih baik (bagimu) dan lebih bagus akibatnya (di dunia dan di akhirat).	hari Akhir	http://www.wikidata.org/entity/Q12200906	Event
4	60	Tidakkah engkau (Nabi Muhammad) memperhatikan orang-orang yang mengaku bahwa mereka telah beriman pada apa yang diturunkan kepadamu (Al-Qur’an) dan pada apa yang diturunkan sebelummu? Mereka hendak bertahkim kepada tagut, padahal mereka telah diperintahkan untuk mengingkarinya. Setan bermaksud menyesatkan mereka (dengan) kesesatan yang sangat jauh.	Muhammad	http://www.wikidata.org/entity/Q9458	Messenger
4	60	Tidakkah engkau (Nabi Muhammad) memperhatikan orang-orang yang mengaku bahwa mereka telah beriman pada apa yang diturunkan kepadamu (Al-Qur’an) dan pada apa yang diturunkan sebelummu? Mereka hendak bertahkim kepada tagut, padahal mereka telah diperintahkan untuk mengingkarinya. Setan bermaksud menyesatkan mereka (dengan) kesesatan yang sangat jauh.	Al-Qur’an	http://www.wikidata.org/entity/Q428	HolyBook
4	61	Apabila dikatakan kepada mereka, “Marilah (patuh) pada apa yang telah diturunkan Allah dan (patuh) kepada Rasul,” engkau (Nabi Muhammad) melihat orang-orang munafik benar-benar berpaling darimu.	Allah	http://www.wikidata.org/entity/Q2095353	Allah
4	61	Apabila dikatakan kepada mereka, “Marilah (patuh) pada apa yang telah diturunkan Allah dan (patuh) kepada Rasul,” engkau (Nabi Muhammad) melihat orang-orang munafik benar-benar berpaling darimu.	Muhammad	http://www.wikidata.org/entity/Q9458	Messenger
4	62	Bagaimana halnya apabila (kelak) musibah menimpa mereka (orang munafik) karena perbuatannya sendiri. Kemudian, mereka datang kepadamu (Nabi Muhammad) sambil bersumpah, “Demi Allah, kami sekali-kali tidak menghendaki selain kebaikan dan perdamaian.”	Muhammad	http://www.wikidata.org/entity/Q9458	Messenger
4	62	Bagaimana halnya apabila (kelak) musibah menimpa mereka (orang munafik) karena perbuatannya sendiri. Kemudian, mereka datang kepadamu (Nabi Muhammad) sambil bersumpah, “Demi Allah, kami sekali-kali tidak menghendaki selain kebaikan dan perdamaian.”	Allah	http://www.wikidata.org/entity/Q2095353	Allah
4	65	Demi Tuhanmu, mereka tidak beriman hingga bertahkim kepadamu (Nabi Muhammad) dalam perkara yang diperselisihkan di antara mereka. Kemudian, tidak ada keberatan dalam diri mereka terhadap putusan yang engkau berikan dan mereka terima dengan sepenuhnya.	Muhammad	http://www.wikidata.org/entity/Q9458	Messenger
4	66	Seandainya Kami perintahkan kepada mereka (orang-orang munafik), “Bunuhlah dirimu atau keluarlah kamu dari kampung halamanmu,” niscaya mereka tidak akan melakukannya, kecuali sebagian kecil dari mereka. Seandainya mereka melaksanakan pengajaran yang diberikan kepada mereka, sungguh itu lebih baik bagi mereka dan lebih menguatkan (iman mereka).			
4	67	Jika demikian (halnya), pasti Kami anugerahkan kepada mereka dari sisi Kami pahala yang sangat besar			
4	69	Siapa yang menaati Allah dan Rasul (Nabi Muhammad), mereka itulah orang-orang yang (akan dikumpulkan) bersama orang-orang yang dianugerahi nikmat oleh Allah, (yaitu) para nabi, para pencinta kebenaran, orang-orang yang mati syahid, dan orang-orang saleh. Mereka itulah teman yang sebaik-baiknya.	Allah	http://www.wikidata.org/entity/Q2095353	Allah
4	69	Siapa yang menaati Allah dan Rasul (Nabi Muhammad), mereka itulah orang-orang yang (akan dikumpulkan) bersama orang-orang yang dianugerahi nikmat oleh Allah, (yaitu) para nabi, para pencinta kebenaran, orang-orang yang mati syahid, dan orang-orang saleh. Mereka itulah teman yang sebaik-baiknya.	Muhammad	http://www.wikidata.org/entity/Q9458	Messenger
4	69	Siapa yang menaati Allah dan Rasul (Nabi Muhammad), mereka itulah orang-orang yang (akan dikumpulkan) bersama orang-orang yang dianugerahi nikmat oleh Allah, (yaitu) para nabi, para pencinta kebenaran, orang-orang yang mati syahid, dan orang-orang saleh. Mereka itulah teman yang sebaik-baiknya.	Allah	http://www.wikidata.org/entity/Q2095353	Allah
4	70	Itulah karunia dari Allah. Cukuplah Allah Yang Maha Mengetahui.	Allah	http://www.wikidata.org/entity/Q2095353	Allah
4	70	Itulah karunia dari Allah. Cukuplah Allah Yang Maha Mengetahui.	Allah	http://www.wikidata.org/entity/Q2095353	Allah
4	70	Itulah karunia dari Allah. Cukuplah Allah Yang Maha Mengetahui.	Yang Maha Mengetahui	http://www.wikidata.org/entity/Q2095353	Allah
4	71	Wahai orang-orang yang beriman, bersiap siagalah dan majulah (ke medan pertempuran) secara berkelompok-kelompok atau majulah bersama-sama (serentak).			
4	73	Sungguh, jika kamu mendapat karunia (kemenangan) dari Allah, tentulah dia mengatakan seakan-akan belum pernah ada hubungan kasih sayang antara kamu dengan dia, “Aduhai, sekiranya aku dahulu bersama mereka, tentu aku akan memperoleh kemenangan yang agung (pula).”	Allah	http://www.wikidata.org/entity/Q2095353	Allah
4	75	Mengapa kamu tidak berperang di jalan Allah dan (membela) orang-orang yang lemah dari (kalangan) laki-laki, perempuan, dan anak-anak yang berdoa, “Wahai Tuhan kami, keluarkanlah kami dari negeri ini (Makkah) yang penduduknya zalim. Berilah kami pelindung dari sisi-Mu dan berilah kami penolong dari sisi-Mu.”	Allah	http://www.wikidata.org/entity/Q2095353	Allah
4	75	Mengapa kamu tidak berperang di jalan Allah dan (membela) orang-orang yang lemah dari (kalangan) laki-laki, perempuan, dan anak-anak yang berdoa, “Wahai Tuhan kami, keluarkanlah kami dari negeri ini (Makkah) yang penduduknya zalim. Berilah kami pelindung dari sisi-Mu dan berilah kami penolong dari sisi-Mu.”	Makkah	http://www.wikidata.org/entity/Q5806	GeographicalLocation
4	76	Orang-orang yang beriman berperang di jalan Allah dan orang-orang yang kufur berperang di jalan tagut. Perangilah kawan-kawan setan itu. Sesungguhnya tipu daya setan itu lemah.	Allah	http://www.wikidata.org/entity/Q2095353	Allah
4	77	Tidakkah engkau memperhatikan orang-orang yang dikatakan kepada mereka, “Tahanlah tanganmu (dari berperang), tegakkanlah salat, dan tunaikanlah zakat!” Ketika mereka diwajibkan berperang, tiba-tiba segolongan mereka (munafik) takut kepada manusia (musuh) seperti ketakutan mereka kepada Allah, bahkan lebih takut daripada itu. Mereka berkata, “Wahai Tuhan kami, mengapa Engkau wajibkan berperang kepada kami? Mengapa tidak Engkau tangguhkan (kewajiban berperang) kepada kami beberapa waktu lagi?” Katakanlah, “Kesenangan di dunia ini hanyalah sedikit, sedangkan akhirat itu lebih baik bagi orang yang bertakwa dan kamu tidak akan dizalimi sedikit pun.”	Allah	http://www.wikidata.org/entity/Q2095353	Allah
4	78	Di mana pun kamu berada, kematian akan mendatangimu, meskipun kamu berada dalam benteng yang kukuh. Jika mereka (orang-orang munafik) memperoleh suatu kebaikan, mereka berkata, “Ini dari sisi Allah” dan jika mereka ditimpa suatu keburukan, mereka berkata, “Ini dari engkau (Nabi Muhammad).” Katakanlah, “Semuanya (datang) dari sisi Allah.” Mengapa orang-orang itu hampir tidak memahami pembicaraan?	Allah	http://www.wikidata.org/entity/Q2095353	Allah
4	78	Di mana pun kamu berada, kematian akan mendatangimu, meskipun kamu berada dalam benteng yang kukuh. Jika mereka (orang-orang munafik) memperoleh suatu kebaikan, mereka berkata, “Ini dari sisi Allah” dan jika mereka ditimpa suatu keburukan, mereka berkata, “Ini dari engkau (Nabi Muhammad).” Katakanlah, “Semuanya (datang) dari sisi Allah.” Mengapa orang-orang itu hampir tidak memahami pembicaraan?	Muhammad	http://www.wikidata.org/entity/Q9458	Messenger
4	78	Di mana pun kamu berada, kematian akan mendatangimu, meskipun kamu berada dalam benteng yang kukuh. Jika mereka (orang-orang munafik) memperoleh suatu kebaikan, mereka berkata, “Ini dari sisi Allah” dan jika mereka ditimpa suatu keburukan, mereka berkata, “Ini dari engkau (Nabi Muhammad).” Katakanlah, “Semuanya (datang) dari sisi Allah.” Mengapa orang-orang itu hampir tidak memahami pembicaraan?	Allah	http://www.wikidata.org/entity/Q2095353	Allah
4	79	Kebaikan (nikmat) apa pun yang kamu peroleh (berasal) dari Allah, sedangkan keburukan (bencana) apa pun yang menimpamu itu disebabkan oleh (kesalahan) dirimu sendiri. Kami mengutus engkau (Nabi Muhammad) menjadi Rasul kepada (seluruh) manusia. Cukuplah Allah sebagai saksi.	Allah	http://www.wikidata.org/entity/Q2095353	Allah
4	79	Kebaikan (nikmat) apa pun yang kamu peroleh (berasal) dari Allah, sedangkan keburukan (bencana) apa pun yang menimpamu itu disebabkan oleh (kesalahan) dirimu sendiri. Kami mengutus engkau (Nabi Muhammad) menjadi Rasul kepada (seluruh) manusia. Cukuplah Allah sebagai saksi.	Muhammad	http://www.wikidata.org/entity/Q9458	Messenger
4	79	Kebaikan (nikmat) apa pun yang kamu peroleh (berasal) dari Allah, sedangkan keburukan (bencana) apa pun yang menimpamu itu disebabkan oleh (kesalahan) dirimu sendiri. Kami mengutus engkau (Nabi Muhammad) menjadi Rasul kepada (seluruh) manusia. Cukuplah Allah sebagai saksi.	Allah	http://www.wikidata.org/entity/Q2095353	Allah
4	80	Siapa yang menaati Rasul (Muhammad), maka sungguh telah menaati Allah. Siapa yang berpaling, maka Kami tidak mengutus engkau (Nabi Muhammad) sebagai pemelihara mereka.	Muhammad	http://www.wikidata.org/entity/Q9458	Messenger
4	80	Siapa yang menaati Rasul (Muhammad), maka sungguh telah menaati Allah. Siapa yang berpaling, maka Kami tidak mengutus engkau (Nabi Muhammad) sebagai pemelihara mereka.	Allah	http://www.wikidata.org/entity/Q2095353	Allah
4	80	Siapa yang menaati Rasul (Muhammad), maka sungguh telah menaati Allah. Siapa yang berpaling, maka Kami tidak mengutus engkau (Nabi Muhammad) sebagai pemelihara mereka.	Muhammad	http://www.wikidata.org/entity/Q9458	Messenger
4	81	Mereka (orang-orang munafik) berkata, “(Kewajiban kami hanyalah) taat.” Akan tetapi, apabila mereka telah pergi darimu (Nabi Muhammad), sebagian mereka mengatur siasat pada malam hari (mengambil keputusan) berbeda dari yang telah mereka katakan. Allah mencatat siasat yang mereka atur pada malam hari itu. Berpalinglah dari mereka dan bertawakallah kepada Allah. Cukuplah Allah sebagai pelindung.	Muhammad	http://www.wikidata.org/entity/Q9458	Messenger
4	81	Mereka (orang-orang munafik) berkata, “(Kewajiban kami hanyalah) taat.” Akan tetapi, apabila mereka telah pergi darimu (Nabi Muhammad), sebagian mereka mengatur siasat pada malam hari (mengambil keputusan) berbeda dari yang telah mereka katakan. Allah mencatat siasat yang mereka atur pada malam hari itu. Berpalinglah dari mereka dan bertawakallah kepada Allah. Cukuplah Allah sebagai pelindung.	Allah	http://www.wikidata.org/entity/Q2095353	Allah
4	81	Mereka (orang-orang munafik) berkata, “(Kewajiban kami hanyalah) taat.” Akan tetapi, apabila mereka telah pergi darimu (Nabi Muhammad), sebagian mereka mengatur siasat pada malam hari (mengambil keputusan) berbeda dari yang telah mereka katakan. Allah mencatat siasat yang mereka atur pada malam hari itu. Berpalinglah dari mereka dan bertawakallah kepada Allah. Cukuplah Allah sebagai pelindung.	Allah	http://www.wikidata.org/entity/Q2095353	Allah
4	81	Mereka (orang-orang munafik) berkata, “(Kewajiban kami hanyalah) taat.” Akan tetapi, apabila mereka telah pergi darimu (Nabi Muhammad), sebagian mereka mengatur siasat pada malam hari (mengambil keputusan) berbeda dari yang telah mereka katakan. Allah mencatat siasat yang mereka atur pada malam hari itu. Berpalinglah dari mereka dan bertawakallah kepada Allah. Cukuplah Allah sebagai pelindung.	Allah	http://www.wikidata.org/entity/Q2095353	Allah
4	82	Tidakkah mereka menadaburi Al-Qur’an? Seandainya (Al-Qur’an) itu tidak datang dari sisi Allah, tentulah mereka menemukan banyak pertentangan di dalamnya.	Al-Qur’an	http://www.wikidata.org/entity/Q428	HolyBook
4	82	Tidakkah mereka menadaburi Al-Qur’an? Seandainya (Al-Qur’an) itu tidak datang dari sisi Allah, tentulah mereka menemukan banyak pertentangan di dalamnya.	Al-Qur’an	http://www.wikidata.org/entity/Q428	HolyBook
4	82	Tidakkah mereka menadaburi Al-Qur’an? Seandainya (Al-Qur’an) itu tidak datang dari sisi Allah, tentulah mereka menemukan banyak pertentangan di dalamnya.	Allah	http://www.wikidata.org/entity/Q2095353	Allah
4	83	Apabila datang kepada mereka suatu berita tentang keamanan (kemenangan) atau ketakutan (kekalahan), mereka menyebarluaskannya. Padahal, seandainya mereka menyerahkannya kepada Rasul dan ululamri (pemegang kekuasaan) di antara mereka, tentulah orang-orang yang ingin mengetahui kebenarannya (akan dapat) mengetahuinya (secara resmi) dari mereka (Rasul dan ululamri). Sekiranya bukan karena karunia dan rahmat Allah kepadamu, tentulah engkau mengikuti setan, kecuali sebagian kecil saja (di antara kamu).	Allah	http://www.wikidata.org/entity/Q2095353	Allah
4	88	Mengapa kamu (wahai orang mukmin) (terpecah) menjadi dua golongan dalam (menghadapi) orang-orang munafik, padahal Allah telah mengembalikan mereka (pada kekufuran) karena usaha mereka sendiri? Apakah kamu bermaksud memberi petunjuk kepada orang yang telah dibiarkan sesat oleh Allah? Siapa yang dibiarkan sesat oleh Allah niscaya engkau (Nabi Muhammad) tidak akan menemukan jalan baginya (untuk diberi petunjuk).	Allah	http://www.wikidata.org/entity/Q2095353	Allah
4	88	Mengapa kamu (wahai orang mukmin) (terpecah) menjadi dua golongan dalam (menghadapi) orang-orang munafik, padahal Allah telah mengembalikan mereka (pada kekufuran) karena usaha mereka sendiri? Apakah kamu bermaksud memberi petunjuk kepada orang yang telah dibiarkan sesat oleh Allah? Siapa yang dibiarkan sesat oleh Allah niscaya engkau (Nabi Muhammad) tidak akan menemukan jalan baginya (untuk diberi petunjuk).	Allah	http://www.wikidata.org/entity/Q2095353	Allah
4	88	Mengapa kamu (wahai orang mukmin) (terpecah) menjadi dua golongan dalam (menghadapi) orang-orang munafik, padahal Allah telah mengembalikan mereka (pada kekufuran) karena usaha mereka sendiri? Apakah kamu bermaksud memberi petunjuk kepada orang yang telah dibiarkan sesat oleh Allah? Siapa yang dibiarkan sesat oleh Allah niscaya engkau (Nabi Muhammad) tidak akan menemukan jalan baginya (untuk diberi petunjuk).	Allah	http://www.wikidata.org/entity/Q2095353	Allah
4	88	Mengapa kamu (wahai orang mukmin) (terpecah) menjadi dua golongan dalam (menghadapi) orang-orang munafik, padahal Allah telah mengembalikan mereka (pada kekufuran) karena usaha mereka sendiri? Apakah kamu bermaksud memberi petunjuk kepada orang yang telah dibiarkan sesat oleh Allah? Siapa yang dibiarkan sesat oleh Allah niscaya engkau (Nabi Muhammad) tidak akan menemukan jalan baginya (untuk diberi petunjuk).	Muhammad	http://www.wikidata.org/entity/Q9458	Messenger
4	90	Kecuali, orang-orang yang menjalin hubungan dengan suatu kaum yang antara kamu dan kaum itu ada perjanjian (damai, mereka jangan dibunuh atau jangan ditawan). (Demikian juga) orang-orang yang datang kepadamu, sedangkan hati mereka berat untuk memerangi kamu atau memerangi kaumnya. Seandainya Allah menghendaki, niscaya Dia berikan kekuasaan kepada mereka untuk menghadapi kamu sehingga mereka memerangimu. Akan tetapi, jika mereka membiarkanmu (tidak mengganggumu), tidak memerangimu, dan menawarkan perdamaian kepadamu (menyerah), Allah tidak memberi jalan bagimu (untuk menawan dan membunuh) mereka.	Allah	http://www.wikidata.org/entity/Q2095353	Allah
4	90	Kecuali, orang-orang yang menjalin hubungan dengan suatu kaum yang antara kamu dan kaum itu ada perjanjian (damai, mereka jangan dibunuh atau jangan ditawan). (Demikian juga) orang-orang yang datang kepadamu, sedangkan hati mereka berat untuk memerangi kamu atau memerangi kaumnya. Seandainya Allah menghendaki, niscaya Dia berikan kekuasaan kepada mereka untuk menghadapi kamu sehingga mereka memerangimu. Akan tetapi, jika mereka membiarkanmu (tidak mengganggumu), tidak memerangimu, dan menawarkan perdamaian kepadamu (menyerah), Allah tidak memberi jalan bagimu (untuk menawan dan membunuh) mereka.	Allah	http://www.wikidata.org/entity/Q2095353	Allah
4	91	Akan kamu dapati (golongan) lain yang menginginkan agar mereka hidup aman bersamamu dan aman (pula) bersama kaumnya. Setiap kali mereka diajak kembali kepada fitnah (syirik), mereka pun terjerumus ke dalamnya. Oleh karena itu, jika mereka tidak membiarkanmu (tetap mengganggumu), tidak pula mau menawarkan perdamaian kepadamu, dan tidak menahan tangan mereka (dari memerangimu), tawanlah dan bunuhlah mereka di mana saja kamu temukan. Merekalah orang-orang yang Kami berikan kepadamu alasan yang nyata (untuk menawan dan membunuh) mereka.			
4	93	Siapa yang membunuh seorang mukmin dengan sengaja, balasannya adalah (neraka) Jahanam. Dia kekal di dalamnya. Allah murka kepadanya, melaknatnya, dan menyediakan baginya azab yang sangat besar.	Jahanam	http://www.wikidata.org/entity/Q58418	AfterlifeLocation
4	93	Siapa yang membunuh seorang mukmin dengan sengaja, balasannya adalah (neraka) Jahanam. Dia kekal di dalamnya. Allah murka kepadanya, melaknatnya, dan menyediakan baginya azab yang sangat besar.	Allah	http://www.wikidata.org/entity/Q2095353	Allah
4	94	Wahai orang-orang yang beriman, apabila kamu pergi (berperang) di jalan Allah, bertabayunlah (carilah kejelasan) dan janganlah kamu mengatakan kepada orang yang mengucapkan salam kepadamu, “Kamu bukan seorang mukmin,” (lalu kamu membunuhnya) dengan maksud mencari harta benda kehidupan dunia karena di sisi Allah ada harta yang banyak. Demikianlah keadaan kamu dahulu, lalu Allah menganugerahkan nikmat-Nya kepadamu, maka telitilah. Sesungguhnya Allah Maha Mengetahui apa yang kamu kerjakan.	Allah	http://www.wikidata.org/entity/Q2095353	Allah
4	94	Wahai orang-orang yang beriman, apabila kamu pergi (berperang) di jalan Allah, bertabayunlah (carilah kejelasan) dan janganlah kamu mengatakan kepada orang yang mengucapkan salam kepadamu, “Kamu bukan seorang mukmin,” (lalu kamu membunuhnya) dengan maksud mencari harta benda kehidupan dunia karena di sisi Allah ada harta yang banyak. Demikianlah keadaan kamu dahulu, lalu Allah menganugerahkan nikmat-Nya kepadamu, maka telitilah. Sesungguhnya Allah Maha Mengetahui apa yang kamu kerjakan.	Allah	http://www.wikidata.org/entity/Q2095353	Allah
4	94	Wahai orang-orang yang beriman, apabila kamu pergi (berperang) di jalan Allah, bertabayunlah (carilah kejelasan) dan janganlah kamu mengatakan kepada orang yang mengucapkan salam kepadamu, “Kamu bukan seorang mukmin,” (lalu kamu membunuhnya) dengan maksud mencari harta benda kehidupan dunia karena di sisi Allah ada harta yang banyak. Demikianlah keadaan kamu dahulu, lalu Allah menganugerahkan nikmat-Nya kepadamu, maka telitilah. Sesungguhnya Allah Maha Mengetahui apa yang kamu kerjakan.	Allah	http://www.wikidata.org/entity/Q2095353	Allah
4	94	Wahai orang-orang yang beriman, apabila kamu pergi (berperang) di jalan Allah, bertabayunlah (carilah kejelasan) dan janganlah kamu mengatakan kepada orang yang mengucapkan salam kepadamu, “Kamu bukan seorang mukmin,” (lalu kamu membunuhnya) dengan maksud mencari harta benda kehidupan dunia karena di sisi Allah ada harta yang banyak. Demikianlah keadaan kamu dahulu, lalu Allah menganugerahkan nikmat-Nya kepadamu, maka telitilah. Sesungguhnya Allah Maha Mengetahui apa yang kamu kerjakan.	Allah	http://www.wikidata.org/entity/Q2095353	Allah
4	95	Tidak sama orang-orang mukmin yang duduk (tidak turut berperang) tanpa mempunyai uzur dengan orang-orang yang berjihad di jalan Allah dengan harta dan jiwanya. Allah melebihkan derajat orang-orang yang berjihad dengan harta dan jiwanya atas orang-orang yang duduk (tidak ikut berperang tanpa uzur). Kepada masing-masing, Allah menjanjikan (pahala) yang terbaik (surga), (tetapi) Allah melebihkan orang-orang yang berjihad atas orang-orang yang duduk dengan pahala yang besar.	Allah	http://www.wikidata.org/entity/Q2095353	Allah
4	95	Tidak sama orang-orang mukmin yang duduk (tidak turut berperang) tanpa mempunyai uzur dengan orang-orang yang berjihad di jalan Allah dengan harta dan jiwanya. Allah melebihkan derajat orang-orang yang berjihad dengan harta dan jiwanya atas orang-orang yang duduk (tidak ikut berperang tanpa uzur). Kepada masing-masing, Allah menjanjikan (pahala) yang terbaik (surga), (tetapi) Allah melebihkan orang-orang yang berjihad atas orang-orang yang duduk dengan pahala yang besar.	Allah	http://www.wikidata.org/entity/Q2095353	Allah
4	95	Tidak sama orang-orang mukmin yang duduk (tidak turut berperang) tanpa mempunyai uzur dengan orang-orang yang berjihad di jalan Allah dengan harta dan jiwanya. Allah melebihkan derajat orang-orang yang berjihad dengan harta dan jiwanya atas orang-orang yang duduk (tidak ikut berperang tanpa uzur). Kepada masing-masing, Allah menjanjikan (pahala) yang terbaik (surga), (tetapi) Allah melebihkan orang-orang yang berjihad atas orang-orang yang duduk dengan pahala yang besar.	Allah	http://www.wikidata.org/entity/Q2095353	Allah
4	95	Tidak sama orang-orang mukmin yang duduk (tidak turut berperang) tanpa mempunyai uzur dengan orang-orang yang berjihad di jalan Allah dengan harta dan jiwanya. Allah melebihkan derajat orang-orang yang berjihad dengan harta dan jiwanya atas orang-orang yang duduk (tidak ikut berperang tanpa uzur). Kepada masing-masing, Allah menjanjikan (pahala) yang terbaik (surga), (tetapi) Allah melebihkan orang-orang yang berjihad atas orang-orang yang duduk dengan pahala yang besar.	Allah	http://www.wikidata.org/entity/Q2095353	Allah
4	96	(Yaitu,) beberapa derajat dari-Nya, serta ampunan dan rahmat. Allah Maha Pengampun lagi Maha Penyayang.	Allah	http://www.wikidata.org/entity/Q2095353	Allah
4	97	Sesungguhnya orang-orang yang dicabut nyawanya oleh malaikat dalam keadaan menzalimi dirinya, mereka (malaikat) bertanya, “Bagaimana kamu ini?” Mereka menjawab, “Kami adalah orang-orang yang tertindas di bumi (Makkah).” Mereka (malaikat) bertanya, “Bukankah bumi Allah itu luas sehingga kamu dapat berhijrah di sana?” Maka, tempat mereka itu (neraka) Jahanam dan itu seburuk-buruk tempat kembali.	bumi	http://www.wikidata.org/entity/Q2	AstronomicalBody
4	97	Sesungguhnya orang-orang yang dicabut nyawanya oleh malaikat dalam keadaan menzalimi dirinya, mereka (malaikat) bertanya, “Bagaimana kamu ini?” Mereka menjawab, “Kami adalah orang-orang yang tertindas di bumi (Makkah).” Mereka (malaikat) bertanya, “Bukankah bumi Allah itu luas sehingga kamu dapat berhijrah di sana?” Maka, tempat mereka itu (neraka) Jahanam dan itu seburuk-buruk tempat kembali.	Makkah	http://www.wikidata.org/entity/Q5806	GeographicalLocation
4	97	Sesungguhnya orang-orang yang dicabut nyawanya oleh malaikat dalam keadaan menzalimi dirinya, mereka (malaikat) bertanya, “Bagaimana kamu ini?” Mereka menjawab, “Kami adalah orang-orang yang tertindas di bumi (Makkah).” Mereka (malaikat) bertanya, “Bukankah bumi Allah itu luas sehingga kamu dapat berhijrah di sana?” Maka, tempat mereka itu (neraka) Jahanam dan itu seburuk-buruk tempat kembali.	bumi	http://www.wikidata.org/entity/Q2	AstronomicalBody
4	97	Sesungguhnya orang-orang yang dicabut nyawanya oleh malaikat dalam keadaan menzalimi dirinya, mereka (malaikat) bertanya, “Bagaimana kamu ini?” Mereka menjawab, “Kami adalah orang-orang yang tertindas di bumi (Makkah).” Mereka (malaikat) bertanya, “Bukankah bumi Allah itu luas sehingga kamu dapat berhijrah di sana?” Maka, tempat mereka itu (neraka) Jahanam dan itu seburuk-buruk tempat kembali.	Allah	http://www.wikidata.org/entity/Q2095353	Allah
4	97	Sesungguhnya orang-orang yang dicabut nyawanya oleh malaikat dalam keadaan menzalimi dirinya, mereka (malaikat) bertanya, “Bagaimana kamu ini?” Mereka menjawab, “Kami adalah orang-orang yang tertindas di bumi (Makkah).” Mereka (malaikat) bertanya, “Bukankah bumi Allah itu luas sehingga kamu dapat berhijrah di sana?” Maka, tempat mereka itu (neraka) Jahanam dan itu seburuk-buruk tempat kembali.	Jahanam	http://www.wikidata.org/entity/Q58418	AfterlifeLocation
4	98	Kecuali, mereka yang tertindas dari (kalangan) laki-laki, perempuan, dan anak-anak yang tidak berdaya dan tidak mengetahui jalan (untuk berhijrah).			
4	99	Mereka itu, mudah-mudahan Allah memaafkannya. Allah Maha Pemaaf lagi Maha Pengampun.	Allah	http://www.wikidata.org/entity/Q2095353	Allah
4	99	Mereka itu, mudah-mudahan Allah memaafkannya. Allah Maha Pemaaf lagi Maha Pengampun.	Allah	http://www.wikidata.org/entity/Q2095353	Allah
4	101	Apabila kamu bepergian di bumi, maka tidak dosa bagimu untuk mengqasar salat jika kamu takut diserang orang-orang yang kufur. Sesungguhnya orang-orang kafir itu adalah musuh yang nyata bagimu.	bumi	http://www.wikidata.org/entity/Q2	AstronomicalBody
4	102	Apabila engkau (Nabi Muhammad) berada di tengah-tengah mereka (sahabatmu dan dalam keadaan takut diserang), lalu engkau hendak melaksanakan salat bersama mereka, hendaklah segolongan dari mereka berdiri (salat) bersamamu dengan menyandang senjatanya. Apabila mereka (yang salat bersamamu) telah sujud (menyempurnakan satu rakaat), hendaklah mereka pindah dari belakangmu (untuk menghadapi musuh). Lalu, hendaklah datang golongan lain yang belum salat agar mereka salat bersamamu dan hendaklah mereka bersiap siaga dengan menyandang senjatanya. Orang-orang yang kufur ingin agar kamu lengah terhadap senjata dan harta bendamu, lalu mereka menyerbumu secara tiba-tiba. Tidak ada dosa bagimu meletakkan senjata jika kamu mendapat suatu kesusahan, baik karena hujan maupun karena sakit dan bersiap siagalah kamu. Sesungguhnya Allah telah menyediakan azab yang menghinakan bagi orang-orang kafir.	Muhammad	http://www.wikidata.org/entity/Q9458	Messenger
4	102	Apabila engkau (Nabi Muhammad) berada di tengah-tengah mereka (sahabatmu dan dalam keadaan takut diserang), lalu engkau hendak melaksanakan salat bersama mereka, hendaklah segolongan dari mereka berdiri (salat) bersamamu dengan menyandang senjatanya. Apabila mereka (yang salat bersamamu) telah sujud (menyempurnakan satu rakaat), hendaklah mereka pindah dari belakangmu (untuk menghadapi musuh). Lalu, hendaklah datang golongan lain yang belum salat agar mereka salat bersamamu dan hendaklah mereka bersiap siaga dengan menyandang senjatanya. Orang-orang yang kufur ingin agar kamu lengah terhadap senjata dan harta bendamu, lalu mereka menyerbumu secara tiba-tiba. Tidak ada dosa bagimu meletakkan senjata jika kamu mendapat suatu kesusahan, baik karena hujan maupun karena sakit dan bersiap siagalah kamu. Sesungguhnya Allah telah menyediakan azab yang menghinakan bagi orang-orang kafir.	Allah	http://www.wikidata.org/entity/Q2095353	Allah
4	103	Apabila kamu telah menyelesaikan salat, berzikirlah kepada Allah (mengingat dan menyebut-Nya), baik ketika kamu berdiri, duduk, maupun berbaring. Apabila kamu telah merasa aman, laksanakanlah salat itu (dengan sempurna). Sesungguhnya salat itu merupakan kewajiban yang waktunya telah ditentukan atas orang-orang mukmin.	Allah	http://www.wikidata.org/entity/Q2095353	Allah
4	104	Janganlah kamu merasa lemah dalam mengejar kaum itu (musuhmu). Jika kamu menderita kesakitan, sesungguhnya mereka pun menderita kesakitan sebagaimana yang kamu rasakan. (Bahkan) kamu dapat mengharapkan dari Allah apa yang tidak dapat mereka harapkan. Allah Maha Mengetahui lagi Maha Bijaksana.	Allah	http://www.wikidata.org/entity/Q2095353	Allah
4	104	Janganlah kamu merasa lemah dalam mengejar kaum itu (musuhmu). Jika kamu menderita kesakitan, sesungguhnya mereka pun menderita kesakitan sebagaimana yang kamu rasakan. (Bahkan) kamu dapat mengharapkan dari Allah apa yang tidak dapat mereka harapkan. Allah Maha Mengetahui lagi Maha Bijaksana.	Allah	http://www.wikidata.org/entity/Q2095353	Allah
4	105	Sesungguhnya Kami telah menurunkan Kitab (Al-Qur’an) kepadamu (Nabi Muhammad) dengan hak agar kamu memutuskan (perkara) di antara manusia dengan apa yang telah Allah ajarkan kepadamu. Janganlah engkau menjadi penentang (orang yang tidak bersalah) karena (membela) para pengkhianat.	Al-Qur’an	http://www.wikidata.org/entity/Q428	HolyBook
4	105	Sesungguhnya Kami telah menurunkan Kitab (Al-Qur’an) kepadamu (Nabi Muhammad) dengan hak agar kamu memutuskan (perkara) di antara manusia dengan apa yang telah Allah ajarkan kepadamu. Janganlah engkau menjadi penentang (orang yang tidak bersalah) karena (membela) para pengkhianat.	Muhammad	http://www.wikidata.org/entity/Q9458	Messenger
4	105	Sesungguhnya Kami telah menurunkan Kitab (Al-Qur’an) kepadamu (Nabi Muhammad) dengan hak agar kamu memutuskan (perkara) di antara manusia dengan apa yang telah Allah ajarkan kepadamu. Janganlah engkau menjadi penentang (orang yang tidak bersalah) karena (membela) para pengkhianat.	Allah	http://www.wikidata.org/entity/Q2095353	Allah
4	107	Janganlah engkau (Nabi Muhammad) berdebat untuk (membela) orang-orang yang mengkhianati dirinya. Sesungguhnya Allah tidak menyukai orang-orang yang selalu berkhianat dan bergelimang dosa.	Muhammad	http://www.wikidata.org/entity/Q9458	Messenger
4	107	Janganlah engkau (Nabi Muhammad) berdebat untuk (membela) orang-orang yang mengkhianati dirinya. Sesungguhnya Allah tidak menyukai orang-orang yang selalu berkhianat dan bergelimang dosa.	Allah	http://www.wikidata.org/entity/Q2095353	Allah
4	108	Mereka dapat bersembunyi dari manusia, tetapi tidak dapat bersembunyi dari Allah. Dia bersama (mengawasi) mereka ketika pada malam hari mereka menetapkan keputusan rahasia yang tidak diridai-Nya. Allah Maha Meliputi apa yang mereka kerjakan.	Allah	http://www.wikidata.org/entity/Q2095353	Allah
4	108	Mereka dapat bersembunyi dari manusia, tetapi tidak dapat bersembunyi dari Allah. Dia bersama (mengawasi) mereka ketika pada malam hari mereka menetapkan keputusan rahasia yang tidak diridai-Nya. Allah Maha Meliputi apa yang mereka kerjakan.	Allah	http://www.wikidata.org/entity/Q2095353	Allah
4	109	Begitulah kamu. Kamu berdebat untuk (membela) mereka dalam kehidupan dunia ini. Akan tetapi, siapa yang akan menentang Allah untuk (membela) mereka pada hari Kiamat? Atau, siapakah yang menjadi pelindung mereka (dari azab Allah)?	Allah	http://www.wikidata.org/entity/Q2095353	Allah
4	109	Begitulah kamu. Kamu berdebat untuk (membela) mereka dalam kehidupan dunia ini. Akan tetapi, siapa yang akan menentang Allah untuk (membela) mereka pada hari Kiamat? Atau, siapakah yang menjadi pelindung mereka (dari azab Allah)?	hari Kiamat	http://www.wikidata.org/entity/Q12200906	Event
4	109	Begitulah kamu. Kamu berdebat untuk (membela) mereka dalam kehidupan dunia ini. Akan tetapi, siapa yang akan menentang Allah untuk (membela) mereka pada hari Kiamat? Atau, siapakah yang menjadi pelindung mereka (dari azab Allah)?	Allah	http://www.wikidata.org/entity/Q2095353	Allah
4	110	Siapa yang berbuat kejahatan atau menganiaya dirinya, kemudian memohon ampunan kepada Allah, niscaya akan mendapati Allah Maha Pengampun lagi Maha Penyayang.	Allah	http://www.wikidata.org/entity/Q2095353	Allah
4	110	Siapa yang berbuat kejahatan atau menganiaya dirinya, kemudian memohon ampunan kepada Allah, niscaya akan mendapati Allah Maha Pengampun lagi Maha Penyayang.	Allah	http://www.wikidata.org/entity/Q2095353	Allah
4	111	Siapa yang berbuat dosa sesungguhnya dia mengerjakannya untuk merugikan dirinya sendiri. Allah Maha Mengetahui lagi Maha Bijaksana.	Allah	http://www.wikidata.org/entity/Q2095353	Allah
4	113	Kalau bukan karena karunia Allah dan rahmat-Nya kepadamu (Nabi Muhammad), tentu segolongan dari mereka berkeinginan keras untuk menyesatkanmu. Akan tetapi, mereka tidak menyesatkan, kecuali dirinya sendiri dan tidak membahayakanmu sedikit pun. Allah telah menurunkan Kitab (Al-Qur’an) dan hikmah (sunah) kepadamu serta telah mengajarkan kepadamu apa yang tadinya belum kamu ketahui. Karunia Allah yang dilimpahkan kepadamu itu sangat besar.	Allah	http://www.wikidata.org/entity/Q2095353	Allah
4	113	Kalau bukan karena karunia Allah dan rahmat-Nya kepadamu (Nabi Muhammad), tentu segolongan dari mereka berkeinginan keras untuk menyesatkanmu. Akan tetapi, mereka tidak menyesatkan, kecuali dirinya sendiri dan tidak membahayakanmu sedikit pun. Allah telah menurunkan Kitab (Al-Qur’an) dan hikmah (sunah) kepadamu serta telah mengajarkan kepadamu apa yang tadinya belum kamu ketahui. Karunia Allah yang dilimpahkan kepadamu itu sangat besar.	Muhammad	http://www.wikidata.org/entity/Q9458	Messenger
4	113	Kalau bukan karena karunia Allah dan rahmat-Nya kepadamu (Nabi Muhammad), tentu segolongan dari mereka berkeinginan keras untuk menyesatkanmu. Akan tetapi, mereka tidak menyesatkan, kecuali dirinya sendiri dan tidak membahayakanmu sedikit pun. Allah telah menurunkan Kitab (Al-Qur’an) dan hikmah (sunah) kepadamu serta telah mengajarkan kepadamu apa yang tadinya belum kamu ketahui. Karunia Allah yang dilimpahkan kepadamu itu sangat besar.	Allah	http://www.wikidata.org/entity/Q2095353	Allah
4	113	Kalau bukan karena karunia Allah dan rahmat-Nya kepadamu (Nabi Muhammad), tentu segolongan dari mereka berkeinginan keras untuk menyesatkanmu. Akan tetapi, mereka tidak menyesatkan, kecuali dirinya sendiri dan tidak membahayakanmu sedikit pun. Allah telah menurunkan Kitab (Al-Qur’an) dan hikmah (sunah) kepadamu serta telah mengajarkan kepadamu apa yang tadinya belum kamu ketahui. Karunia Allah yang dilimpahkan kepadamu itu sangat besar.	Al-Qur’an	http://www.wikidata.org/entity/Q428	HolyBook
4	113	Kalau bukan karena karunia Allah dan rahmat-Nya kepadamu (Nabi Muhammad), tentu segolongan dari mereka berkeinginan keras untuk menyesatkanmu. Akan tetapi, mereka tidak menyesatkan, kecuali dirinya sendiri dan tidak membahayakanmu sedikit pun. Allah telah menurunkan Kitab (Al-Qur’an) dan hikmah (sunah) kepadamu serta telah mengajarkan kepadamu apa yang tadinya belum kamu ketahui. Karunia Allah yang dilimpahkan kepadamu itu sangat besar.	Allah	http://www.wikidata.org/entity/Q2095353	Allah
4	115	Siapa yang menentang Rasul (Nabi Muhammad) setelah jelas kebenaran baginya dan mengikuti jalan yang bukan jalan orang-orang mukmin, Kami biarkan dalam kesesatannya dan akan Kami masukkan ke dalam (neraka) Jahanam. Itu seburuk-buruk tempat kembali.	Muhammad	http://www.wikidata.org/entity/Q9458	Messenger
4	115	Siapa yang menentang Rasul (Nabi Muhammad) setelah jelas kebenaran baginya dan mengikuti jalan yang bukan jalan orang-orang mukmin, Kami biarkan dalam kesesatannya dan akan Kami masukkan ke dalam (neraka) Jahanam. Itu seburuk-buruk tempat kembali.	Jahanam	http://www.wikidata.org/entity/Q58418	AfterlifeLocation
4	116	Sesungguhnya Allah tidak akan mengampuni (dosa) karena mempersekutukan-Nya (syirik), tetapi Dia mengampuni apa (dosa) yang selain (syirik) itu bagi siapa yang Dia kehendaki. Siapa pun yang mempersekutukan Allah sungguh telah tersesat jauh.	Allah	http://www.wikidata.org/entity/Q2095353	Allah
4	116	Sesungguhnya Allah tidak akan mengampuni (dosa) karena mempersekutukan-Nya (syirik), tetapi Dia mengampuni apa (dosa) yang selain (syirik) itu bagi siapa yang Dia kehendaki. Siapa pun yang mempersekutukan Allah sungguh telah tersesat jauh.	Allah	http://www.wikidata.org/entity/Q2095353	Allah
4	117	Mereka tidak menyembah selain Dia, kecuali berhala dan mereka juga tidak menyembah, kecuali setan yang durhaka.			
4	119	Aku benar-benar akan menyesatkan mereka, membangkitkan angan-angan kosong mereka, menyuruh mereka (untuk memotong telinga-telinga binatang ternaknya) hingga mereka benar-benar memotongnya, dan menyuruh mereka (mengubah ciptaan Allah) hingga benar-benar mengubahnya.” Siapa yang menjadikan setan sebagai pelindung selain Allah sungguh telah menderita kerugian yang nyata.	Allah	http://www.wikidata.org/entity/Q2095353	Allah
4	119	Aku benar-benar akan menyesatkan mereka, membangkitkan angan-angan kosong mereka, menyuruh mereka (untuk memotong telinga-telinga binatang ternaknya) hingga mereka benar-benar memotongnya, dan menyuruh mereka (mengubah ciptaan Allah) hingga benar-benar mengubahnya.” Siapa yang menjadikan setan sebagai pelindung selain Allah sungguh telah menderita kerugian yang nyata.	Allah	http://www.wikidata.org/entity/Q2095353	Allah
4	120	(Setan) memberikan janji-janji kepada mereka dan membangkitkan angan-angan kosong mereka. Padahal, setan tidak menjanjikan kepada mereka, kecuali tipuan belaka.			
4	122	Orang-orang yang beriman dan beramal saleh akan Kami masukkan ke dalam surga yang mengalir di bawahnya sungai-sungai. Mereka kekal di dalamnya selama-lamanya. Janji Allah itu benar. Siapakah yang lebih benar perkataannya daripada Allah?	Allah	http://www.wikidata.org/entity/Q2095353	Allah
4	122	Orang-orang yang beriman dan beramal saleh akan Kami masukkan ke dalam surga yang mengalir di bawahnya sungai-sungai. Mereka kekal di dalamnya selama-lamanya. Janji Allah itu benar. Siapakah yang lebih benar perkataannya daripada Allah?	Allah	http://www.wikidata.org/entity/Q2095353	Allah
4	123	(Pahala dari Allah) bukanlah (menurut) angan-anganmu dan bukan (pula menurut) angan-angan Ahlulkitab. Siapa yang mengerjakan kejahatan niscaya akan dibalas sesuai dengan (kejahatan itu) dan dia tidak akan menemukan untuknya pelindung serta penolong selain Allah.	Allah	http://www.wikidata.org/entity/Q2095353	Allah
4	123	(Pahala dari Allah) bukanlah (menurut) angan-anganmu dan bukan (pula menurut) angan-angan Ahlulkitab. Siapa yang mengerjakan kejahatan niscaya akan dibalas sesuai dengan (kejahatan itu) dan dia tidak akan menemukan untuknya pelindung serta penolong selain Allah.	Ahlulkitab	http://www.wikidata.org/entity/Q216565	Person
4	123	(Pahala dari Allah) bukanlah (menurut) angan-anganmu dan bukan (pula menurut) angan-angan Ahlulkitab. Siapa yang mengerjakan kejahatan niscaya akan dibalas sesuai dengan (kejahatan itu) dan dia tidak akan menemukan untuknya pelindung serta penolong selain Allah.	Allah	http://www.wikidata.org/entity/Q2095353	Allah
4	125	Siapakah yang lebih baik agamanya daripada orang yang memasrahkan dirinya kepada Allah, sedangkan dia muhsin (orang yang berbuat kebaikan) dan mengikuti agama Ibrahim yang hanif? Allah telah menjadikan Ibrahim sebagai kekasih(-Nya).	Allah	http://www.wikidata.org/entity/Q2095353	Allah
4	125	Siapakah yang lebih baik agamanya daripada orang yang memasrahkan dirinya kepada Allah, sedangkan dia muhsin (orang yang berbuat kebaikan) dan mengikuti agama Ibrahim yang hanif? Allah telah menjadikan Ibrahim sebagai kekasih(-Nya).	agama Ibrahim	http://www.wikidata.org/entity/Q432	Religion
4	125	Siapakah yang lebih baik agamanya daripada orang yang memasrahkan dirinya kepada Allah, sedangkan dia muhsin (orang yang berbuat kebaikan) dan mengikuti agama Ibrahim yang hanif? Allah telah menjadikan Ibrahim sebagai kekasih(-Nya).	Allah	http://www.wikidata.org/entity/Q2095353	Allah
4	125	Siapakah yang lebih baik agamanya daripada orang yang memasrahkan dirinya kepada Allah, sedangkan dia muhsin (orang yang berbuat kebaikan) dan mengikuti agama Ibrahim yang hanif? Allah telah menjadikan Ibrahim sebagai kekasih(-Nya).	Ibrahim	http://www.wikidata.org/entity/Q1768161	Messenger
4	127	Mereka meminta fatwa kepada engkau (Nabi Muhammad) tentang perempuan. Katakanlah, “Allah memberi fatwa kepadamu tentang mereka, dan apa yang dibacakan kepadamu dalam Al-Qur’an tentang para perempuan yatim yang tidak kamu berikan sesuatu (maskawin) yang ditetapkan untuk mereka, sedangkan kamu ingin menikahi mereka, serta (tentang) anak-anak yang tidak berdaya. (Allah juga memberi fatwa kepadamu) untuk mengurus anak-anak yatim secara adil. Kebajikan apa pun yang kamu kerjakan, sesungguhnya Allah Maha Mengetahuinya.	Muhammad	http://www.wikidata.org/entity/Q9458	Messenger
4	127	Mereka meminta fatwa kepada engkau (Nabi Muhammad) tentang perempuan. Katakanlah, “Allah memberi fatwa kepadamu tentang mereka, dan apa yang dibacakan kepadamu dalam Al-Qur’an tentang para perempuan yatim yang tidak kamu berikan sesuatu (maskawin) yang ditetapkan untuk mereka, sedangkan kamu ingin menikahi mereka, serta (tentang) anak-anak yang tidak berdaya. (Allah juga memberi fatwa kepadamu) untuk mengurus anak-anak yatim secara adil. Kebajikan apa pun yang kamu kerjakan, sesungguhnya Allah Maha Mengetahuinya.	Allah	http://www.wikidata.org/entity/Q2095353	Allah
4	127	Mereka meminta fatwa kepada engkau (Nabi Muhammad) tentang perempuan. Katakanlah, “Allah memberi fatwa kepadamu tentang mereka, dan apa yang dibacakan kepadamu dalam Al-Qur’an tentang para perempuan yatim yang tidak kamu berikan sesuatu (maskawin) yang ditetapkan untuk mereka, sedangkan kamu ingin menikahi mereka, serta (tentang) anak-anak yang tidak berdaya. (Allah juga memberi fatwa kepadamu) untuk mengurus anak-anak yatim secara adil. Kebajikan apa pun yang kamu kerjakan, sesungguhnya Allah Maha Mengetahuinya.	Al-Qur’an	http://www.wikidata.org/entity/Q428	HolyBook
4	127	Mereka meminta fatwa kepada engkau (Nabi Muhammad) tentang perempuan. Katakanlah, “Allah memberi fatwa kepadamu tentang mereka, dan apa yang dibacakan kepadamu dalam Al-Qur’an tentang para perempuan yatim yang tidak kamu berikan sesuatu (maskawin) yang ditetapkan untuk mereka, sedangkan kamu ingin menikahi mereka, serta (tentang) anak-anak yang tidak berdaya. (Allah juga memberi fatwa kepadamu) untuk mengurus anak-anak yatim secara adil. Kebajikan apa pun yang kamu kerjakan, sesungguhnya Allah Maha Mengetahuinya.	Allah	http://www.wikidata.org/entity/Q2095353	Allah
4	127	Mereka meminta fatwa kepada engkau (Nabi Muhammad) tentang perempuan. Katakanlah, “Allah memberi fatwa kepadamu tentang mereka, dan apa yang dibacakan kepadamu dalam Al-Qur’an tentang para perempuan yatim yang tidak kamu berikan sesuatu (maskawin) yang ditetapkan untuk mereka, sedangkan kamu ingin menikahi mereka, serta (tentang) anak-anak yang tidak berdaya. (Allah juga memberi fatwa kepadamu) untuk mengurus anak-anak yatim secara adil. Kebajikan apa pun yang kamu kerjakan, sesungguhnya Allah Maha Mengetahuinya.	Allah	http://www.wikidata.org/entity/Q2095353	Allah
4	128	Jika seorang perempuan khawatir suaminya akan nusyuz atau bersikap tidak acuh, keduanya dapat mengadakan perdamaian yang sebenarnya. Perdamaian itu lebih baik (bagi mereka), walaupun manusia itu menurut tabiatnya kikir. Jika kamu berbuat kebaikan dan memelihara dirimu (dari nusyuz dan sikap tidak acuh) sesungguhnya Allah Maha Teliti terhadap apa yang kamu kerjakan.	Allah	http://www.wikidata.org/entity/Q2095353	Allah
4	129	Kamu sekali-kali tidak akan dapat berlaku adil di antara istri-istri(-mu) walaupun kamu sangat ingin berbuat demikian. Oleh karena itu, janganlah kamu terlalu cenderung (kepada yang kamu cintai) sehingga kamu biarkan yang lain terkatung-katung. Jika kamu mengadakan islah (perbaikan) dan memelihara diri (dari kecurangan), sesungguhnya Allah Maha Pengampun lagi Maha Penyayang.	Allah	http://www.wikidata.org/entity/Q2095353	Allah
4	130	Jika keduanya bercerai, Allah akan memberi kecukupan kepada masing-masing dari keluasan (karunia)-Nya. Allah Maha Luas (karunia-Nya) lagi Maha Bijaksana.	Allah	http://www.wikidata.org/entity/Q2095353	Allah
4	130	Jika keduanya bercerai, Allah akan memberi kecukupan kepada masing-masing dari keluasan (karunia)-Nya. Allah Maha Luas (karunia-Nya) lagi Maha Bijaksana.	Allah	http://www.wikidata.org/entity/Q2095353	Allah
4	131	Hanya milik Allah apa yang ada di langit dan apa yang ada di bumi. Sungguh, Kami telah mewasiatkan kepada orang-orang yang diberi kitab suci sebelum kamu dan (juga) kepadamu (umat Islam) agar bertakwa kepada Allah. Akan tetapi, jika kamu kufur, maka sesungguhnya hanya milik Allah apa yang ada di langit dan apa yang ada di bumi. Allah Maha Kaya lagi Maha Terpuji.	Allah	http://www.wikidata.org/entity/Q2095353	Allah
4	131	Hanya milik Allah apa yang ada di langit dan apa yang ada di bumi. Sungguh, Kami telah mewasiatkan kepada orang-orang yang diberi kitab suci sebelum kamu dan (juga) kepadamu (umat Islam) agar bertakwa kepada Allah. Akan tetapi, jika kamu kufur, maka sesungguhnya hanya milik Allah apa yang ada di langit dan apa yang ada di bumi. Allah Maha Kaya lagi Maha Terpuji.	langit	http://www.wikidata.org/entity/Q527	AstronomicalBody
4	131	Hanya milik Allah apa yang ada di langit dan apa yang ada di bumi. Sungguh, Kami telah mewasiatkan kepada orang-orang yang diberi kitab suci sebelum kamu dan (juga) kepadamu (umat Islam) agar bertakwa kepada Allah. Akan tetapi, jika kamu kufur, maka sesungguhnya hanya milik Allah apa yang ada di langit dan apa yang ada di bumi. Allah Maha Kaya lagi Maha Terpuji.	bumi	http://www.wikidata.org/entity/Q2	AstronomicalBody
4	131	Hanya milik Allah apa yang ada di langit dan apa yang ada di bumi. Sungguh, Kami telah mewasiatkan kepada orang-orang yang diberi kitab suci sebelum kamu dan (juga) kepadamu (umat Islam) agar bertakwa kepada Allah. Akan tetapi, jika kamu kufur, maka sesungguhnya hanya milik Allah apa yang ada di langit dan apa yang ada di bumi. Allah Maha Kaya lagi Maha Terpuji.	umat Islam	http://www.wikidata.org/entity/Q47740	Person
4	131	Hanya milik Allah apa yang ada di langit dan apa yang ada di bumi. Sungguh, Kami telah mewasiatkan kepada orang-orang yang diberi kitab suci sebelum kamu dan (juga) kepadamu (umat Islam) agar bertakwa kepada Allah. Akan tetapi, jika kamu kufur, maka sesungguhnya hanya milik Allah apa yang ada di langit dan apa yang ada di bumi. Allah Maha Kaya lagi Maha Terpuji.	Allah	http://www.wikidata.org/entity/Q2095353	Allah
4	131	Hanya milik Allah apa yang ada di langit dan apa yang ada di bumi. Sungguh, Kami telah mewasiatkan kepada orang-orang yang diberi kitab suci sebelum kamu dan (juga) kepadamu (umat Islam) agar bertakwa kepada Allah. Akan tetapi, jika kamu kufur, maka sesungguhnya hanya milik Allah apa yang ada di langit dan apa yang ada di bumi. Allah Maha Kaya lagi Maha Terpuji.	Allah	http://www.wikidata.org/entity/Q2095353	Allah
4	131	Hanya milik Allah apa yang ada di langit dan apa yang ada di bumi. Sungguh, Kami telah mewasiatkan kepada orang-orang yang diberi kitab suci sebelum kamu dan (juga) kepadamu (umat Islam) agar bertakwa kepada Allah. Akan tetapi, jika kamu kufur, maka sesungguhnya hanya milik Allah apa yang ada di langit dan apa yang ada di bumi. Allah Maha Kaya lagi Maha Terpuji.	langit	http://www.wikidata.org/entity/Q527	AstronomicalBody
4	131	Hanya milik Allah apa yang ada di langit dan apa yang ada di bumi. Sungguh, Kami telah mewasiatkan kepada orang-orang yang diberi kitab suci sebelum kamu dan (juga) kepadamu (umat Islam) agar bertakwa kepada Allah. Akan tetapi, jika kamu kufur, maka sesungguhnya hanya milik Allah apa yang ada di langit dan apa yang ada di bumi. Allah Maha Kaya lagi Maha Terpuji.	bumi	http://www.wikidata.org/entity/Q2	AstronomicalBody
4	131	Hanya milik Allah apa yang ada di langit dan apa yang ada di bumi. Sungguh, Kami telah mewasiatkan kepada orang-orang yang diberi kitab suci sebelum kamu dan (juga) kepadamu (umat Islam) agar bertakwa kepada Allah. Akan tetapi, jika kamu kufur, maka sesungguhnya hanya milik Allah apa yang ada di langit dan apa yang ada di bumi. Allah Maha Kaya lagi Maha Terpuji.	Allah	http://www.wikidata.org/entity/Q2095353	Allah
4	133	Jika Dia menghendaki, niscaya Dia musnahkan kamu semua wahai manusia, dan Dia datangkan (umat) yang lain (sebagai penggantimu). Allah Maha Kuasa berbuat demikian.	Allah	http://www.wikidata.org/entity/Q2095353	Allah
4	134	Siapa yang menghendaki pahala dunia, maka di sisi Allah ada pahala dunia dan akhirat. Allah Maha Mendengar lagi Maha Melihat.	Allah	http://www.wikidata.org/entity/Q2095353	Allah
4	134	Siapa yang menghendaki pahala dunia, maka di sisi Allah ada pahala dunia dan akhirat. Allah Maha Mendengar lagi Maha Melihat.	Allah	http://www.wikidata.org/entity/Q2095353	Allah
4	135	Wahai orang-orang yang beriman, jadilah kamu penegak keadilan dan saksi karena Allah, walaupun kesaksian itu memberatkan dirimu sendiri, ibu bapakmu, atau kerabatmu. Jika dia (yang diberatkan dalam kesaksian) kaya atau miskin, Allah lebih layak tahu (kemaslahatan) keduanya. Maka, janganlah kamu mengikuti hawa nafsu karena ingin menyimpang (dari kebenaran). Jika kamu memutarbalikkan (kata-kata) atau berpaling (enggan menjadi saksi), sesungguhnya Allah Maha Teliti terhadap segala apa yang kamu kerjakan.	Allah	http://www.wikidata.org/entity/Q2095353	Allah
4	135	Wahai orang-orang yang beriman, jadilah kamu penegak keadilan dan saksi karena Allah, walaupun kesaksian itu memberatkan dirimu sendiri, ibu bapakmu, atau kerabatmu. Jika dia (yang diberatkan dalam kesaksian) kaya atau miskin, Allah lebih layak tahu (kemaslahatan) keduanya. Maka, janganlah kamu mengikuti hawa nafsu karena ingin menyimpang (dari kebenaran). Jika kamu memutarbalikkan (kata-kata) atau berpaling (enggan menjadi saksi), sesungguhnya Allah Maha Teliti terhadap segala apa yang kamu kerjakan.	Allah	http://www.wikidata.org/entity/Q2095353	Allah
4	135	Wahai orang-orang yang beriman, jadilah kamu penegak keadilan dan saksi karena Allah, walaupun kesaksian itu memberatkan dirimu sendiri, ibu bapakmu, atau kerabatmu. Jika dia (yang diberatkan dalam kesaksian) kaya atau miskin, Allah lebih layak tahu (kemaslahatan) keduanya. Maka, janganlah kamu mengikuti hawa nafsu karena ingin menyimpang (dari kebenaran). Jika kamu memutarbalikkan (kata-kata) atau berpaling (enggan menjadi saksi), sesungguhnya Allah Maha Teliti terhadap segala apa yang kamu kerjakan.	Allah	http://www.wikidata.org/entity/Q2095353	Allah
4	136	Wahai orang-orang yang beriman, tetaplah beriman kepada Allah, Rasul-Nya (Nabi Muhammad), Kitab (Al-Qur’an) yang diturunkan kepada Rasul-Nya, dan kitab yang Dia turunkan sebelumnya. Siapa yang kufur kepada Allah, para malaikat-Nya, kitab-kitab-Nya, para rasul-Nya, dan hari Akhir sungguh dia telah tersesat sangat jauh.	Allah	http://www.wikidata.org/entity/Q2095353	Allah
4	136	Wahai orang-orang yang beriman, tetaplah beriman kepada Allah, Rasul-Nya (Nabi Muhammad), Kitab (Al-Qur’an) yang diturunkan kepada Rasul-Nya, dan kitab yang Dia turunkan sebelumnya. Siapa yang kufur kepada Allah, para malaikat-Nya, kitab-kitab-Nya, para rasul-Nya, dan hari Akhir sungguh dia telah tersesat sangat jauh.	Muhammad	http://www.wikidata.org/entity/Q9458	Messenger
4	136	Wahai orang-orang yang beriman, tetaplah beriman kepada Allah, Rasul-Nya (Nabi Muhammad), Kitab (Al-Qur’an) yang diturunkan kepada Rasul-Nya, dan kitab yang Dia turunkan sebelumnya. Siapa yang kufur kepada Allah, para malaikat-Nya, kitab-kitab-Nya, para rasul-Nya, dan hari Akhir sungguh dia telah tersesat sangat jauh.	Al-Qur’an	http://www.wikidata.org/entity/Q428	HolyBook
4	136	Wahai orang-orang yang beriman, tetaplah beriman kepada Allah, Rasul-Nya (Nabi Muhammad), Kitab (Al-Qur’an) yang diturunkan kepada Rasul-Nya, dan kitab yang Dia turunkan sebelumnya. Siapa yang kufur kepada Allah, para malaikat-Nya, kitab-kitab-Nya, para rasul-Nya, dan hari Akhir sungguh dia telah tersesat sangat jauh.	Allah	http://www.wikidata.org/entity/Q2095353	Allah
4	136	Wahai orang-orang yang beriman, tetaplah beriman kepada Allah, Rasul-Nya (Nabi Muhammad), Kitab (Al-Qur’an) yang diturunkan kepada Rasul-Nya, dan kitab yang Dia turunkan sebelumnya. Siapa yang kufur kepada Allah, para malaikat-Nya, kitab-kitab-Nya, para rasul-Nya, dan hari Akhir sungguh dia telah tersesat sangat jauh.	hari Akhir	http://www.wikidata.org/entity/Q12200906	Event
4	137	Sesungguhnya orang-orang yang beriman, lalu kufur, kemudian beriman (lagi), kemudian kufur (lagi), lalu bertambah kekufurannya, Allah tidak akan mengampuninya dan tidak (pula) menunjukkan kepadanya jalan (yang lurus).	Allah	http://www.wikidata.org/entity/Q2095353	Allah
4	138	Berilah kabar ‘gembira’ kepada orang-orang munafik bahwa sesungguhnya bagi mereka azab yang sangat pedih.			
4	141	(Mereka itu adalah) orang-orang yang menunggu-nunggu (peristiwa) yang akan terjadi pada dirimu. Apabila kamu mendapat kemenangan dari Allah, mereka berkata, “Bukankah kami (turut berperang) bersamamu?” Jika orang-orang kafir mendapat bagian (dari kemenangan), mereka berkata, “Bukankah kami turut memenangkanmu dan membela kamu dari orang-orang mukmin?” Allah akan memberi keputusan di antara kamu pada hari Kiamat. Allah tidak akan memberi jalan kepada orang-orang kafir untuk mengalahkan orang-orang mukmin.	Allah	http://www.wikidata.org/entity/Q2095353	Allah
4	141	(Mereka itu adalah) orang-orang yang menunggu-nunggu (peristiwa) yang akan terjadi pada dirimu. Apabila kamu mendapat kemenangan dari Allah, mereka berkata, “Bukankah kami (turut berperang) bersamamu?” Jika orang-orang kafir mendapat bagian (dari kemenangan), mereka berkata, “Bukankah kami turut memenangkanmu dan membela kamu dari orang-orang mukmin?” Allah akan memberi keputusan di antara kamu pada hari Kiamat. Allah tidak akan memberi jalan kepada orang-orang kafir untuk mengalahkan orang-orang mukmin.	Allah	http://www.wikidata.org/entity/Q2095353	Allah
4	141	(Mereka itu adalah) orang-orang yang menunggu-nunggu (peristiwa) yang akan terjadi pada dirimu. Apabila kamu mendapat kemenangan dari Allah, mereka berkata, “Bukankah kami (turut berperang) bersamamu?” Jika orang-orang kafir mendapat bagian (dari kemenangan), mereka berkata, “Bukankah kami turut memenangkanmu dan membela kamu dari orang-orang mukmin?” Allah akan memberi keputusan di antara kamu pada hari Kiamat. Allah tidak akan memberi jalan kepada orang-orang kafir untuk mengalahkan orang-orang mukmin.	hari Kiamat	http://www.wikidata.org/entity/Q12200906	Event
4	141	(Mereka itu adalah) orang-orang yang menunggu-nunggu (peristiwa) yang akan terjadi pada dirimu. Apabila kamu mendapat kemenangan dari Allah, mereka berkata, “Bukankah kami (turut berperang) bersamamu?” Jika orang-orang kafir mendapat bagian (dari kemenangan), mereka berkata, “Bukankah kami turut memenangkanmu dan membela kamu dari orang-orang mukmin?” Allah akan memberi keputusan di antara kamu pada hari Kiamat. Allah tidak akan memberi jalan kepada orang-orang kafir untuk mengalahkan orang-orang mukmin.	Allah	http://www.wikidata.org/entity/Q2095353	Allah
4	142	Sesungguhnya orang-orang munafik itu hendak menipu Allah, tetapi Allah membalas tipuan mereka (dengan membiarkan mereka larut dalam kesesatan dan penipuan mereka). Apabila berdiri untuk salat, mereka melakukannya dengan malas dan bermaksud riya di hadapan manusia. Mereka pun tidak mengingat Allah, kecuali sedikit sekali.	Allah	http://www.wikidata.org/entity/Q2095353	Allah
4	142	Sesungguhnya orang-orang munafik itu hendak menipu Allah, tetapi Allah membalas tipuan mereka (dengan membiarkan mereka larut dalam kesesatan dan penipuan mereka). Apabila berdiri untuk salat, mereka melakukannya dengan malas dan bermaksud riya di hadapan manusia. Mereka pun tidak mengingat Allah, kecuali sedikit sekali.	Allah	http://www.wikidata.org/entity/Q2095353	Allah
4	142	Sesungguhnya orang-orang munafik itu hendak menipu Allah, tetapi Allah membalas tipuan mereka (dengan membiarkan mereka larut dalam kesesatan dan penipuan mereka). Apabila berdiri untuk salat, mereka melakukannya dengan malas dan bermaksud riya di hadapan manusia. Mereka pun tidak mengingat Allah, kecuali sedikit sekali.	Allah	http://www.wikidata.org/entity/Q2095353	Allah
4	144	Wahai orang-orang yang beriman, janganlah kamu menjadikan orang-orang kafir sebagai teman setia dengan meninggalkan orang-orang mukmin. Apakah kamu ingin memberi alasan yang jelas bagi Allah (untuk menjatuhkan hukuman) atasmu?	Allah	http://www.wikidata.org/entity/Q2095353	Allah
4	145	Sesungguhnya orang-orang munafik itu (ditempatkan) di tingkat paling bawah dari neraka. Kamu tidak akan mendapat seorang penolong pun bagi mereka.			
4	146	Kecuali, orang-orang yang bertobat, memperbaiki diri, berpegang teguh pada (agama) Allah, dan dengan ikhlas (menjalankan) agama mereka karena Allah, mereka itu bersama orang-orang mukmin. Kelak Allah akan memberikan pahala yang besar kepada orang-orang mukmin.	Allah	http://www.wikidata.org/entity/Q2095353	Allah
4	146	Kecuali, orang-orang yang bertobat, memperbaiki diri, berpegang teguh pada (agama) Allah, dan dengan ikhlas (menjalankan) agama mereka karena Allah, mereka itu bersama orang-orang mukmin. Kelak Allah akan memberikan pahala yang besar kepada orang-orang mukmin.	Allah	http://www.wikidata.org/entity/Q2095353	Allah
4	146	Kecuali, orang-orang yang bertobat, memperbaiki diri, berpegang teguh pada (agama) Allah, dan dengan ikhlas (menjalankan) agama mereka karena Allah, mereka itu bersama orang-orang mukmin. Kelak Allah akan memberikan pahala yang besar kepada orang-orang mukmin.	Allah	http://www.wikidata.org/entity/Q2095353	Allah
4	148	Allah tidak menyukai perkataan buruk (yang diucapkan) secara terus terang, kecuali oleh orang yang dizalimi. Allah Maha Mendengar lagi Maha Mengetahui.	Allah	http://www.wikidata.org/entity/Q2095353	Allah
4	148	Allah tidak menyukai perkataan buruk (yang diucapkan) secara terus terang, kecuali oleh orang yang dizalimi. Allah Maha Mendengar lagi Maha Mengetahui.	Allah	http://www.wikidata.org/entity/Q2095353	Allah
4	150	Sesungguhnya orang-orang yang kufur kepada Allah dan rasul-rasul-Nya dan bermaksud membeda-bedakan antara (keimanan kepada) Allah dan rasul-rasul-Nya dengan mengatakan, “Kami beriman kepada sebagian dan kami mengingkari sebagian (yang lain),” serta bermaksud mengambil jalan tengah antara itu (keimanan atau kekufuran),	Allah	http://www.wikidata.org/entity/Q2095353	Allah
4	150	Sesungguhnya orang-orang yang kufur kepada Allah dan rasul-rasul-Nya dan bermaksud membeda-bedakan antara (keimanan kepada) Allah dan rasul-rasul-Nya dengan mengatakan, “Kami beriman kepada sebagian dan kami mengingkari sebagian (yang lain),” serta bermaksud mengambil jalan tengah antara itu (keimanan atau kekufuran),	Allah	http://www.wikidata.org/entity/Q2095353	Allah
4	151	merekalah orang-orang kafir yang sebenarnya. Kami telah menyediakan untuk orang-orang kafir azab yang menghinakan.			
4	152	Adapun orang-orang yang beriman kepada Allah dan rasul-rasul-Nya dan tidak membeda-bedakan seorang pun di antara mereka (para rasul), kelak Allah akan memberikan pahala kepada mereka. Allah Maha Pengampun lagi Maha Penyayang.	Allah	http://www.wikidata.org/entity/Q2095353	Allah
4	152	Adapun orang-orang yang beriman kepada Allah dan rasul-rasul-Nya dan tidak membeda-bedakan seorang pun di antara mereka (para rasul), kelak Allah akan memberikan pahala kepada mereka. Allah Maha Pengampun lagi Maha Penyayang.	Allah	http://www.wikidata.org/entity/Q2095353	Allah
4	152	Adapun orang-orang yang beriman kepada Allah dan rasul-rasul-Nya dan tidak membeda-bedakan seorang pun di antara mereka (para rasul), kelak Allah akan memberikan pahala kepada mereka. Allah Maha Pengampun lagi Maha Penyayang.	Allah	http://www.wikidata.org/entity/Q2095353	Allah
4	153	Ahlulkitab meminta kepadamu (Nabi Muhammad) agar engkau menurunkan sebuah kitab dari langit kepada mereka. Sungguh, mereka telah meminta kepada Musa yang lebih besar daripada itu. Mereka berkata, “Perlihatkanlah Allah kepada kami secara nyata.” Maka, petir menyambar mereka karena kezalimannya. Kemudian, mereka menjadikan anak sapi (sebagai sembahan), (padahal) telah datang kepada mereka bukti-bukti (ketauhidan) yang nyata, lalu Kami memaafkan yang demikian itu. Kami telah menganugerahkan kepada Musa kekuasaan yang nyata.	Ahlulkitab	http://www.wikidata.org/entity/Q216565	Person
4	153	Ahlulkitab meminta kepadamu (Nabi Muhammad) agar engkau menurunkan sebuah kitab dari langit kepada mereka. Sungguh, mereka telah meminta kepada Musa yang lebih besar daripada itu. Mereka berkata, “Perlihatkanlah Allah kepada kami secara nyata.” Maka, petir menyambar mereka karena kezalimannya. Kemudian, mereka menjadikan anak sapi (sebagai sembahan), (padahal) telah datang kepada mereka bukti-bukti (ketauhidan) yang nyata, lalu Kami memaafkan yang demikian itu. Kami telah menganugerahkan kepada Musa kekuasaan yang nyata.	Muhammad	http://www.wikidata.org/entity/Q9458	Messenger
4	153	Ahlulkitab meminta kepadamu (Nabi Muhammad) agar engkau menurunkan sebuah kitab dari langit kepada mereka. Sungguh, mereka telah meminta kepada Musa yang lebih besar daripada itu. Mereka berkata, “Perlihatkanlah Allah kepada kami secara nyata.” Maka, petir menyambar mereka karena kezalimannya. Kemudian, mereka menjadikan anak sapi (sebagai sembahan), (padahal) telah datang kepada mereka bukti-bukti (ketauhidan) yang nyata, lalu Kami memaafkan yang demikian itu. Kami telah menganugerahkan kepada Musa kekuasaan yang nyata.	langit	http://www.wikidata.org/entity/Q527	AstronomicalBody
4	153	Ahlulkitab meminta kepadamu (Nabi Muhammad) agar engkau menurunkan sebuah kitab dari langit kepada mereka. Sungguh, mereka telah meminta kepada Musa yang lebih besar daripada itu. Mereka berkata, “Perlihatkanlah Allah kepada kami secara nyata.” Maka, petir menyambar mereka karena kezalimannya. Kemudian, mereka menjadikan anak sapi (sebagai sembahan), (padahal) telah datang kepada mereka bukti-bukti (ketauhidan) yang nyata, lalu Kami memaafkan yang demikian itu. Kami telah menganugerahkan kepada Musa kekuasaan yang nyata.	Musa	http://www.wikidata.org/entity/Q1990155	Messenger
4	153	Ahlulkitab meminta kepadamu (Nabi Muhammad) agar engkau menurunkan sebuah kitab dari langit kepada mereka. Sungguh, mereka telah meminta kepada Musa yang lebih besar daripada itu. Mereka berkata, “Perlihatkanlah Allah kepada kami secara nyata.” Maka, petir menyambar mereka karena kezalimannya. Kemudian, mereka menjadikan anak sapi (sebagai sembahan), (padahal) telah datang kepada mereka bukti-bukti (ketauhidan) yang nyata, lalu Kami memaafkan yang demikian itu. Kami telah menganugerahkan kepada Musa kekuasaan yang nyata.	Allah	http://www.wikidata.org/entity/Q2095353	Allah
4	153	Ahlulkitab meminta kepadamu (Nabi Muhammad) agar engkau menurunkan sebuah kitab dari langit kepada mereka. Sungguh, mereka telah meminta kepada Musa yang lebih besar daripada itu. Mereka berkata, “Perlihatkanlah Allah kepada kami secara nyata.” Maka, petir menyambar mereka karena kezalimannya. Kemudian, mereka menjadikan anak sapi (sebagai sembahan), (padahal) telah datang kepada mereka bukti-bukti (ketauhidan) yang nyata, lalu Kami memaafkan yang demikian itu. Kami telah menganugerahkan kepada Musa kekuasaan yang nyata.	Musa	http://www.wikidata.org/entity/Q1990155	Messenger
4	154	Kami pun telah mengangkat gunung (Sinai) di atas mereka untuk (menguatkan) perjanjian mereka. Kami perintahkan kepada mereka, “Masukilah pintu gerbang (Baitulmaqdis) itu sambil bersujud”. Kami perintahkan pula kepada mereka, “Janganlah melanggar (peraturan) pada hari Sabat.” Kami telah mengambil dari mereka perjanjian yang kukuh.	Sinai	http://www.wikidata.org/entity/Q377485	GeographicalLocation
4	154	Kami pun telah mengangkat gunung (Sinai) di atas mereka untuk (menguatkan) perjanjian mereka. Kami perintahkan kepada mereka, “Masukilah pintu gerbang (Baitulmaqdis) itu sambil bersujud”. Kami perintahkan pula kepada mereka, “Janganlah melanggar (peraturan) pada hari Sabat.” Kami telah mengambil dari mereka perjanjian yang kukuh.	Baitulmaqdis	http://www.wikidata.org/entity/Q1218	GeographicalLocation
4	154	Kami pun telah mengangkat gunung (Sinai) di atas mereka untuk (menguatkan) perjanjian mereka. Kami perintahkan kepada mereka, “Masukilah pintu gerbang (Baitulmaqdis) itu sambil bersujud”. Kami perintahkan pula kepada mereka, “Janganlah melanggar (peraturan) pada hari Sabat.” Kami telah mengambil dari mereka perjanjian yang kukuh.	hari Sabat	http://www.wikidata.org/entity/Q102477	Event
4	155	Maka, (Kami hukum mereka) karena mereka melanggar perjanjian itu, kafir terhadap keterangan-keterangan Allah, membunuh nabi-nabi tanpa hak (alasan yang benar), dan mengatakan, “Hati kami tertutup.” Sebenarnya Allah telah mengunci hati mereka karena kekufurannya. Maka, mereka tidak beriman kecuali hanya sebagian kecil (dari mereka).	Allah	http://www.wikidata.org/entity/Q2095353	Allah
4	155	Maka, (Kami hukum mereka) karena mereka melanggar perjanjian itu, kafir terhadap keterangan-keterangan Allah, membunuh nabi-nabi tanpa hak (alasan yang benar), dan mengatakan, “Hati kami tertutup.” Sebenarnya Allah telah mengunci hati mereka karena kekufurannya. Maka, mereka tidak beriman kecuali hanya sebagian kecil (dari mereka).	Allah	http://www.wikidata.org/entity/Q2095353	Allah
4	156	(Kami juga menghukum mereka) karena kekufuran mereka dan tuduhan mereka terhadap Maryam dengan tuduhan palsu lagi sangat keji.	Maryam	http://www.wikidata.org/entity/Q1478857	Person
4	157	(Kami menghukum pula mereka) karena ucapan mereka, “Sesungguhnya kami telah membunuh Almasih, Isa putra Maryam, Rasul Allah,” padahal mereka tidak membunuhnya dan tidak (pula) menyalibnya, tetapi (yang mereka bunuh adalah) orang yang menurut mereka menyerupai (Isa). Sesungguhnya mereka yang berselisih pendapat tentangnya (pembunuhan Isa), selalu dalam keragu-raguan terhadapnya. Mereka benar-benar tidak mengetahui (siapa sebenarnya yang dibunuh itu), kecuali mengikuti persangkaan belaka. (Jadi,) mereka tidak yakin telah membunuhnya.	Almasih	http://www.wikidata.org/entity/Q51664	Person
4	157	(Kami menghukum pula mereka) karena ucapan mereka, “Sesungguhnya kami telah membunuh Almasih, Isa putra Maryam, Rasul Allah,” padahal mereka tidak membunuhnya dan tidak (pula) menyalibnya, tetapi (yang mereka bunuh adalah) orang yang menurut mereka menyerupai (Isa). Sesungguhnya mereka yang berselisih pendapat tentangnya (pembunuhan Isa), selalu dalam keragu-raguan terhadapnya. Mereka benar-benar tidak mengetahui (siapa sebenarnya yang dibunuh itu), kecuali mengikuti persangkaan belaka. (Jadi,) mereka tidak yakin telah membunuhnya.	Isa putra Maryam	http://www.wikidata.org/entity/Q51664	Messenger
4	157	(Kami menghukum pula mereka) karena ucapan mereka, “Sesungguhnya kami telah membunuh Almasih, Isa putra Maryam, Rasul Allah,” padahal mereka tidak membunuhnya dan tidak (pula) menyalibnya, tetapi (yang mereka bunuh adalah) orang yang menurut mereka menyerupai (Isa). Sesungguhnya mereka yang berselisih pendapat tentangnya (pembunuhan Isa), selalu dalam keragu-raguan terhadapnya. Mereka benar-benar tidak mengetahui (siapa sebenarnya yang dibunuh itu), kecuali mengikuti persangkaan belaka. (Jadi,) mereka tidak yakin telah membunuhnya.	Allah	http://www.wikidata.org/entity/Q2095353	Allah
4	157	(Kami menghukum pula mereka) karena ucapan mereka, “Sesungguhnya kami telah membunuh Almasih, Isa putra Maryam, Rasul Allah,” padahal mereka tidak membunuhnya dan tidak (pula) menyalibnya, tetapi (yang mereka bunuh adalah) orang yang menurut mereka menyerupai (Isa). Sesungguhnya mereka yang berselisih pendapat tentangnya (pembunuhan Isa), selalu dalam keragu-raguan terhadapnya. Mereka benar-benar tidak mengetahui (siapa sebenarnya yang dibunuh itu), kecuali mengikuti persangkaan belaka. (Jadi,) mereka tidak yakin telah membunuhnya.	Isa	http://www.wikidata.org/entity/Q51664	Messenger
4	157	(Kami menghukum pula mereka) karena ucapan mereka, “Sesungguhnya kami telah membunuh Almasih, Isa putra Maryam, Rasul Allah,” padahal mereka tidak membunuhnya dan tidak (pula) menyalibnya, tetapi (yang mereka bunuh adalah) orang yang menurut mereka menyerupai (Isa). Sesungguhnya mereka yang berselisih pendapat tentangnya (pembunuhan Isa), selalu dalam keragu-raguan terhadapnya. Mereka benar-benar tidak mengetahui (siapa sebenarnya yang dibunuh itu), kecuali mengikuti persangkaan belaka. (Jadi,) mereka tidak yakin telah membunuhnya.	Isa	http://www.wikidata.org/entity/Q51664	Messenger
4	158	Akan tetapi, Allah telah mengangkatnya (Isa) ke hadirat-Nya. Allah Maha Perkasa lagi Maha Bijaksana.	Allah	http://www.wikidata.org/entity/Q2095353	Allah
4	158	Akan tetapi, Allah telah mengangkatnya (Isa) ke hadirat-Nya. Allah Maha Perkasa lagi Maha Bijaksana.	Isa	http://www.wikidata.org/entity/Q51664	Messenger
4	158	Akan tetapi, Allah telah mengangkatnya (Isa) ke hadirat-Nya. Allah Maha Perkasa lagi Maha Bijaksana.	Allah	http://www.wikidata.org/entity/Q2095353	Allah
4	159	Tidak ada seorang pun di antara Ahlulkitab, kecuali beriman kepadanya (Isa) menjelang kematiannya. Pada hari Kiamat dia (Isa) akan menjadi saksi mereka.	Ahlulkitab	http://www.wikidata.org/entity/Q216565	Person
4	159	Tidak ada seorang pun di antara Ahlulkitab, kecuali beriman kepadanya (Isa) menjelang kematiannya. Pada hari Kiamat dia (Isa) akan menjadi saksi mereka.	Isa	http://www.wikidata.org/entity/Q51664	Messenger
4	159	Tidak ada seorang pun di antara Ahlulkitab, kecuali beriman kepadanya (Isa) menjelang kematiannya. Pada hari Kiamat dia (Isa) akan menjadi saksi mereka.	hari Kiamat	http://www.wikidata.org/entity/Q12200906	Event
4	159	Tidak ada seorang pun di antara Ahlulkitab, kecuali beriman kepadanya (Isa) menjelang kematiannya. Pada hari Kiamat dia (Isa) akan menjadi saksi mereka.	Isa	http://www.wikidata.org/entity/Q51664	Messenger
4	160	Karena kezaliman orang-orang Yahudi, Kami mengharamkan atas mereka (makanan-makanan) yang baik yang (dahulu) pernah dihalalkan bagi mereka; juga karena mereka sering menghalangi (orang lain) dari jalan Allah,	orang-orang Yahudi	http://www.wikidata.org/entity/Q7325	Person
4	160	Karena kezaliman orang-orang Yahudi, Kami mengharamkan atas mereka (makanan-makanan) yang baik yang (dahulu) pernah dihalalkan bagi mereka; juga karena mereka sering menghalangi (orang lain) dari jalan Allah,	Allah	http://www.wikidata.org/entity/Q2095353	Allah
4	163	Sesungguhnya Kami telah mewahyukan kepadamu (Nabi Muhammad) sebagaimana Kami telah mewahyukan kepada Nuh dan nabi-nabi setelahnya. Kami telah mewahyukan pula kepada Ibrahim, Ismail, Ishaq, Ya‘qub dan keturunan(-nya), Isa, Ayyub, Yunus, Harun, dan Sulaiman. Kami telah memberikan (Kitab) Zabur kepada Daud.	Muhammad	http://www.wikidata.org/entity/Q9458	Messenger
4	163	Sesungguhnya Kami telah mewahyukan kepadamu (Nabi Muhammad) sebagaimana Kami telah mewahyukan kepada Nuh dan nabi-nabi setelahnya. Kami telah mewahyukan pula kepada Ibrahim, Ismail, Ishaq, Ya‘qub dan keturunan(-nya), Isa, Ayyub, Yunus, Harun, dan Sulaiman. Kami telah memberikan (Kitab) Zabur kepada Daud.	Nuh	http://www.wikidata.org/entity/Q1782672	Messenger
4	163	Sesungguhnya Kami telah mewahyukan kepadamu (Nabi Muhammad) sebagaimana Kami telah mewahyukan kepada Nuh dan nabi-nabi setelahnya. Kami telah mewahyukan pula kepada Ibrahim, Ismail, Ishaq, Ya‘qub dan keturunan(-nya), Isa, Ayyub, Yunus, Harun, dan Sulaiman. Kami telah memberikan (Kitab) Zabur kepada Daud.	Ibrahim	http://www.wikidata.org/entity/Q1768161	Messenger
4	163	Sesungguhnya Kami telah mewahyukan kepadamu (Nabi Muhammad) sebagaimana Kami telah mewahyukan kepada Nuh dan nabi-nabi setelahnya. Kami telah mewahyukan pula kepada Ibrahim, Ismail, Ishaq, Ya‘qub dan keturunan(-nya), Isa, Ayyub, Yunus, Harun, dan Sulaiman. Kami telah memberikan (Kitab) Zabur kepada Daud.	Ismail	http://www.wikidata.org/entity/Q470988	Messenger
4	163	Sesungguhnya Kami telah mewahyukan kepadamu (Nabi Muhammad) sebagaimana Kami telah mewahyukan kepada Nuh dan nabi-nabi setelahnya. Kami telah mewahyukan pula kepada Ibrahim, Ismail, Ishaq, Ya‘qub dan keturunan(-nya), Isa, Ayyub, Yunus, Harun, dan Sulaiman. Kami telah memberikan (Kitab) Zabur kepada Daud.	Ishaq	http://www.wikidata.org/entity/Q1642480	Messenger
4	163	Sesungguhnya Kami telah mewahyukan kepadamu (Nabi Muhammad) sebagaimana Kami telah mewahyukan kepada Nuh dan nabi-nabi setelahnya. Kami telah mewahyukan pula kepada Ibrahim, Ismail, Ishaq, Ya‘qub dan keturunan(-nya), Isa, Ayyub, Yunus, Harun, dan Sulaiman. Kami telah memberikan (Kitab) Zabur kepada Daud.	Ya‘qub	http://www.wikidata.org/entity/Q2513598	Messenger
4	163	Sesungguhnya Kami telah mewahyukan kepadamu (Nabi Muhammad) sebagaimana Kami telah mewahyukan kepada Nuh dan nabi-nabi setelahnya. Kami telah mewahyukan pula kepada Ibrahim, Ismail, Ishaq, Ya‘qub dan keturunan(-nya), Isa, Ayyub, Yunus, Harun, dan Sulaiman. Kami telah memberikan (Kitab) Zabur kepada Daud.	Isa	http://www.wikidata.org/entity/Q51664	Messenger
4	163	Sesungguhnya Kami telah mewahyukan kepadamu (Nabi Muhammad) sebagaimana Kami telah mewahyukan kepada Nuh dan nabi-nabi setelahnya. Kami telah mewahyukan pula kepada Ibrahim, Ismail, Ishaq, Ya‘qub dan keturunan(-nya), Isa, Ayyub, Yunus, Harun, dan Sulaiman. Kami telah memberikan (Kitab) Zabur kepada Daud.	Ayyub	http://www.wikidata.org/entity/Q2625307	Prophet
4	163	Sesungguhnya Kami telah mewahyukan kepadamu (Nabi Muhammad) sebagaimana Kami telah mewahyukan kepada Nuh dan nabi-nabi setelahnya. Kami telah mewahyukan pula kepada Ibrahim, Ismail, Ishaq, Ya‘qub dan keturunan(-nya), Isa, Ayyub, Yunus, Harun, dan Sulaiman. Kami telah memberikan (Kitab) Zabur kepada Daud.	Yunus	http://www.wikidata.org/entity/Q2601901	Messenger
4	163	Sesungguhnya Kami telah mewahyukan kepadamu (Nabi Muhammad) sebagaimana Kami telah mewahyukan kepada Nuh dan nabi-nabi setelahnya. Kami telah mewahyukan pula kepada Ibrahim, Ismail, Ishaq, Ya‘qub dan keturunan(-nya), Isa, Ayyub, Yunus, Harun, dan Sulaiman. Kami telah memberikan (Kitab) Zabur kepada Daud.	Harun	http://www.wikidata.org/entity/Q380714	Messenger
4	163	Sesungguhnya Kami telah mewahyukan kepadamu (Nabi Muhammad) sebagaimana Kami telah mewahyukan kepada Nuh dan nabi-nabi setelahnya. Kami telah mewahyukan pula kepada Ibrahim, Ismail, Ishaq, Ya‘qub dan keturunan(-nya), Isa, Ayyub, Yunus, Harun, dan Sulaiman. Kami telah memberikan (Kitab) Zabur kepada Daud.	Sulaiman	http://www.wikidata.org/entity/Q1768167	Messenger
4	163	Sesungguhnya Kami telah mewahyukan kepadamu (Nabi Muhammad) sebagaimana Kami telah mewahyukan kepada Nuh dan nabi-nabi setelahnya. Kami telah mewahyukan pula kepada Ibrahim, Ismail, Ishaq, Ya‘qub dan keturunan(-nya), Isa, Ayyub, Yunus, Harun, dan Sulaiman. Kami telah memberikan (Kitab) Zabur kepada Daud.	Zabur	http://www.wikidata.org/entity/Q1369122	HolyBook
4	163	Sesungguhnya Kami telah mewahyukan kepadamu (Nabi Muhammad) sebagaimana Kami telah mewahyukan kepada Nuh dan nabi-nabi setelahnya. Kami telah mewahyukan pula kepada Ibrahim, Ismail, Ishaq, Ya‘qub dan keturunan(-nya), Isa, Ayyub, Yunus, Harun, dan Sulaiman. Kami telah memberikan (Kitab) Zabur kepada Daud.	Daud	http://www.wikidata.org/entity/Q1257863	Messenger
4	164	Ada beberapa rasul yang telah Kami ceritakan (kisah) tentang mereka kepadamu sebelumnya dan ada (pula) beberapa rasul (lain) yang tidak Kami ceritakan (kisah) tentang mereka kepadamu. Allah telah benar-benar berbicara kepada Musa (secara langsung).	Allah	http://www.wikidata.org/entity/Q2095353	Allah
4	164	Ada beberapa rasul yang telah Kami ceritakan (kisah) tentang mereka kepadamu sebelumnya dan ada (pula) beberapa rasul (lain) yang tidak Kami ceritakan (kisah) tentang mereka kepadamu. Allah telah benar-benar berbicara kepada Musa (secara langsung).	Musa	http://www.wikidata.org/entity/Q1990155	Messenger
4	165	(Kami mengutus) rasul-rasul sebagai pembawa berita gembira dan pemberi peringatan agar tidak ada alasan bagi manusia untuk membantah Allah setelah rasul-rasul itu (diutus). Allah Maha Perkasa lagi Maha Bijaksana.	Allah	http://www.wikidata.org/entity/Q2095353	Allah
4	165	(Kami mengutus) rasul-rasul sebagai pembawa berita gembira dan pemberi peringatan agar tidak ada alasan bagi manusia untuk membantah Allah setelah rasul-rasul itu (diutus). Allah Maha Perkasa lagi Maha Bijaksana.	Allah	http://www.wikidata.org/entity/Q2095353	Allah
4	166	Akan tetapi, Allah bersaksi atas apa (Al-Qur’an) yang telah diturunkan-Nya kepadamu (Nabi Muhammad). Dia menurunkannya dengan ilmu-Nya. (Demikian pula) para malaikat pun bersaksi. Cukuplah Allah menjadi saksi.	Allah	http://www.wikidata.org/entity/Q2095353	Allah
4	166	Akan tetapi, Allah bersaksi atas apa (Al-Qur’an) yang telah diturunkan-Nya kepadamu (Nabi Muhammad). Dia menurunkannya dengan ilmu-Nya. (Demikian pula) para malaikat pun bersaksi. Cukuplah Allah menjadi saksi.	Al-Qur’an	http://www.wikidata.org/entity/Q428	HolyBook
4	166	Akan tetapi, Allah bersaksi atas apa (Al-Qur’an) yang telah diturunkan-Nya kepadamu (Nabi Muhammad). Dia menurunkannya dengan ilmu-Nya. (Demikian pula) para malaikat pun bersaksi. Cukuplah Allah menjadi saksi.	Muhammad	http://www.wikidata.org/entity/Q9458	Messenger
4	166	Akan tetapi, Allah bersaksi atas apa (Al-Qur’an) yang telah diturunkan-Nya kepadamu (Nabi Muhammad). Dia menurunkannya dengan ilmu-Nya. (Demikian pula) para malaikat pun bersaksi. Cukuplah Allah menjadi saksi.	Allah	http://www.wikidata.org/entity/Q2095353	Allah
4	167	Sesungguhnya orang-orang yang kufur dan menghalang-halangi (orang lain) dari jalan Allah, benar-benar telah tersesat jauh.	Allah	http://www.wikidata.org/entity/Q2095353	Allah
4	168	Sesungguhnya orang-orang yang kufur dan melakukan kezaliman, Allah tidak akan mengampuni mereka dan tidak akan menunjukkan kepada mereka jalan apa pun,	Allah	http://www.wikidata.org/entity/Q2095353	Allah
4	169	kecuali jalan ke (neraka) Jahanam. Mereka kekal di dalamnya selama-lamanya. Hal itu bagi Allah (sangat) mudah.	Jahanam	http://www.wikidata.org/entity/Q58418	AfterlifeLocation
4	169	kecuali jalan ke (neraka) Jahanam. Mereka kekal di dalamnya selama-lamanya. Hal itu bagi Allah (sangat) mudah.	Allah	http://www.wikidata.org/entity/Q2095353	Allah
4	170	Wahai manusia, sungguh telah datang Rasul (Nabi Muhammad) kepadamu dengan (membawa) kebenaran dari Tuhanmu. Maka, berimanlah (kepadanya). Itu lebih baik bagimu. Jika kamu kufur, (itu tidak merugikan Allah sedikit pun) karena sesungguhnya milik Allahlah apa yang di langit dan di bumi. Allah Maha Mengetahui lagi Maha Bijaksana.	Muhammad	http://www.wikidata.org/entity/Q9458	Messenger
4	170	Wahai manusia, sungguh telah datang Rasul (Nabi Muhammad) kepadamu dengan (membawa) kebenaran dari Tuhanmu. Maka, berimanlah (kepadanya). Itu lebih baik bagimu. Jika kamu kufur, (itu tidak merugikan Allah sedikit pun) karena sesungguhnya milik Allahlah apa yang di langit dan di bumi. Allah Maha Mengetahui lagi Maha Bijaksana.	Allah	http://www.wikidata.org/entity/Q2095353	Allah
4	170	Wahai manusia, sungguh telah datang Rasul (Nabi Muhammad) kepadamu dengan (membawa) kebenaran dari Tuhanmu. Maka, berimanlah (kepadanya). Itu lebih baik bagimu. Jika kamu kufur, (itu tidak merugikan Allah sedikit pun) karena sesungguhnya milik Allahlah apa yang di langit dan di bumi. Allah Maha Mengetahui lagi Maha Bijaksana.	langit	http://www.wikidata.org/entity/Q527	AstronomicalBody
4	170	Wahai manusia, sungguh telah datang Rasul (Nabi Muhammad) kepadamu dengan (membawa) kebenaran dari Tuhanmu. Maka, berimanlah (kepadanya). Itu lebih baik bagimu. Jika kamu kufur, (itu tidak merugikan Allah sedikit pun) karena sesungguhnya milik Allahlah apa yang di langit dan di bumi. Allah Maha Mengetahui lagi Maha Bijaksana.	bumi	http://www.wikidata.org/entity/Q2	AstronomicalBody
4	170	Wahai manusia, sungguh telah datang Rasul (Nabi Muhammad) kepadamu dengan (membawa) kebenaran dari Tuhanmu. Maka, berimanlah (kepadanya). Itu lebih baik bagimu. Jika kamu kufur, (itu tidak merugikan Allah sedikit pun) karena sesungguhnya milik Allahlah apa yang di langit dan di bumi. Allah Maha Mengetahui lagi Maha Bijaksana.	Allah	http://www.wikidata.org/entity/Q2095353	Allah
4	172	Almasih tidak akan pernah enggan menjadi hamba Allah dan begitu pula para malaikat yang dekat (kepada Allah). Siapa yang enggan menyembah-Nya dan menyombongkan diri, maka Allah akan mengumpulkan mereka semua kepada-Nya.	Almasih	http://www.wikidata.org/entity/Q51664	Person
4	172	Almasih tidak akan pernah enggan menjadi hamba Allah dan begitu pula para malaikat yang dekat (kepada Allah). Siapa yang enggan menyembah-Nya dan menyombongkan diri, maka Allah akan mengumpulkan mereka semua kepada-Nya.	Allah	http://www.wikidata.org/entity/Q2095353	Allah
4	172	Almasih tidak akan pernah enggan menjadi hamba Allah dan begitu pula para malaikat yang dekat (kepada Allah). Siapa yang enggan menyembah-Nya dan menyombongkan diri, maka Allah akan mengumpulkan mereka semua kepada-Nya.	Allah	http://www.wikidata.org/entity/Q2095353	Allah
4	172	Almasih tidak akan pernah enggan menjadi hamba Allah dan begitu pula para malaikat yang dekat (kepada Allah). Siapa yang enggan menyembah-Nya dan menyombongkan diri, maka Allah akan mengumpulkan mereka semua kepada-Nya.	Allah	http://www.wikidata.org/entity/Q2095353	Allah
4	173	Adapun orang-orang yang beriman dan mengerjakan kebajikan, Allah akan menyempurnakan pahala bagi mereka dan menambah sebagian dari karunia-Nya. Sementara itu, orang-orang yang enggan (menyembah Allah) dan menyombongkan diri, maka Allah akan mengazab mereka dengan azab yang pedih. Mereka pun tidak akan mendapatkan pelindung dan penolong selain Allah.	Allah	http://www.wikidata.org/entity/Q2095353	Allah
4	173	Adapun orang-orang yang beriman dan mengerjakan kebajikan, Allah akan menyempurnakan pahala bagi mereka dan menambah sebagian dari karunia-Nya. Sementara itu, orang-orang yang enggan (menyembah Allah) dan menyombongkan diri, maka Allah akan mengazab mereka dengan azab yang pedih. Mereka pun tidak akan mendapatkan pelindung dan penolong selain Allah.	Allah	http://www.wikidata.org/entity/Q2095353	Allah
4	173	Adapun orang-orang yang beriman dan mengerjakan kebajikan, Allah akan menyempurnakan pahala bagi mereka dan menambah sebagian dari karunia-Nya. Sementara itu, orang-orang yang enggan (menyembah Allah) dan menyombongkan diri, maka Allah akan mengazab mereka dengan azab yang pedih. Mereka pun tidak akan mendapatkan pelindung dan penolong selain Allah.	Allah	http://www.wikidata.org/entity/Q2095353	Allah
4	173	Adapun orang-orang yang beriman dan mengerjakan kebajikan, Allah akan menyempurnakan pahala bagi mereka dan menambah sebagian dari karunia-Nya. Sementara itu, orang-orang yang enggan (menyembah Allah) dan menyombongkan diri, maka Allah akan mengazab mereka dengan azab yang pedih. Mereka pun tidak akan mendapatkan pelindung dan penolong selain Allah.	Allah	http://www.wikidata.org/entity/Q2095353	Allah
4	174	Wahai manusia, sesungguhnya telah sampai kepadamu bukti kebenaran (Nabi Muhammad dengan mukjizatnya) dari Tuhanmu dan telah Kami turunkan kepadamu cahaya yang terang benderang (Al-Qur’an).	Muhammad	http://www.wikidata.org/entity/Q9458	Messenger
4	174	Wahai manusia, sesungguhnya telah sampai kepadamu bukti kebenaran (Nabi Muhammad dengan mukjizatnya) dari Tuhanmu dan telah Kami turunkan kepadamu cahaya yang terang benderang (Al-Qur’an).	Al-Qur’an	http://www.wikidata.org/entity/Q428	HolyBook
4	175	Adapun orang-orang yang beriman kepada Allah dan berpegang teguh pada (agama)-Nya, maka Allah akan memasukkan mereka ke dalam rahmat dan karunia dari-Nya (surga) serta menunjukkan mereka jalan yang lurus kepada-Nya.	Allah	http://www.wikidata.org/entity/Q2095353	Allah
4	175	Adapun orang-orang yang beriman kepada Allah dan berpegang teguh pada (agama)-Nya, maka Allah akan memasukkan mereka ke dalam rahmat dan karunia dari-Nya (surga) serta menunjukkan mereka jalan yang lurus kepada-Nya.	Allah	http://www.wikidata.org/entity/Q2095353	Allah
4	176	Mereka meminta fatwa kepadamu (tentang kalālah). Katakanlah, “Allah memberi fatwa kepadamu tentang kalālah, (yaitu) jika seseorang meninggal dan dia tidak mempunyai anak, tetapi mempunyai seorang saudara perempuan, bagiannya (saudara perempuannya itu) seperdua dari harta yang ditinggalkannya. Adapun saudara laki-lakinya mewarisi (seluruh harta saudara perempuan) jika dia tidak mempunyai anak. Akan tetapi, jika saudara perempuan itu dua orang, bagi keduanya dua pertiga dari harta yang ditinggalkan. Jika mereka (ahli waris itu terdiri atas) beberapa saudara laki-laki dan perempuan, bagian seorang saudara laki-laki sama dengan bagian dua orang saudara perempuan. Allah menerangkan (hukum ini) kepadamu agar kamu tidak tersesat. Allah Maha Mengetahui segala sesuatu.”	Allah	http://www.wikidata.org/entity/Q2095353	Allah
4	176	Mereka meminta fatwa kepadamu (tentang kalālah). Katakanlah, “Allah memberi fatwa kepadamu tentang kalālah, (yaitu) jika seseorang meninggal dan dia tidak mempunyai anak, tetapi mempunyai seorang saudara perempuan, bagiannya (saudara perempuannya itu) seperdua dari harta yang ditinggalkannya. Adapun saudara laki-lakinya mewarisi (seluruh harta saudara perempuan) jika dia tidak mempunyai anak. Akan tetapi, jika saudara perempuan itu dua orang, bagi keduanya dua pertiga dari harta yang ditinggalkan. Jika mereka (ahli waris itu terdiri atas) beberapa saudara laki-laki dan perempuan, bagian seorang saudara laki-laki sama dengan bagian dua orang saudara perempuan. Allah menerangkan (hukum ini) kepadamu agar kamu tidak tersesat. Allah Maha Mengetahui segala sesuatu.”	Allah	http://www.wikidata.org/entity/Q2095353	Allah
4	176	Mereka meminta fatwa kepadamu (tentang kalālah). Katakanlah, “Allah memberi fatwa kepadamu tentang kalālah, (yaitu) jika seseorang meninggal dan dia tidak mempunyai anak, tetapi mempunyai seorang saudara perempuan, bagiannya (saudara perempuannya itu) seperdua dari harta yang ditinggalkannya. Adapun saudara laki-lakinya mewarisi (seluruh harta saudara perempuan) jika dia tidak mempunyai anak. Akan tetapi, jika saudara perempuan itu dua orang, bagi keduanya dua pertiga dari harta yang ditinggalkan. Jika mereka (ahli waris itu terdiri atas) beberapa saudara laki-laki dan perempuan, bagian seorang saudara laki-laki sama dengan bagian dua orang saudara perempuan. Allah menerangkan (hukum ini) kepadamu agar kamu tidak tersesat. Allah Maha Mengetahui segala sesuatu.”	Allah	http://www.wikidata.org/entity/Q2095353	Allah
5	1	Wahai orang-orang yang beriman, penuhilah janji-janji! Dihalalkan bagimu hewan ternak, kecuali yang akan disebutkan kepadamu (keharamannya) dengan tidak menghalalkan berburu ketika kamu sedang berihram (haji atau umrah). Sesungguhnya Allah menetapkan hukum sesuai dengan yang Dia kehendaki.	haji	http://www.wikidata.org/entity/Q234915	Event
5	1	Wahai orang-orang yang beriman, penuhilah janji-janji! Dihalalkan bagimu hewan ternak, kecuali yang akan disebutkan kepadamu (keharamannya) dengan tidak menghalalkan berburu ketika kamu sedang berihram (haji atau umrah). Sesungguhnya Allah menetapkan hukum sesuai dengan yang Dia kehendaki.	umrah	http://www.wikidata.org/entity/Q640480	Event
5	1	Wahai orang-orang yang beriman, penuhilah janji-janji! Dihalalkan bagimu hewan ternak, kecuali yang akan disebutkan kepadamu (keharamannya) dengan tidak menghalalkan berburu ketika kamu sedang berihram (haji atau umrah). Sesungguhnya Allah menetapkan hukum sesuai dengan yang Dia kehendaki.	Allah	http://www.wikidata.org/entity/Q2095353	Allah
5	2	Wahai orang-orang yang beriman, janganlah kamu melanggar syiar-syiar (kesucian) Allah, jangan (melanggar kehormatan) bulan-bulan haram, jangan (mengganggu) hadyu (hewan-hewan kurban) dan qalā’id (hewan-hewan kurban yang diberi tanda), dan jangan (pula mengganggu) para pengunjung Baitulharam sedangkan mereka mencari karunia dan rida Tuhannya! Apabila kamu telah bertahalul (menyelesaikan ihram), berburulah (jika mau). Janganlah sekali-kali kebencian(-mu) kepada suatu kaum, karena mereka menghalang-halangimu dari Masjidilharam, mendorongmu berbuat melampaui batas (kepada mereka). Tolong-menolonglah kamu dalam (mengerjakan) kebajikan dan takwa, dan jangan tolong-menolong dalam berbuat dosa dan permusuhan. Bertakwalah kepada Allah, sesungguhnya Allah sangat berat siksaan-Nya.	Allah	http://www.wikidata.org/entity/Q2095353	Allah
5	2	Wahai orang-orang yang beriman, janganlah kamu melanggar syiar-syiar (kesucian) Allah, jangan (melanggar kehormatan) bulan-bulan haram, jangan (mengganggu) hadyu (hewan-hewan kurban) dan qalā’id (hewan-hewan kurban yang diberi tanda), dan jangan (pula mengganggu) para pengunjung Baitulharam sedangkan mereka mencari karunia dan rida Tuhannya! Apabila kamu telah bertahalul (menyelesaikan ihram), berburulah (jika mau). Janganlah sekali-kali kebencian(-mu) kepada suatu kaum, karena mereka menghalang-halangimu dari Masjidilharam, mendorongmu berbuat melampaui batas (kepada mereka). Tolong-menolonglah kamu dalam (mengerjakan) kebajikan dan takwa, dan jangan tolong-menolong dalam berbuat dosa dan permusuhan. Bertakwalah kepada Allah, sesungguhnya Allah sangat berat siksaan-Nya.	bulan	http://www.wikidata.org/entity/Q405	AstronomicalBody
5	2	Wahai orang-orang yang beriman, janganlah kamu melanggar syiar-syiar (kesucian) Allah, jangan (melanggar kehormatan) bulan-bulan haram, jangan (mengganggu) hadyu (hewan-hewan kurban) dan qalā’id (hewan-hewan kurban yang diberi tanda), dan jangan (pula mengganggu) para pengunjung Baitulharam sedangkan mereka mencari karunia dan rida Tuhannya! Apabila kamu telah bertahalul (menyelesaikan ihram), berburulah (jika mau). Janganlah sekali-kali kebencian(-mu) kepada suatu kaum, karena mereka menghalang-halangimu dari Masjidilharam, mendorongmu berbuat melampaui batas (kepada mereka). Tolong-menolonglah kamu dalam (mengerjakan) kebajikan dan takwa, dan jangan tolong-menolong dalam berbuat dosa dan permusuhan. Bertakwalah kepada Allah, sesungguhnya Allah sangat berat siksaan-Nya.	bulan	http://www.wikidata.org/entity/Q405	AstronomicalBody
5	2	Wahai orang-orang yang beriman, janganlah kamu melanggar syiar-syiar (kesucian) Allah, jangan (melanggar kehormatan) bulan-bulan haram, jangan (mengganggu) hadyu (hewan-hewan kurban) dan qalā’id (hewan-hewan kurban yang diberi tanda), dan jangan (pula mengganggu) para pengunjung Baitulharam sedangkan mereka mencari karunia dan rida Tuhannya! Apabila kamu telah bertahalul (menyelesaikan ihram), berburulah (jika mau). Janganlah sekali-kali kebencian(-mu) kepada suatu kaum, karena mereka menghalang-halangimu dari Masjidilharam, mendorongmu berbuat melampaui batas (kepada mereka). Tolong-menolonglah kamu dalam (mengerjakan) kebajikan dan takwa, dan jangan tolong-menolong dalam berbuat dosa dan permusuhan. Bertakwalah kepada Allah, sesungguhnya Allah sangat berat siksaan-Nya.	Baitulharam	http://www.wikidata.org/entity/Q428858	Artifact
5	2	Wahai orang-orang yang beriman, janganlah kamu melanggar syiar-syiar (kesucian) Allah, jangan (melanggar kehormatan) bulan-bulan haram, jangan (mengganggu) hadyu (hewan-hewan kurban) dan qalā’id (hewan-hewan kurban yang diberi tanda), dan jangan (pula mengganggu) para pengunjung Baitulharam sedangkan mereka mencari karunia dan rida Tuhannya! Apabila kamu telah bertahalul (menyelesaikan ihram), berburulah (jika mau). Janganlah sekali-kali kebencian(-mu) kepada suatu kaum, karena mereka menghalang-halangimu dari Masjidilharam, mendorongmu berbuat melampaui batas (kepada mereka). Tolong-menolonglah kamu dalam (mengerjakan) kebajikan dan takwa, dan jangan tolong-menolong dalam berbuat dosa dan permusuhan. Bertakwalah kepada Allah, sesungguhnya Allah sangat berat siksaan-Nya.	Masjidilharam	http://www.wikidata.org/entity/Q428858	GeographicalLocation
5	2	Wahai orang-orang yang beriman, janganlah kamu melanggar syiar-syiar (kesucian) Allah, jangan (melanggar kehormatan) bulan-bulan haram, jangan (mengganggu) hadyu (hewan-hewan kurban) dan qalā’id (hewan-hewan kurban yang diberi tanda), dan jangan (pula mengganggu) para pengunjung Baitulharam sedangkan mereka mencari karunia dan rida Tuhannya! Apabila kamu telah bertahalul (menyelesaikan ihram), berburulah (jika mau). Janganlah sekali-kali kebencian(-mu) kepada suatu kaum, karena mereka menghalang-halangimu dari Masjidilharam, mendorongmu berbuat melampaui batas (kepada mereka). Tolong-menolonglah kamu dalam (mengerjakan) kebajikan dan takwa, dan jangan tolong-menolong dalam berbuat dosa dan permusuhan. Bertakwalah kepada Allah, sesungguhnya Allah sangat berat siksaan-Nya.	Allah	http://www.wikidata.org/entity/Q2095353	Allah
5	2	Wahai orang-orang yang beriman, janganlah kamu melanggar syiar-syiar (kesucian) Allah, jangan (melanggar kehormatan) bulan-bulan haram, jangan (mengganggu) hadyu (hewan-hewan kurban) dan qalā’id (hewan-hewan kurban yang diberi tanda), dan jangan (pula mengganggu) para pengunjung Baitulharam sedangkan mereka mencari karunia dan rida Tuhannya! Apabila kamu telah bertahalul (menyelesaikan ihram), berburulah (jika mau). Janganlah sekali-kali kebencian(-mu) kepada suatu kaum, karena mereka menghalang-halangimu dari Masjidilharam, mendorongmu berbuat melampaui batas (kepada mereka). Tolong-menolonglah kamu dalam (mengerjakan) kebajikan dan takwa, dan jangan tolong-menolong dalam berbuat dosa dan permusuhan. Bertakwalah kepada Allah, sesungguhnya Allah sangat berat siksaan-Nya.	Allah	http://www.wikidata.org/entity/Q2095353	Allah
5	3	Diharamkan bagimu (memakan) bangkai, darah, daging babi, dan (daging hewan) yang disembelih bukan atas (nama) Allah, yang tercekik, yang dipukul, yang jatuh, yang ditanduk, dan yang diterkam binatang buas, kecuali yang (sempat) kamu sembelih. (Diharamkan pula) apa yang disembelih untuk berhala. (Demikian pula) mengundi nasib dengan azlām (anak panah), (karena) itu suatu perbuatan fasik. Pada hari ini orang-orang kafir telah putus asa untuk (mengalahkan) agamamu. Oleh sebab itu, janganlah kamu takut kepada mereka, tetapi takutlah kepada-Ku. Pada hari ini telah Aku sempurnakan agamamu untukmu, telah Aku cukupkan nikmat-Ku bagimu, dan telah Aku ridai Islam sebagai agamamu. Maka, siapa yang terpaksa karena lapar, bukan karena ingin berbuat dosa, sesungguhnya Allah Maha Pengampun lagi Maha Penyayang.	Allah	http://www.wikidata.org/entity/Q2095353	Allah
5	3	Diharamkan bagimu (memakan) bangkai, darah, daging babi, dan (daging hewan) yang disembelih bukan atas (nama) Allah, yang tercekik, yang dipukul, yang jatuh, yang ditanduk, dan yang diterkam binatang buas, kecuali yang (sempat) kamu sembelih. (Diharamkan pula) apa yang disembelih untuk berhala. (Demikian pula) mengundi nasib dengan azlām (anak panah), (karena) itu suatu perbuatan fasik. Pada hari ini orang-orang kafir telah putus asa untuk (mengalahkan) agamamu. Oleh sebab itu, janganlah kamu takut kepada mereka, tetapi takutlah kepada-Ku. Pada hari ini telah Aku sempurnakan agamamu untukmu, telah Aku cukupkan nikmat-Ku bagimu, dan telah Aku ridai Islam sebagai agamamu. Maka, siapa yang terpaksa karena lapar, bukan karena ingin berbuat dosa, sesungguhnya Allah Maha Pengampun lagi Maha Penyayang.	Islam	http://www.wikidata.org/entity/Q432	Religion
5	3	Diharamkan bagimu (memakan) bangkai, darah, daging babi, dan (daging hewan) yang disembelih bukan atas (nama) Allah, yang tercekik, yang dipukul, yang jatuh, yang ditanduk, dan yang diterkam binatang buas, kecuali yang (sempat) kamu sembelih. (Diharamkan pula) apa yang disembelih untuk berhala. (Demikian pula) mengundi nasib dengan azlām (anak panah), (karena) itu suatu perbuatan fasik. Pada hari ini orang-orang kafir telah putus asa untuk (mengalahkan) agamamu. Oleh sebab itu, janganlah kamu takut kepada mereka, tetapi takutlah kepada-Ku. Pada hari ini telah Aku sempurnakan agamamu untukmu, telah Aku cukupkan nikmat-Ku bagimu, dan telah Aku ridai Islam sebagai agamamu. Maka, siapa yang terpaksa karena lapar, bukan karena ingin berbuat dosa, sesungguhnya Allah Maha Pengampun lagi Maha Penyayang.	Allah	http://www.wikidata.org/entity/Q2095353	Allah
5	4	Mereka bertanya kepadamu (Nabi Muhammad), “Apakah yang dihalalkan bagi mereka?” Katakanlah, “Yang dihalalkan bagimu adalah (makanan-makanan) yang baik dan (buruan yang ditangkap) oleh binatang pemburu yang telah kamu latih untuk berburu, yang kamu latih menurut apa yang telah diajarkan Allah kepadamu. Maka, makanlah apa yang ditangkapnya untukmu dan sebutlah nama Allah (waktu melepasnya). Bertakwalah kepada Allah. Sesungguhnya Allah sangat cepat perhitungan-Nya.”	Muhammad	http://www.wikidata.org/entity/Q9458	Messenger
5	4	Mereka bertanya kepadamu (Nabi Muhammad), “Apakah yang dihalalkan bagi mereka?” Katakanlah, “Yang dihalalkan bagimu adalah (makanan-makanan) yang baik dan (buruan yang ditangkap) oleh binatang pemburu yang telah kamu latih untuk berburu, yang kamu latih menurut apa yang telah diajarkan Allah kepadamu. Maka, makanlah apa yang ditangkapnya untukmu dan sebutlah nama Allah (waktu melepasnya). Bertakwalah kepada Allah. Sesungguhnya Allah sangat cepat perhitungan-Nya.”	Allah	http://www.wikidata.org/entity/Q2095353	Allah
5	4	Mereka bertanya kepadamu (Nabi Muhammad), “Apakah yang dihalalkan bagi mereka?” Katakanlah, “Yang dihalalkan bagimu adalah (makanan-makanan) yang baik dan (buruan yang ditangkap) oleh binatang pemburu yang telah kamu latih untuk berburu, yang kamu latih menurut apa yang telah diajarkan Allah kepadamu. Maka, makanlah apa yang ditangkapnya untukmu dan sebutlah nama Allah (waktu melepasnya). Bertakwalah kepada Allah. Sesungguhnya Allah sangat cepat perhitungan-Nya.”	Allah	http://www.wikidata.org/entity/Q2095353	Allah
5	4	Mereka bertanya kepadamu (Nabi Muhammad), “Apakah yang dihalalkan bagi mereka?” Katakanlah, “Yang dihalalkan bagimu adalah (makanan-makanan) yang baik dan (buruan yang ditangkap) oleh binatang pemburu yang telah kamu latih untuk berburu, yang kamu latih menurut apa yang telah diajarkan Allah kepadamu. Maka, makanlah apa yang ditangkapnya untukmu dan sebutlah nama Allah (waktu melepasnya). Bertakwalah kepada Allah. Sesungguhnya Allah sangat cepat perhitungan-Nya.”	Allah	http://www.wikidata.org/entity/Q2095353	Allah
5	4	Mereka bertanya kepadamu (Nabi Muhammad), “Apakah yang dihalalkan bagi mereka?” Katakanlah, “Yang dihalalkan bagimu adalah (makanan-makanan) yang baik dan (buruan yang ditangkap) oleh binatang pemburu yang telah kamu latih untuk berburu, yang kamu latih menurut apa yang telah diajarkan Allah kepadamu. Maka, makanlah apa yang ditangkapnya untukmu dan sebutlah nama Allah (waktu melepasnya). Bertakwalah kepada Allah. Sesungguhnya Allah sangat cepat perhitungan-Nya.”	Allah	http://www.wikidata.org/entity/Q2095353	Allah
5	5	Pada hari ini dihalalkan bagimu segala (makanan) yang baik. Makanan (sembelihan) Ahlulkitab itu halal bagimu dan makananmu halal (juga) bagi mereka. (Dihalalkan bagimu menikahi) perempuan-perempuan yang menjaga kehormatan di antara perempuan-perempuan yang beriman dan perempuan-perempuan yang menjaga kehormatan di antara orang-orang yang diberi kitab suci sebelum kamu, apabila kamu membayar maskawin mereka untuk menikahinya, tidak dengan maksud berzina, dan tidak untuk menjadikan (mereka) pasangan gelap (gundik). Siapa yang kufur setelah beriman, maka sungguh sia-sia amalnya dan di akhirat dia termasuk orang-orang yang rugi.	Ahlulkitab	http://www.wikidata.org/entity/Q216565	Person
5	6	Wahai orang-orang yang beriman, apabila kamu berdiri hendak melaksanakan salat, maka basuhlah wajahmu dan tanganmu sampai ke siku serta usaplah kepalamu dan (basuh) kedua kakimu sampai kedua mata kaki. Jika kamu dalam keadaan junub, mandilah. Jika kamu sakit, dalam perjalanan, kembali dari tempat buang air (kakus), atau menyentuh perempuan, lalu tidak memperoleh air, bertayamumlah dengan debu yang baik (suci); usaplah wajahmu dan tanganmu dengan (debu) itu. Allah tidak ingin menjadikan bagimu sedikit pun kesulitan, tetapi Dia hendak membersihkan kamu dan menyempurnakan nikmat-Nya bagimu agar kamu bersyukur.	Allah	http://www.wikidata.org/entity/Q2095353	Allah
5	7	Ingatlah nikmat Allah kepadamu dan perjanjian-Nya yang telah Dia ikatkan kepadamu ketika kamu mengatakan, “Kami mendengar dan kami menaati.” Bertakwalah kepada Allah. Sesungguhnya Allah Maha Mengetahui segala isi hati.	Allah	http://www.wikidata.org/entity/Q2095353	Allah
5	7	Ingatlah nikmat Allah kepadamu dan perjanjian-Nya yang telah Dia ikatkan kepadamu ketika kamu mengatakan, “Kami mendengar dan kami menaati.” Bertakwalah kepada Allah. Sesungguhnya Allah Maha Mengetahui segala isi hati.	Allah	http://www.wikidata.org/entity/Q2095353	Allah
5	7	Ingatlah nikmat Allah kepadamu dan perjanjian-Nya yang telah Dia ikatkan kepadamu ketika kamu mengatakan, “Kami mendengar dan kami menaati.” Bertakwalah kepada Allah. Sesungguhnya Allah Maha Mengetahui segala isi hati.	Allah	http://www.wikidata.org/entity/Q2095353	Allah
5	8	Wahai orang-orang yang beriman, jadilah kamu penegak (kebenaran) karena Allah (dan) saksi-saksi (yang bertindak) dengan adil. Janganlah kebencianmu terhadap suatu kaum mendorong kamu untuk berlaku tidak adil. Berlakulah adil karena (adil) itu lebih dekat pada takwa. Bertakwalah kepada Allah. Sesungguhnya Allah Maha Teliti terhadap apa yang kamu kerjakan.	Allah	http://www.wikidata.org/entity/Q2095353	Allah
5	8	Wahai orang-orang yang beriman, jadilah kamu penegak (kebenaran) karena Allah (dan) saksi-saksi (yang bertindak) dengan adil. Janganlah kebencianmu terhadap suatu kaum mendorong kamu untuk berlaku tidak adil. Berlakulah adil karena (adil) itu lebih dekat pada takwa. Bertakwalah kepada Allah. Sesungguhnya Allah Maha Teliti terhadap apa yang kamu kerjakan.	Allah	http://www.wikidata.org/entity/Q2095353	Allah
5	8	Wahai orang-orang yang beriman, jadilah kamu penegak (kebenaran) karena Allah (dan) saksi-saksi (yang bertindak) dengan adil. Janganlah kebencianmu terhadap suatu kaum mendorong kamu untuk berlaku tidak adil. Berlakulah adil karena (adil) itu lebih dekat pada takwa. Bertakwalah kepada Allah. Sesungguhnya Allah Maha Teliti terhadap apa yang kamu kerjakan.	Allah	http://www.wikidata.org/entity/Q2095353	Allah
5	9	Allah telah menjanjikan kepada orang-orang yang beriman dan beramal saleh (bahwa) bagi mereka ampunan dan pahala yang besar.	Allah	http://www.wikidata.org/entity/Q2095353	Allah
5	10	Adapun orang-orang yang kufur dan mendustakan ayat-ayat Kami, mereka itulah penghuni (neraka) Jahim.			
5	11	Wahai orang-orang yang beriman, ingatlah nikmat Allah (yang dianugerahkan) kepadamu ketika suatu kaum bermaksud hendak menyerangmu dengan tangannya, lalu Dia menahan tangan (mencegah) mereka dari kamu. Bertakwalah kepada Allah dan hanya kepada Allahlah hendaknya orang-orang mukmin itu bertawakal.	Allah	http://www.wikidata.org/entity/Q2095353	Allah
5	11	Wahai orang-orang yang beriman, ingatlah nikmat Allah (yang dianugerahkan) kepadamu ketika suatu kaum bermaksud hendak menyerangmu dengan tangannya, lalu Dia menahan tangan (mencegah) mereka dari kamu. Bertakwalah kepada Allah dan hanya kepada Allahlah hendaknya orang-orang mukmin itu bertawakal.	Allah	http://www.wikidata.org/entity/Q2095353	Allah
5	13	(Namun,) karena mereka melanggar janjinya, Kami melaknat mereka dan Kami menjadikan hati mereka keras membatu. Mereka suka mengubah firman-firman (Allah) dari tempat-tempatnya dan mereka (sengaja) melupakan sebagian pesan yang telah diperingatkan kepada mereka. Engkau (Nabi Muhammad) senantiasa akan melihat pengkhianatan dari mereka, kecuali sekelompok kecil di antara mereka (yang tidak berkhianat). Maka, maafkanlah mereka dan biarkanlah. Sesungguhnya Allah menyukai orang-orang muhsin.	Allah	http://www.wikidata.org/entity/Q2095353	Allah
5	13	(Namun,) karena mereka melanggar janjinya, Kami melaknat mereka dan Kami menjadikan hati mereka keras membatu. Mereka suka mengubah firman-firman (Allah) dari tempat-tempatnya dan mereka (sengaja) melupakan sebagian pesan yang telah diperingatkan kepada mereka. Engkau (Nabi Muhammad) senantiasa akan melihat pengkhianatan dari mereka, kecuali sekelompok kecil di antara mereka (yang tidak berkhianat). Maka, maafkanlah mereka dan biarkanlah. Sesungguhnya Allah menyukai orang-orang muhsin.	Muhammad	http://www.wikidata.org/entity/Q9458	Messenger
5	13	(Namun,) karena mereka melanggar janjinya, Kami melaknat mereka dan Kami menjadikan hati mereka keras membatu. Mereka suka mengubah firman-firman (Allah) dari tempat-tempatnya dan mereka (sengaja) melupakan sebagian pesan yang telah diperingatkan kepada mereka. Engkau (Nabi Muhammad) senantiasa akan melihat pengkhianatan dari mereka, kecuali sekelompok kecil di antara mereka (yang tidak berkhianat). Maka, maafkanlah mereka dan biarkanlah. Sesungguhnya Allah menyukai orang-orang muhsin.	Allah	http://www.wikidata.org/entity/Q2095353	Allah
5	14	Dari orang-orang yang mengatakan, “Sesungguhnya kami adalah orang Nasrani,” Kami telah mengambil perjanjian. Kemudian, mereka melupakan sebagian pesan yang telah diperingatkan kepada mereka. Maka, Kami menimbulkan permusuhan dan kebencian di antara mereka hingga hari Kiamat. Kelak Allah akan memberitakan kepada mereka apa yang selama ini mereka perbuat.	orang Nasrani	http://www.wikidata.org/entity/Q106039	Person
5	14	Dari orang-orang yang mengatakan, “Sesungguhnya kami adalah orang Nasrani,” Kami telah mengambil perjanjian. Kemudian, mereka melupakan sebagian pesan yang telah diperingatkan kepada mereka. Maka, Kami menimbulkan permusuhan dan kebencian di antara mereka hingga hari Kiamat. Kelak Allah akan memberitakan kepada mereka apa yang selama ini mereka perbuat.	hari Kiamat	http://www.wikidata.org/entity/Q12200906	Event
5	14	Dari orang-orang yang mengatakan, “Sesungguhnya kami adalah orang Nasrani,” Kami telah mengambil perjanjian. Kemudian, mereka melupakan sebagian pesan yang telah diperingatkan kepada mereka. Maka, Kami menimbulkan permusuhan dan kebencian di antara mereka hingga hari Kiamat. Kelak Allah akan memberitakan kepada mereka apa yang selama ini mereka perbuat.	Allah	http://www.wikidata.org/entity/Q2095353	Allah
5	16	Dengannya (kitab suci) Allah menunjukkan kepada orang yang mengikuti rida-Nya jalan-jalan keselamatan, mengeluarkannya dari berbagai kegelapan menuju cahaya dengan izin-Nya, dan menunjukkan kepadanya (satu) jalan yang lurus.	Allah	http://www.wikidata.org/entity/Q2095353	Allah
5	17	Sungguh, benar-benar telah kufur orang-orang yang berkata, “Sesungguhnya Allah itulah Almasih putra Maryam.” Katakanlah (Nabi Muhammad), “(Jika benar begitu,) siapakah yang dapat menghalang-halangi kehendak Allah jika Dia hendak membinasakan Almasih putra Maryam, ibunya, dan seluruh yang berada di bumi?” Milik Allahlah kerajaan langit, bumi, dan apa yang ada di antara keduanya. Dia menciptakan apa yang Dia kehendaki. Allah Maha Kuasa atas segala sesuatu.	Allah	http://www.wikidata.org/entity/Q2095353	Allah
5	17	Sungguh, benar-benar telah kufur orang-orang yang berkata, “Sesungguhnya Allah itulah Almasih putra Maryam.” Katakanlah (Nabi Muhammad), “(Jika benar begitu,) siapakah yang dapat menghalang-halangi kehendak Allah jika Dia hendak membinasakan Almasih putra Maryam, ibunya, dan seluruh yang berada di bumi?” Milik Allahlah kerajaan langit, bumi, dan apa yang ada di antara keduanya. Dia menciptakan apa yang Dia kehendaki. Allah Maha Kuasa atas segala sesuatu.	Almasih putra Maryam	http://www.wikidata.org/entity/Q51664	Person
5	17	Sungguh, benar-benar telah kufur orang-orang yang berkata, “Sesungguhnya Allah itulah Almasih putra Maryam.” Katakanlah (Nabi Muhammad), “(Jika benar begitu,) siapakah yang dapat menghalang-halangi kehendak Allah jika Dia hendak membinasakan Almasih putra Maryam, ibunya, dan seluruh yang berada di bumi?” Milik Allahlah kerajaan langit, bumi, dan apa yang ada di antara keduanya. Dia menciptakan apa yang Dia kehendaki. Allah Maha Kuasa atas segala sesuatu.	Muhammad	http://www.wikidata.org/entity/Q9458	Messenger
5	17	Sungguh, benar-benar telah kufur orang-orang yang berkata, “Sesungguhnya Allah itulah Almasih putra Maryam.” Katakanlah (Nabi Muhammad), “(Jika benar begitu,) siapakah yang dapat menghalang-halangi kehendak Allah jika Dia hendak membinasakan Almasih putra Maryam, ibunya, dan seluruh yang berada di bumi?” Milik Allahlah kerajaan langit, bumi, dan apa yang ada di antara keduanya. Dia menciptakan apa yang Dia kehendaki. Allah Maha Kuasa atas segala sesuatu.	Allah	http://www.wikidata.org/entity/Q2095353	Allah
5	17	Sungguh, benar-benar telah kufur orang-orang yang berkata, “Sesungguhnya Allah itulah Almasih putra Maryam.” Katakanlah (Nabi Muhammad), “(Jika benar begitu,) siapakah yang dapat menghalang-halangi kehendak Allah jika Dia hendak membinasakan Almasih putra Maryam, ibunya, dan seluruh yang berada di bumi?” Milik Allahlah kerajaan langit, bumi, dan apa yang ada di antara keduanya. Dia menciptakan apa yang Dia kehendaki. Allah Maha Kuasa atas segala sesuatu.	Almasih putra Maryam	http://www.wikidata.org/entity/Q51664	Person
5	17	Sungguh, benar-benar telah kufur orang-orang yang berkata, “Sesungguhnya Allah itulah Almasih putra Maryam.” Katakanlah (Nabi Muhammad), “(Jika benar begitu,) siapakah yang dapat menghalang-halangi kehendak Allah jika Dia hendak membinasakan Almasih putra Maryam, ibunya, dan seluruh yang berada di bumi?” Milik Allahlah kerajaan langit, bumi, dan apa yang ada di antara keduanya. Dia menciptakan apa yang Dia kehendaki. Allah Maha Kuasa atas segala sesuatu.	bumi	http://www.wikidata.org/entity/Q2	AstronomicalBody
5	17	Sungguh, benar-benar telah kufur orang-orang yang berkata, “Sesungguhnya Allah itulah Almasih putra Maryam.” Katakanlah (Nabi Muhammad), “(Jika benar begitu,) siapakah yang dapat menghalang-halangi kehendak Allah jika Dia hendak membinasakan Almasih putra Maryam, ibunya, dan seluruh yang berada di bumi?” Milik Allahlah kerajaan langit, bumi, dan apa yang ada di antara keduanya. Dia menciptakan apa yang Dia kehendaki. Allah Maha Kuasa atas segala sesuatu.	langit	http://www.wikidata.org/entity/Q527	AstronomicalBody
5	17	Sungguh, benar-benar telah kufur orang-orang yang berkata, “Sesungguhnya Allah itulah Almasih putra Maryam.” Katakanlah (Nabi Muhammad), “(Jika benar begitu,) siapakah yang dapat menghalang-halangi kehendak Allah jika Dia hendak membinasakan Almasih putra Maryam, ibunya, dan seluruh yang berada di bumi?” Milik Allahlah kerajaan langit, bumi, dan apa yang ada di antara keduanya. Dia menciptakan apa yang Dia kehendaki. Allah Maha Kuasa atas segala sesuatu.	bumi	http://www.wikidata.org/entity/Q2	AstronomicalBody
5	17	Sungguh, benar-benar telah kufur orang-orang yang berkata, “Sesungguhnya Allah itulah Almasih putra Maryam.” Katakanlah (Nabi Muhammad), “(Jika benar begitu,) siapakah yang dapat menghalang-halangi kehendak Allah jika Dia hendak membinasakan Almasih putra Maryam, ibunya, dan seluruh yang berada di bumi?” Milik Allahlah kerajaan langit, bumi, dan apa yang ada di antara keduanya. Dia menciptakan apa yang Dia kehendaki. Allah Maha Kuasa atas segala sesuatu.	Allah	http://www.wikidata.org/entity/Q2095353	Allah
5	18	Orang Yahudi dan orang Nasrani berkata, “Kami adalah anak-anak Allah dan kekasih-kekasih-Nya.” Katakanlah, “(Jika benar begitu,) mengapa Allah menyiksa kamu karena dosa-dosamu? Sebaliknya, kamu adalah manusia (biasa) di antara orang-orang yang Dia ciptakan. Dia mengampuni siapa yang Dia kehendaki dan menyiksa siapa yang Dia kehendaki (pula). Milik Allahlah kerajaan langit, bumi, dan apa yang ada di antara keduanya, dan kepada-Nya semua akan kembali.”	Orang Yahudi	http://www.wikidata.org/entity/Q7325	Person
5	18	Orang Yahudi dan orang Nasrani berkata, “Kami adalah anak-anak Allah dan kekasih-kekasih-Nya.” Katakanlah, “(Jika benar begitu,) mengapa Allah menyiksa kamu karena dosa-dosamu? Sebaliknya, kamu adalah manusia (biasa) di antara orang-orang yang Dia ciptakan. Dia mengampuni siapa yang Dia kehendaki dan menyiksa siapa yang Dia kehendaki (pula). Milik Allahlah kerajaan langit, bumi, dan apa yang ada di antara keduanya, dan kepada-Nya semua akan kembali.”	orang Nasrani	http://www.wikidata.org/entity/Q106039	Person
5	18	Orang Yahudi dan orang Nasrani berkata, “Kami adalah anak-anak Allah dan kekasih-kekasih-Nya.” Katakanlah, “(Jika benar begitu,) mengapa Allah menyiksa kamu karena dosa-dosamu? Sebaliknya, kamu adalah manusia (biasa) di antara orang-orang yang Dia ciptakan. Dia mengampuni siapa yang Dia kehendaki dan menyiksa siapa yang Dia kehendaki (pula). Milik Allahlah kerajaan langit, bumi, dan apa yang ada di antara keduanya, dan kepada-Nya semua akan kembali.”	Allah	http://www.wikidata.org/entity/Q2095353	Allah
5	18	Orang Yahudi dan orang Nasrani berkata, “Kami adalah anak-anak Allah dan kekasih-kekasih-Nya.” Katakanlah, “(Jika benar begitu,) mengapa Allah menyiksa kamu karena dosa-dosamu? Sebaliknya, kamu adalah manusia (biasa) di antara orang-orang yang Dia ciptakan. Dia mengampuni siapa yang Dia kehendaki dan menyiksa siapa yang Dia kehendaki (pula). Milik Allahlah kerajaan langit, bumi, dan apa yang ada di antara keduanya, dan kepada-Nya semua akan kembali.”	Allah	http://www.wikidata.org/entity/Q2095353	Allah
5	18	Orang Yahudi dan orang Nasrani berkata, “Kami adalah anak-anak Allah dan kekasih-kekasih-Nya.” Katakanlah, “(Jika benar begitu,) mengapa Allah menyiksa kamu karena dosa-dosamu? Sebaliknya, kamu adalah manusia (biasa) di antara orang-orang yang Dia ciptakan. Dia mengampuni siapa yang Dia kehendaki dan menyiksa siapa yang Dia kehendaki (pula). Milik Allahlah kerajaan langit, bumi, dan apa yang ada di antara keduanya, dan kepada-Nya semua akan kembali.”	langit	http://www.wikidata.org/entity/Q527	AstronomicalBody
5	18	Orang Yahudi dan orang Nasrani berkata, “Kami adalah anak-anak Allah dan kekasih-kekasih-Nya.” Katakanlah, “(Jika benar begitu,) mengapa Allah menyiksa kamu karena dosa-dosamu? Sebaliknya, kamu adalah manusia (biasa) di antara orang-orang yang Dia ciptakan. Dia mengampuni siapa yang Dia kehendaki dan menyiksa siapa yang Dia kehendaki (pula). Milik Allahlah kerajaan langit, bumi, dan apa yang ada di antara keduanya, dan kepada-Nya semua akan kembali.”	bumi	http://www.wikidata.org/entity/Q2	AstronomicalBody
5	20	(Ingatlah) ketika Musa berkata kepada kaumnya, “Wahai kaumku, ingatlah nikmat Allah kepadamu ketika Dia mengangkat nabi-nabi di antaramu, menjadikanmu (terhormat seperti) para raja, dan menganugerahkan kepadamu apa yang belum pernah Dia anugerahkan kepada seorang pun di antara umat yang lain.	Musa	http://www.wikidata.org/entity/Q1990155	Messenger
5	20	(Ingatlah) ketika Musa berkata kepada kaumnya, “Wahai kaumku, ingatlah nikmat Allah kepadamu ketika Dia mengangkat nabi-nabi di antaramu, menjadikanmu (terhormat seperti) para raja, dan menganugerahkan kepadamu apa yang belum pernah Dia anugerahkan kepada seorang pun di antara umat yang lain.	Allah	http://www.wikidata.org/entity/Q2095353	Allah
5	22	Mereka berkata, “Wahai Musa, sesungguhnya di dalamnya (negeri itu) ada orang-orang yang sangat kuat dan kejam. Kami tidak akan memasukinya sebelum mereka keluar. Jika mereka keluar dari sana, kami pasti akan masuk.”	Musa	http://www.wikidata.org/entity/Q1990155	Messenger
5	23	Berkatalah dua orang laki-laki di antara mereka yang bertakwa, yang keduanya telah diberi nikmat oleh Allah, “Masukilah pintu gerbang negeri itu untuk (menyerang) mereka (penduduk Baitulmaqdis). Jika kamu memasukinya, kamu pasti akan menang. Bertawakallah hanya kepada Allah, jika kamu orang-orang mukmin.”	Allah	http://www.wikidata.org/entity/Q2095353	Allah
5	23	Berkatalah dua orang laki-laki di antara mereka yang bertakwa, yang keduanya telah diberi nikmat oleh Allah, “Masukilah pintu gerbang negeri itu untuk (menyerang) mereka (penduduk Baitulmaqdis). Jika kamu memasukinya, kamu pasti akan menang. Bertawakallah hanya kepada Allah, jika kamu orang-orang mukmin.”	Baitulmaqdis	http://www.wikidata.org/entity/Q1218	GeographicalLocation
5	23	Berkatalah dua orang laki-laki di antara mereka yang bertakwa, yang keduanya telah diberi nikmat oleh Allah, “Masukilah pintu gerbang negeri itu untuk (menyerang) mereka (penduduk Baitulmaqdis). Jika kamu memasukinya, kamu pasti akan menang. Bertawakallah hanya kepada Allah, jika kamu orang-orang mukmin.”	Allah	http://www.wikidata.org/entity/Q2095353	Allah
5	25	Dia (Musa) berkata, “Ya Tuhanku, aku tidak mempunyai kekuasaan apa pun, kecuali atas diriku sendiri dan saudaraku. Oleh sebab itu, pisahkanlah antara kami dan kaum yang fasik itu.”	Musa	http://www.wikidata.org/entity/Q1990155	Messenger
5	26	(Allah) berfirman, “(Jika demikian,) sesungguhnya (negeri) itu terlarang buat mereka selama empat puluh tahun. (Selama itu) mereka akan mengembara kebingungan di bumi. Maka, janganlah engkau (Musa) bersedih atas (nasib) kaum yang fasik itu.”	Allah	http://www.wikidata.org/entity/Q2095353	Allah
5	26	(Allah) berfirman, “(Jika demikian,) sesungguhnya (negeri) itu terlarang buat mereka selama empat puluh tahun. (Selama itu) mereka akan mengembara kebingungan di bumi. Maka, janganlah engkau (Musa) bersedih atas (nasib) kaum yang fasik itu.”	bumi	http://www.wikidata.org/entity/Q2	AstronomicalBody
5	26	(Allah) berfirman, “(Jika demikian,) sesungguhnya (negeri) itu terlarang buat mereka selama empat puluh tahun. (Selama itu) mereka akan mengembara kebingungan di bumi. Maka, janganlah engkau (Musa) bersedih atas (nasib) kaum yang fasik itu.”	Musa	http://www.wikidata.org/entity/Q1990155	Messenger
5	28	Sesungguhnya jika engkau (Qabil) menggerakkan tanganmu kepadaku untuk membunuhku, aku tidak akan menggerakkan tanganku kepadamu untuk membunuhmu. Sesungguhnya aku takut kepada Allah, Tuhan semesta alam.	Qabil	http://www.wikidata.org/entity/Q40326813	Person
5	28	Sesungguhnya jika engkau (Qabil) menggerakkan tanganmu kepadaku untuk membunuhku, aku tidak akan menggerakkan tanganku kepadamu untuk membunuhmu. Sesungguhnya aku takut kepada Allah, Tuhan semesta alam.	Allah	http://www.wikidata.org/entity/Q2095353	Allah
5	28	Sesungguhnya jika engkau (Qabil) menggerakkan tanganmu kepadaku untuk membunuhku, aku tidak akan menggerakkan tanganku kepadamu untuk membunuhmu. Sesungguhnya aku takut kepada Allah, Tuhan semesta alam.	Tuhan semesta alam	http://www.wikidata.org/entity/Q2095353	Allah
5	29	Sesungguhnya aku ingin engkau kembali (kepada-Nya) dengan (membawa) dosa (karena membunuh)-ku dan dosamu (sebelum itu) sehingga engkau akan termasuk penghuni neraka. Itulah balasan bagi orang-orang yang zalim.”			
5	30	Kemudian, hawa nafsunya (Qabil) mendorong dia untuk membunuh saudaranya. Maka, dia pun (benar-benar) membunuhnya sehingga dia termasuk orang-orang yang rugi.	Qabil	http://www.wikidata.org/entity/Q40326813	Person
5	31	Kemudian, Allah mengirim seekor burung gagak untuk menggali tanah supaya Dia memperlihatkan kepadanya (Qabil) bagaimana cara mengubur mayat saudaranya. (Qabil) berkata, “Celakalah aku! Mengapa aku tidak mampu berbuat seperti burung gagak ini sehingga aku dapat mengubur mayat saudaraku?” Maka, jadilah dia termasuk orang-orang yang menyesal.	Allah	http://www.wikidata.org/entity/Q2095353	Allah
5	31	Kemudian, Allah mengirim seekor burung gagak untuk menggali tanah supaya Dia memperlihatkan kepadanya (Qabil) bagaimana cara mengubur mayat saudaranya. (Qabil) berkata, “Celakalah aku! Mengapa aku tidak mampu berbuat seperti burung gagak ini sehingga aku dapat mengubur mayat saudaraku?” Maka, jadilah dia termasuk orang-orang yang menyesal.	Qabil	http://www.wikidata.org/entity/Q40326813	Person
5	31	Kemudian, Allah mengirim seekor burung gagak untuk menggali tanah supaya Dia memperlihatkan kepadanya (Qabil) bagaimana cara mengubur mayat saudaranya. (Qabil) berkata, “Celakalah aku! Mengapa aku tidak mampu berbuat seperti burung gagak ini sehingga aku dapat mengubur mayat saudaraku?” Maka, jadilah dia termasuk orang-orang yang menyesal.	Qabil	http://www.wikidata.org/entity/Q40326813	Person
5	32	Oleh karena itu, Kami menetapkan (suatu hukum) bagi Bani Israil bahwa siapa yang membunuh seseorang bukan karena (orang yang dibunuh itu) telah membunuh orang lain atau karena telah berbuat kerusakan di bumi, maka seakan-akan dia telah membunuh semua manusia. Sebaliknya, siapa yang memelihara kehidupan seorang manusia, dia seakan-akan telah memelihara kehidupan semua manusia. Sungguh, rasul-rasul Kami benar-benar telah datang kepada mereka dengan (membawa) keterangan-keterangan yang jelas. Kemudian, sesungguhnya banyak di antara mereka setelah itu melampaui batas di bumi.	Bani Israil	http://www.wikidata.org/entity/Q2605404	Person
5	32	Oleh karena itu, Kami menetapkan (suatu hukum) bagi Bani Israil bahwa siapa yang membunuh seseorang bukan karena (orang yang dibunuh itu) telah membunuh orang lain atau karena telah berbuat kerusakan di bumi, maka seakan-akan dia telah membunuh semua manusia. Sebaliknya, siapa yang memelihara kehidupan seorang manusia, dia seakan-akan telah memelihara kehidupan semua manusia. Sungguh, rasul-rasul Kami benar-benar telah datang kepada mereka dengan (membawa) keterangan-keterangan yang jelas. Kemudian, sesungguhnya banyak di antara mereka setelah itu melampaui batas di bumi.	bumi	http://www.wikidata.org/entity/Q2	AstronomicalBody
5	32	Oleh karena itu, Kami menetapkan (suatu hukum) bagi Bani Israil bahwa siapa yang membunuh seseorang bukan karena (orang yang dibunuh itu) telah membunuh orang lain atau karena telah berbuat kerusakan di bumi, maka seakan-akan dia telah membunuh semua manusia. Sebaliknya, siapa yang memelihara kehidupan seorang manusia, dia seakan-akan telah memelihara kehidupan semua manusia. Sungguh, rasul-rasul Kami benar-benar telah datang kepada mereka dengan (membawa) keterangan-keterangan yang jelas. Kemudian, sesungguhnya banyak di antara mereka setelah itu melampaui batas di bumi.	bumi	http://www.wikidata.org/entity/Q2	AstronomicalBody
5	33	Balasan bagi orang-orang yang memerangi Allah dan rasul-Nya serta membuat kerusakan di bumi hanyalah dibunuh, disalib, dipotong tangan dan kaki mereka secara silang, atau diasingkan dari tempat kediamannya. Yang demikian itu merupakan kehinaan bagi mereka di dunia dan di akhirat (kelak) mereka mendapat azab yang sangat berat,	Allah	http://www.wikidata.org/entity/Q2095353	Allah
5	33	Balasan bagi orang-orang yang memerangi Allah dan rasul-Nya serta membuat kerusakan di bumi hanyalah dibunuh, disalib, dipotong tangan dan kaki mereka secara silang, atau diasingkan dari tempat kediamannya. Yang demikian itu merupakan kehinaan bagi mereka di dunia dan di akhirat (kelak) mereka mendapat azab yang sangat berat,	bumi	http://www.wikidata.org/entity/Q2	AstronomicalBody
5	34	kecuali orang-orang yang bertobat sebelum kamu dapat menangkapnya. Maka, ketahuilah bahwa sesungguhnya Allah Maha Pengampun lagi Maha Penyayang.	Allah	http://www.wikidata.org/entity/Q2095353	Allah
5	35	Wahai orang-orang yang beriman, bertakwalah kepada Allah, carilah wasilah (jalan untuk mendekatkan diri) kepada-Nya, dan berjihadlah (berjuanglah) di jalan-Nya agar kamu beruntung.	Allah	http://www.wikidata.org/entity/Q2095353	Allah
5	36	Sesungguhnya orang-orang yang kufur, seandainya memiliki segala apa yang ada di bumi dan ditambah (lagi) dengan sebanyak itu untuk menebus diri mereka dari azab hari Kiamat, niscaya semua (tebusan) itu tidak akan diterima dari mereka. Bagi mereka azab yang sangat pedih.	bumi	http://www.wikidata.org/entity/Q2	AstronomicalBody
5	36	Sesungguhnya orang-orang yang kufur, seandainya memiliki segala apa yang ada di bumi dan ditambah (lagi) dengan sebanyak itu untuk menebus diri mereka dari azab hari Kiamat, niscaya semua (tebusan) itu tidak akan diterima dari mereka. Bagi mereka azab yang sangat pedih.	hari Kiamat	http://www.wikidata.org/entity/Q12200906	Event
5	37	Mereka ingin keluar dari neraka, tetapi tidak akan dapat keluar dari sana. Bagi mereka azab yang kekal.			
5	38	Laki-laki maupun perempuan yang mencuri, potonglah tangan keduanya sebagai balasan atas perbuatan yang mereka lakukan dan sebagai siksaan dari Allah. Allah Maha Perkasa lagi Maha Bijaksana.	Allah	http://www.wikidata.org/entity/Q2095353	Allah
5	38	Laki-laki maupun perempuan yang mencuri, potonglah tangan keduanya sebagai balasan atas perbuatan yang mereka lakukan dan sebagai siksaan dari Allah. Allah Maha Perkasa lagi Maha Bijaksana.	Allah	http://www.wikidata.org/entity/Q2095353	Allah
5	39	Maka, siapa yang bertobat setelah melakukan kezaliman dan memperbaiki diri, sesungguhnya Allah menerima tobatnya. Sesungguhnya Allah Maha Pengampun lagi Maha Penyayang.	Allah	http://www.wikidata.org/entity/Q2095353	Allah
5	39	Maka, siapa yang bertobat setelah melakukan kezaliman dan memperbaiki diri, sesungguhnya Allah menerima tobatnya. Sesungguhnya Allah Maha Pengampun lagi Maha Penyayang.	Allah	http://www.wikidata.org/entity/Q2095353	Allah
5	40	Tidakkah engkau tahu bahwa sesungguhnya milik Allahlah kerajaan langit dan bumi? Dia menyiksa siapa yang Dia kehendaki dan mengampuni siapa yang Dia kehendaki. Allah Maha Kuasa atas segala sesuatu.	langit	http://www.wikidata.org/entity/Q527	AstronomicalBody
5	40	Tidakkah engkau tahu bahwa sesungguhnya milik Allahlah kerajaan langit dan bumi? Dia menyiksa siapa yang Dia kehendaki dan mengampuni siapa yang Dia kehendaki. Allah Maha Kuasa atas segala sesuatu.	bumi	http://www.wikidata.org/entity/Q2	AstronomicalBody
5	40	Tidakkah engkau tahu bahwa sesungguhnya milik Allahlah kerajaan langit dan bumi? Dia menyiksa siapa yang Dia kehendaki dan mengampuni siapa yang Dia kehendaki. Allah Maha Kuasa atas segala sesuatu.	Allah	http://www.wikidata.org/entity/Q2095353	Allah
5	41	Wahai Rasul (Muhammad), janganlah engkau disedihkan oleh orang-orang yang bersegera dalam kekufuran, yaitu orang-orang (munafik) yang mengatakan dengan mulut mereka, “Kami telah beriman,” padahal hati mereka belum beriman, dan juga orang-orang Yahudi. (Mereka adalah) orang-orang yang sangat suka mendengar (berita-berita) bohong lagi sangat suka mendengar (perkataan-perkataan) orang lain yang belum pernah datang kepadamu. Mereka mengubah firman-firman (Allah) setelah berada di tempat-tempat yang (sebenar)-nya. Mereka mengatakan, “Jika ini yang diberikan kepada kamu, terimalah. Jika kamu diberi yang bukan ini, hati-hatilah.” Siapa yang dikehendaki Allah kesesatannya, maka sekali-kali engkau tidak akan mampu menolak sesuatu pun dari Allah. Mereka itu adalah orang-orang yang Allah tidak hendak menyucikan hati mereka. Di dunia mereka mendapat kehinaan dan di akhirat akan mendapat azab yang sangat berat.	Muhammad	http://www.wikidata.org/entity/Q9458	Messenger
5	41	Wahai Rasul (Muhammad), janganlah engkau disedihkan oleh orang-orang yang bersegera dalam kekufuran, yaitu orang-orang (munafik) yang mengatakan dengan mulut mereka, “Kami telah beriman,” padahal hati mereka belum beriman, dan juga orang-orang Yahudi. (Mereka adalah) orang-orang yang sangat suka mendengar (berita-berita) bohong lagi sangat suka mendengar (perkataan-perkataan) orang lain yang belum pernah datang kepadamu. Mereka mengubah firman-firman (Allah) setelah berada di tempat-tempat yang (sebenar)-nya. Mereka mengatakan, “Jika ini yang diberikan kepada kamu, terimalah. Jika kamu diberi yang bukan ini, hati-hatilah.” Siapa yang dikehendaki Allah kesesatannya, maka sekali-kali engkau tidak akan mampu menolak sesuatu pun dari Allah. Mereka itu adalah orang-orang yang Allah tidak hendak menyucikan hati mereka. Di dunia mereka mendapat kehinaan dan di akhirat akan mendapat azab yang sangat berat.	orang-orang Yahudi	http://www.wikidata.org/entity/Q7325	Person
5	41	Wahai Rasul (Muhammad), janganlah engkau disedihkan oleh orang-orang yang bersegera dalam kekufuran, yaitu orang-orang (munafik) yang mengatakan dengan mulut mereka, “Kami telah beriman,” padahal hati mereka belum beriman, dan juga orang-orang Yahudi. (Mereka adalah) orang-orang yang sangat suka mendengar (berita-berita) bohong lagi sangat suka mendengar (perkataan-perkataan) orang lain yang belum pernah datang kepadamu. Mereka mengubah firman-firman (Allah) setelah berada di tempat-tempat yang (sebenar)-nya. Mereka mengatakan, “Jika ini yang diberikan kepada kamu, terimalah. Jika kamu diberi yang bukan ini, hati-hatilah.” Siapa yang dikehendaki Allah kesesatannya, maka sekali-kali engkau tidak akan mampu menolak sesuatu pun dari Allah. Mereka itu adalah orang-orang yang Allah tidak hendak menyucikan hati mereka. Di dunia mereka mendapat kehinaan dan di akhirat akan mendapat azab yang sangat berat.	Allah	http://www.wikidata.org/entity/Q2095353	Allah
5	41	Wahai Rasul (Muhammad), janganlah engkau disedihkan oleh orang-orang yang bersegera dalam kekufuran, yaitu orang-orang (munafik) yang mengatakan dengan mulut mereka, “Kami telah beriman,” padahal hati mereka belum beriman, dan juga orang-orang Yahudi. (Mereka adalah) orang-orang yang sangat suka mendengar (berita-berita) bohong lagi sangat suka mendengar (perkataan-perkataan) orang lain yang belum pernah datang kepadamu. Mereka mengubah firman-firman (Allah) setelah berada di tempat-tempat yang (sebenar)-nya. Mereka mengatakan, “Jika ini yang diberikan kepada kamu, terimalah. Jika kamu diberi yang bukan ini, hati-hatilah.” Siapa yang dikehendaki Allah kesesatannya, maka sekali-kali engkau tidak akan mampu menolak sesuatu pun dari Allah. Mereka itu adalah orang-orang yang Allah tidak hendak menyucikan hati mereka. Di dunia mereka mendapat kehinaan dan di akhirat akan mendapat azab yang sangat berat.	Allah	http://www.wikidata.org/entity/Q2095353	Allah
5	41	Wahai Rasul (Muhammad), janganlah engkau disedihkan oleh orang-orang yang bersegera dalam kekufuran, yaitu orang-orang (munafik) yang mengatakan dengan mulut mereka, “Kami telah beriman,” padahal hati mereka belum beriman, dan juga orang-orang Yahudi. (Mereka adalah) orang-orang yang sangat suka mendengar (berita-berita) bohong lagi sangat suka mendengar (perkataan-perkataan) orang lain yang belum pernah datang kepadamu. Mereka mengubah firman-firman (Allah) setelah berada di tempat-tempat yang (sebenar)-nya. Mereka mengatakan, “Jika ini yang diberikan kepada kamu, terimalah. Jika kamu diberi yang bukan ini, hati-hatilah.” Siapa yang dikehendaki Allah kesesatannya, maka sekali-kali engkau tidak akan mampu menolak sesuatu pun dari Allah. Mereka itu adalah orang-orang yang Allah tidak hendak menyucikan hati mereka. Di dunia mereka mendapat kehinaan dan di akhirat akan mendapat azab yang sangat berat.	Allah	http://www.wikidata.org/entity/Q2095353	Allah
5	41	Wahai Rasul (Muhammad), janganlah engkau disedihkan oleh orang-orang yang bersegera dalam kekufuran, yaitu orang-orang (munafik) yang mengatakan dengan mulut mereka, “Kami telah beriman,” padahal hati mereka belum beriman, dan juga orang-orang Yahudi. (Mereka adalah) orang-orang yang sangat suka mendengar (berita-berita) bohong lagi sangat suka mendengar (perkataan-perkataan) orang lain yang belum pernah datang kepadamu. Mereka mengubah firman-firman (Allah) setelah berada di tempat-tempat yang (sebenar)-nya. Mereka mengatakan, “Jika ini yang diberikan kepada kamu, terimalah. Jika kamu diberi yang bukan ini, hati-hatilah.” Siapa yang dikehendaki Allah kesesatannya, maka sekali-kali engkau tidak akan mampu menolak sesuatu pun dari Allah. Mereka itu adalah orang-orang yang Allah tidak hendak menyucikan hati mereka. Di dunia mereka mendapat kehinaan dan di akhirat akan mendapat azab yang sangat berat.	Allah	http://www.wikidata.org/entity/Q2095353	Allah
5	42	Mereka (orang-orang Yahudi itu) sangat suka mendengar berita bohong lagi banyak memakan makanan yang haram. Maka, jika mereka datang kepadamu (Nabi Muhammad untuk meminta putusan), berilah putusan di antara mereka atau berpalinglah dari mereka. Jika engkau berpaling, mereka tidak akan membahayakanmu sedikit pun. Akan tetapi, jika engkau memutuskan (perkara mereka), putuskanlah dengan adil. Sesungguhnya Allah menyukai orang-orang yang adil.	orang-orang Yahudi	http://www.wikidata.org/entity/Q7325	Person
5	42	Mereka (orang-orang Yahudi itu) sangat suka mendengar berita bohong lagi banyak memakan makanan yang haram. Maka, jika mereka datang kepadamu (Nabi Muhammad untuk meminta putusan), berilah putusan di antara mereka atau berpalinglah dari mereka. Jika engkau berpaling, mereka tidak akan membahayakanmu sedikit pun. Akan tetapi, jika engkau memutuskan (perkara mereka), putuskanlah dengan adil. Sesungguhnya Allah menyukai orang-orang yang adil.	Muhammad	http://www.wikidata.org/entity/Q9458	Messenger
5	42	Mereka (orang-orang Yahudi itu) sangat suka mendengar berita bohong lagi banyak memakan makanan yang haram. Maka, jika mereka datang kepadamu (Nabi Muhammad untuk meminta putusan), berilah putusan di antara mereka atau berpalinglah dari mereka. Jika engkau berpaling, mereka tidak akan membahayakanmu sedikit pun. Akan tetapi, jika engkau memutuskan (perkara mereka), putuskanlah dengan adil. Sesungguhnya Allah menyukai orang-orang yang adil.	Allah	http://www.wikidata.org/entity/Q2095353	Allah
5	43	Bagaimana mereka menjadikanmu sebagai hakim mereka, sedangkan mereka mempunyai Taurat yang di dalamnya (ada) hukum Allah, kemudian mereka berpaling (dari putusanmu) setelah itu? Mereka benar-benar bukanlah orang-orang mukmin.	Taurat	http://www.wikidata.org/entity/Q2383104	HolyBook
5	43	Bagaimana mereka menjadikanmu sebagai hakim mereka, sedangkan mereka mempunyai Taurat yang di dalamnya (ada) hukum Allah, kemudian mereka berpaling (dari putusanmu) setelah itu? Mereka benar-benar bukanlah orang-orang mukmin.	Allah	http://www.wikidata.org/entity/Q2095353	Allah
5	44	Sesungguhnya Kami telah menurunkan Taurat. Di dalamnya ada petunjuk dan cahaya. Dengannya para nabi, yang berserah diri (kepada Allah), memberi putusan atas perkara orang Yahudi. Demikian pula para rabi dan ulama-ulama mereka (juga memberi putusan) sebab mereka diperintahkan (oleh Allah untuk) menjaga kitab Allah dan mereka merupakan saksi-saksi terhadapnya. Oleh karena itu, janganlah kamu takut kepada manusia, (tetapi) takutlah kepada-Ku. Janganlah kamu menukar ayat-ayat-Ku dengan harga yang murah. Siapa yang tidak memutuskan (suatu urusan) menurut ketentuan yang diturunkan Allah, maka mereka itulah orang-orang kafir.	Taurat	http://www.wikidata.org/entity/Q2383104	HolyBook
5	44	Sesungguhnya Kami telah menurunkan Taurat. Di dalamnya ada petunjuk dan cahaya. Dengannya para nabi, yang berserah diri (kepada Allah), memberi putusan atas perkara orang Yahudi. Demikian pula para rabi dan ulama-ulama mereka (juga memberi putusan) sebab mereka diperintahkan (oleh Allah untuk) menjaga kitab Allah dan mereka merupakan saksi-saksi terhadapnya. Oleh karena itu, janganlah kamu takut kepada manusia, (tetapi) takutlah kepada-Ku. Janganlah kamu menukar ayat-ayat-Ku dengan harga yang murah. Siapa yang tidak memutuskan (suatu urusan) menurut ketentuan yang diturunkan Allah, maka mereka itulah orang-orang kafir.	Allah	http://www.wikidata.org/entity/Q2095353	Allah
5	44	Sesungguhnya Kami telah menurunkan Taurat. Di dalamnya ada petunjuk dan cahaya. Dengannya para nabi, yang berserah diri (kepada Allah), memberi putusan atas perkara orang Yahudi. Demikian pula para rabi dan ulama-ulama mereka (juga memberi putusan) sebab mereka diperintahkan (oleh Allah untuk) menjaga kitab Allah dan mereka merupakan saksi-saksi terhadapnya. Oleh karena itu, janganlah kamu takut kepada manusia, (tetapi) takutlah kepada-Ku. Janganlah kamu menukar ayat-ayat-Ku dengan harga yang murah. Siapa yang tidak memutuskan (suatu urusan) menurut ketentuan yang diturunkan Allah, maka mereka itulah orang-orang kafir.	orang Yahudi	http://www.wikidata.org/entity/Q7325	Person
5	44	Sesungguhnya Kami telah menurunkan Taurat. Di dalamnya ada petunjuk dan cahaya. Dengannya para nabi, yang berserah diri (kepada Allah), memberi putusan atas perkara orang Yahudi. Demikian pula para rabi dan ulama-ulama mereka (juga memberi putusan) sebab mereka diperintahkan (oleh Allah untuk) menjaga kitab Allah dan mereka merupakan saksi-saksi terhadapnya. Oleh karena itu, janganlah kamu takut kepada manusia, (tetapi) takutlah kepada-Ku. Janganlah kamu menukar ayat-ayat-Ku dengan harga yang murah. Siapa yang tidak memutuskan (suatu urusan) menurut ketentuan yang diturunkan Allah, maka mereka itulah orang-orang kafir.	Allah	http://www.wikidata.org/entity/Q2095353	Allah
5	44	Sesungguhnya Kami telah menurunkan Taurat. Di dalamnya ada petunjuk dan cahaya. Dengannya para nabi, yang berserah diri (kepada Allah), memberi putusan atas perkara orang Yahudi. Demikian pula para rabi dan ulama-ulama mereka (juga memberi putusan) sebab mereka diperintahkan (oleh Allah untuk) menjaga kitab Allah dan mereka merupakan saksi-saksi terhadapnya. Oleh karena itu, janganlah kamu takut kepada manusia, (tetapi) takutlah kepada-Ku. Janganlah kamu menukar ayat-ayat-Ku dengan harga yang murah. Siapa yang tidak memutuskan (suatu urusan) menurut ketentuan yang diturunkan Allah, maka mereka itulah orang-orang kafir.	Allah	http://www.wikidata.org/entity/Q2095353	Allah
5	44	Sesungguhnya Kami telah menurunkan Taurat. Di dalamnya ada petunjuk dan cahaya. Dengannya para nabi, yang berserah diri (kepada Allah), memberi putusan atas perkara orang Yahudi. Demikian pula para rabi dan ulama-ulama mereka (juga memberi putusan) sebab mereka diperintahkan (oleh Allah untuk) menjaga kitab Allah dan mereka merupakan saksi-saksi terhadapnya. Oleh karena itu, janganlah kamu takut kepada manusia, (tetapi) takutlah kepada-Ku. Janganlah kamu menukar ayat-ayat-Ku dengan harga yang murah. Siapa yang tidak memutuskan (suatu urusan) menurut ketentuan yang diturunkan Allah, maka mereka itulah orang-orang kafir.	Allah	http://www.wikidata.org/entity/Q2095353	Allah
5	45	Kami telah menetapkan bagi mereka (Bani Israil) di dalamnya (Taurat) bahwa nyawa (dibalas) dengan nyawa, mata dengan mata, hidung dengan hidung, telinga dengan telinga, gigi dengan gigi, dan luka-luka (pun) ada kisasnya (balasan yang sama). Siapa yang melepaskan (hak kisasnya), maka itu (menjadi) penebus dosa baginya. Siapa yang tidak memutuskan (suatu urusan) menurut ketentuan yang diturunkan Allah, maka mereka itulah orang-orang zalim.	Bani Israil	http://www.wikidata.org/entity/Q2605404	Person
5	45	Kami telah menetapkan bagi mereka (Bani Israil) di dalamnya (Taurat) bahwa nyawa (dibalas) dengan nyawa, mata dengan mata, hidung dengan hidung, telinga dengan telinga, gigi dengan gigi, dan luka-luka (pun) ada kisasnya (balasan yang sama). Siapa yang melepaskan (hak kisasnya), maka itu (menjadi) penebus dosa baginya. Siapa yang tidak memutuskan (suatu urusan) menurut ketentuan yang diturunkan Allah, maka mereka itulah orang-orang zalim.	Taurat	http://www.wikidata.org/entity/Q2383104	HolyBook
5	45	Kami telah menetapkan bagi mereka (Bani Israil) di dalamnya (Taurat) bahwa nyawa (dibalas) dengan nyawa, mata dengan mata, hidung dengan hidung, telinga dengan telinga, gigi dengan gigi, dan luka-luka (pun) ada kisasnya (balasan yang sama). Siapa yang melepaskan (hak kisasnya), maka itu (menjadi) penebus dosa baginya. Siapa yang tidak memutuskan (suatu urusan) menurut ketentuan yang diturunkan Allah, maka mereka itulah orang-orang zalim.	Allah	http://www.wikidata.org/entity/Q2095353	Allah
5	46	Kami meneruskan jejak mereka (para nabi Bani Israil) dengan (mengutus) Isa putra Maryam yang membenarkan apa (kitab suci) yang sebelumnya, yaitu Taurat. Kami menurunkan Injil kepadanya (yang) di dalamnya terdapat petunjuk dan cahaya; yang membenarkan kitab suci yang sebelumnya, yaitu Taurat; dan menjadi petunjuk serta pengajaran bagi orang-orang yang bertakwa.	Bani Israil	http://www.wikidata.org/entity/Q2605404	Person
5	46	Kami meneruskan jejak mereka (para nabi Bani Israil) dengan (mengutus) Isa putra Maryam yang membenarkan apa (kitab suci) yang sebelumnya, yaitu Taurat. Kami menurunkan Injil kepadanya (yang) di dalamnya terdapat petunjuk dan cahaya; yang membenarkan kitab suci yang sebelumnya, yaitu Taurat; dan menjadi petunjuk serta pengajaran bagi orang-orang yang bertakwa.	Isa putra Maryam	http://www.wikidata.org/entity/Q51664	Messenger
5	46	Kami meneruskan jejak mereka (para nabi Bani Israil) dengan (mengutus) Isa putra Maryam yang membenarkan apa (kitab suci) yang sebelumnya, yaitu Taurat. Kami menurunkan Injil kepadanya (yang) di dalamnya terdapat petunjuk dan cahaya; yang membenarkan kitab suci yang sebelumnya, yaitu Taurat; dan menjadi petunjuk serta pengajaran bagi orang-orang yang bertakwa.	Taurat	http://www.wikidata.org/entity/Q2383104	HolyBook
5	46	Kami meneruskan jejak mereka (para nabi Bani Israil) dengan (mengutus) Isa putra Maryam yang membenarkan apa (kitab suci) yang sebelumnya, yaitu Taurat. Kami menurunkan Injil kepadanya (yang) di dalamnya terdapat petunjuk dan cahaya; yang membenarkan kitab suci yang sebelumnya, yaitu Taurat; dan menjadi petunjuk serta pengajaran bagi orang-orang yang bertakwa.	Injil	http://www.wikidata.org/entity/Q1762323	HolyBook
5	46	Kami meneruskan jejak mereka (para nabi Bani Israil) dengan (mengutus) Isa putra Maryam yang membenarkan apa (kitab suci) yang sebelumnya, yaitu Taurat. Kami menurunkan Injil kepadanya (yang) di dalamnya terdapat petunjuk dan cahaya; yang membenarkan kitab suci yang sebelumnya, yaitu Taurat; dan menjadi petunjuk serta pengajaran bagi orang-orang yang bertakwa.	Taurat	http://www.wikidata.org/entity/Q2383104	HolyBook
5	47	Hendaklah pengikut Injil memutuskan (urusan) menurut apa yang diturunkan Allah di dalamnya. Siapa yang tidak memutuskan (suatu urusan) menurut ketentuan yang diturunkan Allah, maka mereka itulah orang-orang fasik.	pengikut Injil	http://www.wikidata.org/entity/Q106039	Person
5	47	Hendaklah pengikut Injil memutuskan (urusan) menurut apa yang diturunkan Allah di dalamnya. Siapa yang tidak memutuskan (suatu urusan) menurut ketentuan yang diturunkan Allah, maka mereka itulah orang-orang fasik.	Allah	http://www.wikidata.org/entity/Q2095353	Allah
5	47	Hendaklah pengikut Injil memutuskan (urusan) menurut apa yang diturunkan Allah di dalamnya. Siapa yang tidak memutuskan (suatu urusan) menurut ketentuan yang diturunkan Allah, maka mereka itulah orang-orang fasik.	Allah	http://www.wikidata.org/entity/Q2095353	Allah
5	48	Kami telah menurunkan kitab suci (Al-Qur’an) kepadamu (Nabi Muhammad) dengan (membawa) kebenaran sebagai pembenar kitab-kitab yang diturunkan sebelumnya dan sebagai penjaganya (acuan kebenaran terhadapnya). Maka, putuskanlah (perkara) mereka menurut aturan yang diturunkan Allah dan janganlah engkau mengikuti hawa nafsu mereka dengan (meninggalkan) kebenaran yang telah datang kepadamu. Untuk setiap umat di antara kamu Kami berikan aturan dan jalan yang terang. Seandainya Allah menghendaki, niscaya Dia menjadikanmu satu umat (saja). Akan tetapi, Allah hendak mengujimu tentang karunia yang telah Dia anugerahkan kepadamu. Maka, berlomba-lombalah dalam berbuat kebaikan. Hanya kepada Allah kamu semua kembali, lalu Dia memberitahukan kepadamu apa yang selama ini kamu perselisihkan.	Al-Qur’an	http://www.wikidata.org/entity/Q428	HolyBook
5	48	Kami telah menurunkan kitab suci (Al-Qur’an) kepadamu (Nabi Muhammad) dengan (membawa) kebenaran sebagai pembenar kitab-kitab yang diturunkan sebelumnya dan sebagai penjaganya (acuan kebenaran terhadapnya). Maka, putuskanlah (perkara) mereka menurut aturan yang diturunkan Allah dan janganlah engkau mengikuti hawa nafsu mereka dengan (meninggalkan) kebenaran yang telah datang kepadamu. Untuk setiap umat di antara kamu Kami berikan aturan dan jalan yang terang. Seandainya Allah menghendaki, niscaya Dia menjadikanmu satu umat (saja). Akan tetapi, Allah hendak mengujimu tentang karunia yang telah Dia anugerahkan kepadamu. Maka, berlomba-lombalah dalam berbuat kebaikan. Hanya kepada Allah kamu semua kembali, lalu Dia memberitahukan kepadamu apa yang selama ini kamu perselisihkan.	Muhammad	http://www.wikidata.org/entity/Q9458	Messenger
5	48	Kami telah menurunkan kitab suci (Al-Qur’an) kepadamu (Nabi Muhammad) dengan (membawa) kebenaran sebagai pembenar kitab-kitab yang diturunkan sebelumnya dan sebagai penjaganya (acuan kebenaran terhadapnya). Maka, putuskanlah (perkara) mereka menurut aturan yang diturunkan Allah dan janganlah engkau mengikuti hawa nafsu mereka dengan (meninggalkan) kebenaran yang telah datang kepadamu. Untuk setiap umat di antara kamu Kami berikan aturan dan jalan yang terang. Seandainya Allah menghendaki, niscaya Dia menjadikanmu satu umat (saja). Akan tetapi, Allah hendak mengujimu tentang karunia yang telah Dia anugerahkan kepadamu. Maka, berlomba-lombalah dalam berbuat kebaikan. Hanya kepada Allah kamu semua kembali, lalu Dia memberitahukan kepadamu apa yang selama ini kamu perselisihkan.	Allah	http://www.wikidata.org/entity/Q2095353	Allah
5	48	Kami telah menurunkan kitab suci (Al-Qur’an) kepadamu (Nabi Muhammad) dengan (membawa) kebenaran sebagai pembenar kitab-kitab yang diturunkan sebelumnya dan sebagai penjaganya (acuan kebenaran terhadapnya). Maka, putuskanlah (perkara) mereka menurut aturan yang diturunkan Allah dan janganlah engkau mengikuti hawa nafsu mereka dengan (meninggalkan) kebenaran yang telah datang kepadamu. Untuk setiap umat di antara kamu Kami berikan aturan dan jalan yang terang. Seandainya Allah menghendaki, niscaya Dia menjadikanmu satu umat (saja). Akan tetapi, Allah hendak mengujimu tentang karunia yang telah Dia anugerahkan kepadamu. Maka, berlomba-lombalah dalam berbuat kebaikan. Hanya kepada Allah kamu semua kembali, lalu Dia memberitahukan kepadamu apa yang selama ini kamu perselisihkan.	Allah	http://www.wikidata.org/entity/Q2095353	Allah
5	48	Kami telah menurunkan kitab suci (Al-Qur’an) kepadamu (Nabi Muhammad) dengan (membawa) kebenaran sebagai pembenar kitab-kitab yang diturunkan sebelumnya dan sebagai penjaganya (acuan kebenaran terhadapnya). Maka, putuskanlah (perkara) mereka menurut aturan yang diturunkan Allah dan janganlah engkau mengikuti hawa nafsu mereka dengan (meninggalkan) kebenaran yang telah datang kepadamu. Untuk setiap umat di antara kamu Kami berikan aturan dan jalan yang terang. Seandainya Allah menghendaki, niscaya Dia menjadikanmu satu umat (saja). Akan tetapi, Allah hendak mengujimu tentang karunia yang telah Dia anugerahkan kepadamu. Maka, berlomba-lombalah dalam berbuat kebaikan. Hanya kepada Allah kamu semua kembali, lalu Dia memberitahukan kepadamu apa yang selama ini kamu perselisihkan.	Allah	http://www.wikidata.org/entity/Q2095353	Allah
5	48	Kami telah menurunkan kitab suci (Al-Qur’an) kepadamu (Nabi Muhammad) dengan (membawa) kebenaran sebagai pembenar kitab-kitab yang diturunkan sebelumnya dan sebagai penjaganya (acuan kebenaran terhadapnya). Maka, putuskanlah (perkara) mereka menurut aturan yang diturunkan Allah dan janganlah engkau mengikuti hawa nafsu mereka dengan (meninggalkan) kebenaran yang telah datang kepadamu. Untuk setiap umat di antara kamu Kami berikan aturan dan jalan yang terang. Seandainya Allah menghendaki, niscaya Dia menjadikanmu satu umat (saja). Akan tetapi, Allah hendak mengujimu tentang karunia yang telah Dia anugerahkan kepadamu. Maka, berlomba-lombalah dalam berbuat kebaikan. Hanya kepada Allah kamu semua kembali, lalu Dia memberitahukan kepadamu apa yang selama ini kamu perselisihkan.	Allah	http://www.wikidata.org/entity/Q2095353	Allah
5	49	Hendaklah engkau memutuskan (urusan) di antara mereka menurut aturan yang diturunkan Allah dan janganlah engkau mengikuti hawa nafsu mereka. Waspadailah mereka agar mereka tidak dapat memperdayakan engkau untuk meninggalkan sebagian apa yang telah diturunkan Allah kepadamu. Jika mereka berpaling (dari hukum yang telah diturunkan Allah), ketahuilah bahwa sesungguhnya Allah berkehendak menimpakan musibah kepada mereka disebabkan sebagian dosa-dosa mereka. Sesungguhnya banyak dari manusia adalah orang-orang yang fasik.	Allah	http://www.wikidata.org/entity/Q2095353	Allah
5	49	Hendaklah engkau memutuskan (urusan) di antara mereka menurut aturan yang diturunkan Allah dan janganlah engkau mengikuti hawa nafsu mereka. Waspadailah mereka agar mereka tidak dapat memperdayakan engkau untuk meninggalkan sebagian apa yang telah diturunkan Allah kepadamu. Jika mereka berpaling (dari hukum yang telah diturunkan Allah), ketahuilah bahwa sesungguhnya Allah berkehendak menimpakan musibah kepada mereka disebabkan sebagian dosa-dosa mereka. Sesungguhnya banyak dari manusia adalah orang-orang yang fasik.	Allah	http://www.wikidata.org/entity/Q2095353	Allah
5	49	Hendaklah engkau memutuskan (urusan) di antara mereka menurut aturan yang diturunkan Allah dan janganlah engkau mengikuti hawa nafsu mereka. Waspadailah mereka agar mereka tidak dapat memperdayakan engkau untuk meninggalkan sebagian apa yang telah diturunkan Allah kepadamu. Jika mereka berpaling (dari hukum yang telah diturunkan Allah), ketahuilah bahwa sesungguhnya Allah berkehendak menimpakan musibah kepada mereka disebabkan sebagian dosa-dosa mereka. Sesungguhnya banyak dari manusia adalah orang-orang yang fasik.	Allah	http://www.wikidata.org/entity/Q2095353	Allah
5	49	Hendaklah engkau memutuskan (urusan) di antara mereka menurut aturan yang diturunkan Allah dan janganlah engkau mengikuti hawa nafsu mereka. Waspadailah mereka agar mereka tidak dapat memperdayakan engkau untuk meninggalkan sebagian apa yang telah diturunkan Allah kepadamu. Jika mereka berpaling (dari hukum yang telah diturunkan Allah), ketahuilah bahwa sesungguhnya Allah berkehendak menimpakan musibah kepada mereka disebabkan sebagian dosa-dosa mereka. Sesungguhnya banyak dari manusia adalah orang-orang yang fasik.	Allah	http://www.wikidata.org/entity/Q2095353	Allah
5	50	Apakah hukum jahiliah yang mereka kehendaki? (Hukum) siapakah yang lebih baik daripada (hukum) Allah bagi orang-orang yang meyakini (agamanya)?	Allah	http://www.wikidata.org/entity/Q2095353	Allah
5	52	Maka, kamu akan melihat orang-orang yang hatinya berpenyakit segera mendekati mereka (Yahudi dan Nasrani) seraya berkata, “Kami takut akan tertimpa mara bahaya.” Mudah-mudahan Allah akan mendatangkan kemenangan (kepada Rasul-Nya) atau suatu keputusan dari sisi-Nya sehingga mereka menyesali apa yang mereka rahasiakan dalam diri mereka.	Yahudi	http://www.wikidata.org/entity/Q7325	Religion
5	52	Maka, kamu akan melihat orang-orang yang hatinya berpenyakit segera mendekati mereka (Yahudi dan Nasrani) seraya berkata, “Kami takut akan tertimpa mara bahaya.” Mudah-mudahan Allah akan mendatangkan kemenangan (kepada Rasul-Nya) atau suatu keputusan dari sisi-Nya sehingga mereka menyesali apa yang mereka rahasiakan dalam diri mereka.	Nasrani	http://www.wikidata.org/entity/Q106039	Religion
5	52	Maka, kamu akan melihat orang-orang yang hatinya berpenyakit segera mendekati mereka (Yahudi dan Nasrani) seraya berkata, “Kami takut akan tertimpa mara bahaya.” Mudah-mudahan Allah akan mendatangkan kemenangan (kepada Rasul-Nya) atau suatu keputusan dari sisi-Nya sehingga mereka menyesali apa yang mereka rahasiakan dalam diri mereka.	Allah	http://www.wikidata.org/entity/Q2095353	Allah
5	53	Orang-orang yang beriman akan berkata, “Inikah orang yang bersumpah dengan (nama) Allah secara sungguh-sungguh bahwa mereka benar-benar beserta kamu?” Segala amal mereka menjadi sia-sia sehingga mereka menjadi orang-orang yang rugi.	Allah	http://www.wikidata.org/entity/Q2095353	Allah
5	54	Wahai orang-orang yang beriman, siapa di antara kamu yang murtad dari agamanya, maka Allah akan mendatangkan suatu kaum yang Dia mencintai mereka dan mereka pun mencintai-Nya, yang bersikap lemah lembut terhadap orang-orang mukmin dan bersikap tegas terhadap orang-orang kafir. Mereka berjihad di jalan Allah dan tidak takut pada celaan orang yang mencela. Itulah karunia Allah yang diberikan-Nya kepada siapa yang Dia kehendaki. Allah Maha Luas (pemberian-Nya) lagi Maha Mengetahui.	Allah	http://www.wikidata.org/entity/Q2095353	Allah
5	54	Wahai orang-orang yang beriman, siapa di antara kamu yang murtad dari agamanya, maka Allah akan mendatangkan suatu kaum yang Dia mencintai mereka dan mereka pun mencintai-Nya, yang bersikap lemah lembut terhadap orang-orang mukmin dan bersikap tegas terhadap orang-orang kafir. Mereka berjihad di jalan Allah dan tidak takut pada celaan orang yang mencela. Itulah karunia Allah yang diberikan-Nya kepada siapa yang Dia kehendaki. Allah Maha Luas (pemberian-Nya) lagi Maha Mengetahui.	Allah	http://www.wikidata.org/entity/Q2095353	Allah
5	54	Wahai orang-orang yang beriman, siapa di antara kamu yang murtad dari agamanya, maka Allah akan mendatangkan suatu kaum yang Dia mencintai mereka dan mereka pun mencintai-Nya, yang bersikap lemah lembut terhadap orang-orang mukmin dan bersikap tegas terhadap orang-orang kafir. Mereka berjihad di jalan Allah dan tidak takut pada celaan orang yang mencela. Itulah karunia Allah yang diberikan-Nya kepada siapa yang Dia kehendaki. Allah Maha Luas (pemberian-Nya) lagi Maha Mengetahui.	Allah	http://www.wikidata.org/entity/Q2095353	Allah
5	54	Wahai orang-orang yang beriman, siapa di antara kamu yang murtad dari agamanya, maka Allah akan mendatangkan suatu kaum yang Dia mencintai mereka dan mereka pun mencintai-Nya, yang bersikap lemah lembut terhadap orang-orang mukmin dan bersikap tegas terhadap orang-orang kafir. Mereka berjihad di jalan Allah dan tidak takut pada celaan orang yang mencela. Itulah karunia Allah yang diberikan-Nya kepada siapa yang Dia kehendaki. Allah Maha Luas (pemberian-Nya) lagi Maha Mengetahui.	Allah	http://www.wikidata.org/entity/Q2095353	Allah
5	56	Siapa yang menjadikan Allah, Rasul-Nya, dan orang-orang yang beriman sebagai penolongnya, sesungguhnya para pengikut Allah itulah yang akan menjadi pemenang.	Allah	http://www.wikidata.org/entity/Q2095353	Allah
5	56	Siapa yang menjadikan Allah, Rasul-Nya, dan orang-orang yang beriman sebagai penolongnya, sesungguhnya para pengikut Allah itulah yang akan menjadi pemenang.	pengikut Allah	http://www.wikidata.org/entity/Q12485813	Person
5	57	Wahai orang-orang yang beriman, janganlah kamu menjadikan orang-orang yang menjadikan agamamu bahan ejekan dan permainan, (yaitu) di antara orang-orang yang telah diberi kitab suci sebelummu dan orang-orang kafir, sebagai teman setia(-mu). Bertakwalah kepada Allah jika kamu orang-orang mukmin.	Allah	http://www.wikidata.org/entity/Q2095353	Allah
5	58	Apabila kamu menyeru untuk (melaksanakan) salat, mereka menjadikannya bahan ejekan dan permainan. Yang demikian itu adalah karena sesungguhnya mereka orang-orang yang tidak mengerti.			
5	60	Katakanlah (Nabi Muhammad), “Apakah akan aku beritakan kepadamu tentang sesuatu yang lebih buruk pembalasannya daripada itu di sisi Allah? (Yaitu balasan) orang yang dilaknat dan dimurkai Allah (yang) di antara mereka Dia jadikan kera dan babi. (Di antara mereka ada pula yang) menyembah Tagut.” Mereka itu lebih buruk tempatnya dan lebih tersesat dari jalan yang lurus.	Muhammad	http://www.wikidata.org/entity/Q9458	Messenger
5	60	Katakanlah (Nabi Muhammad), “Apakah akan aku beritakan kepadamu tentang sesuatu yang lebih buruk pembalasannya daripada itu di sisi Allah? (Yaitu balasan) orang yang dilaknat dan dimurkai Allah (yang) di antara mereka Dia jadikan kera dan babi. (Di antara mereka ada pula yang) menyembah Tagut.” Mereka itu lebih buruk tempatnya dan lebih tersesat dari jalan yang lurus.	Allah	http://www.wikidata.org/entity/Q2095353	Allah
5	60	Katakanlah (Nabi Muhammad), “Apakah akan aku beritakan kepadamu tentang sesuatu yang lebih buruk pembalasannya daripada itu di sisi Allah? (Yaitu balasan) orang yang dilaknat dan dimurkai Allah (yang) di antara mereka Dia jadikan kera dan babi. (Di antara mereka ada pula yang) menyembah Tagut.” Mereka itu lebih buruk tempatnya dan lebih tersesat dari jalan yang lurus.	Allah	http://www.wikidata.org/entity/Q2095353	Allah
5	61	Apabila (Ahlulkitab yang munafik) datang kepadamu, mereka berkata, “Kami telah beriman,” padahal mereka datang dengan kekufuran dan mereka pergi (juga) dengannya (kekufuran). Allah lebih mengetahui apa yang selalu mereka sembunyikan.	Ahlulkitab	http://www.wikidata.org/entity/Q216565	Person
5	61	Apabila (Ahlulkitab yang munafik) datang kepadamu, mereka berkata, “Kami telah beriman,” padahal mereka datang dengan kekufuran dan mereka pergi (juga) dengannya (kekufuran). Allah lebih mengetahui apa yang selalu mereka sembunyikan.	Allah	http://www.wikidata.org/entity/Q2095353	Allah
5	62	Kamu akan melihat banyak di antara mereka (Ahlulkitab) berlomba-lomba dalam perbuatan dosa, permusuhan, dan memakan (makanan) yang haram. Sungguh, itulah seburuk-buruk apa yang selalu mereka kerjakan.	Ahlulkitab	http://www.wikidata.org/entity/Q216565	Person
5	64	Orang-orang Yahudi berkata, “Tangan Allah terbelenggu (kikir).” Sebenarnya tangan merekalah yang dibelenggu. Mereka dilaknat disebabkan apa yang telah mereka katakan. Sebaliknya, kedua tangan-Nya terbuka (Maha Pemurah). Dia memberi rezeki sebagaimana Dia kehendaki. (Al-Qur’an) yang diturunkan kepadamu dari Tuhanmu itu pasti akan menambah kedurhakaan dan kekufuran bagi kebanyakan mereka. Kami timbulkan permusuhan dan kebencian di antara mereka sampai hari Kiamat. Setiap kali mereka menyalakan api peperangan, Allah memadamkannya. Mereka berusaha (menimbulkan) kerusakan di bumi. Allah tidak menyukai orang-orang yang berbuat kerusakan.	Orang-orang Yahudi	http://www.wikidata.org/entity/Q7325	Person
5	64	Orang-orang Yahudi berkata, “Tangan Allah terbelenggu (kikir).” Sebenarnya tangan merekalah yang dibelenggu. Mereka dilaknat disebabkan apa yang telah mereka katakan. Sebaliknya, kedua tangan-Nya terbuka (Maha Pemurah). Dia memberi rezeki sebagaimana Dia kehendaki. (Al-Qur’an) yang diturunkan kepadamu dari Tuhanmu itu pasti akan menambah kedurhakaan dan kekufuran bagi kebanyakan mereka. Kami timbulkan permusuhan dan kebencian di antara mereka sampai hari Kiamat. Setiap kali mereka menyalakan api peperangan, Allah memadamkannya. Mereka berusaha (menimbulkan) kerusakan di bumi. Allah tidak menyukai orang-orang yang berbuat kerusakan.	Allah	http://www.wikidata.org/entity/Q2095353	Allah
5	64	Orang-orang Yahudi berkata, “Tangan Allah terbelenggu (kikir).” Sebenarnya tangan merekalah yang dibelenggu. Mereka dilaknat disebabkan apa yang telah mereka katakan. Sebaliknya, kedua tangan-Nya terbuka (Maha Pemurah). Dia memberi rezeki sebagaimana Dia kehendaki. (Al-Qur’an) yang diturunkan kepadamu dari Tuhanmu itu pasti akan menambah kedurhakaan dan kekufuran bagi kebanyakan mereka. Kami timbulkan permusuhan dan kebencian di antara mereka sampai hari Kiamat. Setiap kali mereka menyalakan api peperangan, Allah memadamkannya. Mereka berusaha (menimbulkan) kerusakan di bumi. Allah tidak menyukai orang-orang yang berbuat kerusakan.	Al-Qur’an	http://www.wikidata.org/entity/Q428	HolyBook
5	64	Orang-orang Yahudi berkata, “Tangan Allah terbelenggu (kikir).” Sebenarnya tangan merekalah yang dibelenggu. Mereka dilaknat disebabkan apa yang telah mereka katakan. Sebaliknya, kedua tangan-Nya terbuka (Maha Pemurah). Dia memberi rezeki sebagaimana Dia kehendaki. (Al-Qur’an) yang diturunkan kepadamu dari Tuhanmu itu pasti akan menambah kedurhakaan dan kekufuran bagi kebanyakan mereka. Kami timbulkan permusuhan dan kebencian di antara mereka sampai hari Kiamat. Setiap kali mereka menyalakan api peperangan, Allah memadamkannya. Mereka berusaha (menimbulkan) kerusakan di bumi. Allah tidak menyukai orang-orang yang berbuat kerusakan.	hari Kiamat	http://www.wikidata.org/entity/Q12200906	Event
5	64	Orang-orang Yahudi berkata, “Tangan Allah terbelenggu (kikir).” Sebenarnya tangan merekalah yang dibelenggu. Mereka dilaknat disebabkan apa yang telah mereka katakan. Sebaliknya, kedua tangan-Nya terbuka (Maha Pemurah). Dia memberi rezeki sebagaimana Dia kehendaki. (Al-Qur’an) yang diturunkan kepadamu dari Tuhanmu itu pasti akan menambah kedurhakaan dan kekufuran bagi kebanyakan mereka. Kami timbulkan permusuhan dan kebencian di antara mereka sampai hari Kiamat. Setiap kali mereka menyalakan api peperangan, Allah memadamkannya. Mereka berusaha (menimbulkan) kerusakan di bumi. Allah tidak menyukai orang-orang yang berbuat kerusakan.	Allah	http://www.wikidata.org/entity/Q2095353	Allah
5	64	Orang-orang Yahudi berkata, “Tangan Allah terbelenggu (kikir).” Sebenarnya tangan merekalah yang dibelenggu. Mereka dilaknat disebabkan apa yang telah mereka katakan. Sebaliknya, kedua tangan-Nya terbuka (Maha Pemurah). Dia memberi rezeki sebagaimana Dia kehendaki. (Al-Qur’an) yang diturunkan kepadamu dari Tuhanmu itu pasti akan menambah kedurhakaan dan kekufuran bagi kebanyakan mereka. Kami timbulkan permusuhan dan kebencian di antara mereka sampai hari Kiamat. Setiap kali mereka menyalakan api peperangan, Allah memadamkannya. Mereka berusaha (menimbulkan) kerusakan di bumi. Allah tidak menyukai orang-orang yang berbuat kerusakan.	bumi	http://www.wikidata.org/entity/Q2	AstronomicalBody
5	64	Orang-orang Yahudi berkata, “Tangan Allah terbelenggu (kikir).” Sebenarnya tangan merekalah yang dibelenggu. Mereka dilaknat disebabkan apa yang telah mereka katakan. Sebaliknya, kedua tangan-Nya terbuka (Maha Pemurah). Dia memberi rezeki sebagaimana Dia kehendaki. (Al-Qur’an) yang diturunkan kepadamu dari Tuhanmu itu pasti akan menambah kedurhakaan dan kekufuran bagi kebanyakan mereka. Kami timbulkan permusuhan dan kebencian di antara mereka sampai hari Kiamat. Setiap kali mereka menyalakan api peperangan, Allah memadamkannya. Mereka berusaha (menimbulkan) kerusakan di bumi. Allah tidak menyukai orang-orang yang berbuat kerusakan.	Allah	http://www.wikidata.org/entity/Q2095353	Allah
5	67	Wahai Rasul, sampaikanlah apa yang diturunkan Tuhanmu kepadamu. Jika engkau tidak melakukan (apa yang diperintahkan itu), berarti engkau tidak menyampaikan risalah-Nya. Allah menjaga engkau dari (gangguan) manusia. Sesungguhnya Allah tidak memberi petunjuk kepada kaum yang kafir.	Allah	http://www.wikidata.org/entity/Q2095353	Allah
5	67	Wahai Rasul, sampaikanlah apa yang diturunkan Tuhanmu kepadamu. Jika engkau tidak melakukan (apa yang diperintahkan itu), berarti engkau tidak menyampaikan risalah-Nya. Allah menjaga engkau dari (gangguan) manusia. Sesungguhnya Allah tidak memberi petunjuk kepada kaum yang kafir.	Allah	http://www.wikidata.org/entity/Q2095353	Allah
5	68	Katakanlah (Nabi Muhammad), “Wahai Ahlulkitab, kamu tidak menganut sesuatu pun (agama yang benar) hingga kamu menegakkan ajaran-ajaran Taurat, Injil, dan (Al-Qur’an) yang diturunkan Tuhanmu kepadamu.” Apa yang diturunkan Tuhanmu kepadamu pasti akan membuat banyak di antara mereka lebih durhaka dan ingkar. Maka, janganlah engkau bersedih terhadap kaum yang kafir itu.	Muhammad	http://www.wikidata.org/entity/Q9458	Messenger
5	68	Katakanlah (Nabi Muhammad), “Wahai Ahlulkitab, kamu tidak menganut sesuatu pun (agama yang benar) hingga kamu menegakkan ajaran-ajaran Taurat, Injil, dan (Al-Qur’an) yang diturunkan Tuhanmu kepadamu.” Apa yang diturunkan Tuhanmu kepadamu pasti akan membuat banyak di antara mereka lebih durhaka dan ingkar. Maka, janganlah engkau bersedih terhadap kaum yang kafir itu.	Ahlulkitab	http://www.wikidata.org/entity/Q216565	Person
5	68	Katakanlah (Nabi Muhammad), “Wahai Ahlulkitab, kamu tidak menganut sesuatu pun (agama yang benar) hingga kamu menegakkan ajaran-ajaran Taurat, Injil, dan (Al-Qur’an) yang diturunkan Tuhanmu kepadamu.” Apa yang diturunkan Tuhanmu kepadamu pasti akan membuat banyak di antara mereka lebih durhaka dan ingkar. Maka, janganlah engkau bersedih terhadap kaum yang kafir itu.	Taurat	http://www.wikidata.org/entity/Q2383104	HolyBook
5	68	Katakanlah (Nabi Muhammad), “Wahai Ahlulkitab, kamu tidak menganut sesuatu pun (agama yang benar) hingga kamu menegakkan ajaran-ajaran Taurat, Injil, dan (Al-Qur’an) yang diturunkan Tuhanmu kepadamu.” Apa yang diturunkan Tuhanmu kepadamu pasti akan membuat banyak di antara mereka lebih durhaka dan ingkar. Maka, janganlah engkau bersedih terhadap kaum yang kafir itu.	Injil	http://www.wikidata.org/entity/Q1762323	HolyBook
5	68	Katakanlah (Nabi Muhammad), “Wahai Ahlulkitab, kamu tidak menganut sesuatu pun (agama yang benar) hingga kamu menegakkan ajaran-ajaran Taurat, Injil, dan (Al-Qur’an) yang diturunkan Tuhanmu kepadamu.” Apa yang diturunkan Tuhanmu kepadamu pasti akan membuat banyak di antara mereka lebih durhaka dan ingkar. Maka, janganlah engkau bersedih terhadap kaum yang kafir itu.	Al-Qur’an	http://www.wikidata.org/entity/Q428	HolyBook
5	69	Sesungguhnya orang-orang yang beriman, orang-orang Yahudi, Sabiin, dan Nasrani, siapa yang beriman kepada Allah, hari Akhir, dan beramal saleh, tidak ada rasa takut yang menimpa mereka dan mereka pun tidak bersedih.	orang-orang Yahudi	http://www.wikidata.org/entity/Q7325	Person
5	69	Sesungguhnya orang-orang yang beriman, orang-orang Yahudi, Sabiin, dan Nasrani, siapa yang beriman kepada Allah, hari Akhir, dan beramal saleh, tidak ada rasa takut yang menimpa mereka dan mereka pun tidak bersedih.	Sabiin	http://www.wikidata.org/entity/Q2144747	Person
5	69	Sesungguhnya orang-orang yang beriman, orang-orang Yahudi, Sabiin, dan Nasrani, siapa yang beriman kepada Allah, hari Akhir, dan beramal saleh, tidak ada rasa takut yang menimpa mereka dan mereka pun tidak bersedih.	Nasrani	http://www.wikidata.org/entity/Q106039	Religion
5	69	Sesungguhnya orang-orang yang beriman, orang-orang Yahudi, Sabiin, dan Nasrani, siapa yang beriman kepada Allah, hari Akhir, dan beramal saleh, tidak ada rasa takut yang menimpa mereka dan mereka pun tidak bersedih.	Allah	http://www.wikidata.org/entity/Q2095353	Allah
5	69	Sesungguhnya orang-orang yang beriman, orang-orang Yahudi, Sabiin, dan Nasrani, siapa yang beriman kepada Allah, hari Akhir, dan beramal saleh, tidak ada rasa takut yang menimpa mereka dan mereka pun tidak bersedih.	hari Akhir	http://www.wikidata.org/entity/Q12200906	Event
5	70	Sungguh, Kami benar-benar telah mengambil perjanjian dari Bani Israil dan telah mengutus rasul-rasul kepada mereka. Setiap kali rasul datang kepada mereka dengan membawa apa yang tidak sesuai dengan hawa nafsu mereka, sebagian (dari rasul itu) mereka dustakan dan sebagian yang lain mereka bunuh.	Bani Israil	http://www.wikidata.org/entity/Q2605404	Person
5	71	Mereka mengira bahwa tidak akan terjadi fitnah (azab akibat dosa-dosa mereka). Oleh karena itu, mereka menjadi buta dan tuli. Setelah itu Allah menerima tobat mereka, kemudian banyak di antara mereka buta dan tuli (lagi). Allah Maha Melihat apa yang mereka kerjakan.	Allah	http://www.wikidata.org/entity/Q2095353	Allah
5	71	Mereka mengira bahwa tidak akan terjadi fitnah (azab akibat dosa-dosa mereka). Oleh karena itu, mereka menjadi buta dan tuli. Setelah itu Allah menerima tobat mereka, kemudian banyak di antara mereka buta dan tuli (lagi). Allah Maha Melihat apa yang mereka kerjakan.	Allah	http://www.wikidata.org/entity/Q2095353	Allah
5	72	Sungguh, telah kufur orang-orang yang berkata, “Sesungguhnya Allah itulah Almasih putra Maryam.” Almasih (sendiri) berkata, “Wahai Bani Israil, sembahlah Allah, Tuhanku dan Tuhanmu!” Sesungguhnya siapa yang mempersekutukan (sesuatu dengan) Allah, maka sungguh, Allah mengharamkan surga baginya dan tempatnya ialah neraka. Tidak ada seorang penolong pun bagi orang-orang zalim itu.	Allah	http://www.wikidata.org/entity/Q2095353	Allah
5	72	Sungguh, telah kufur orang-orang yang berkata, “Sesungguhnya Allah itulah Almasih putra Maryam.” Almasih (sendiri) berkata, “Wahai Bani Israil, sembahlah Allah, Tuhanku dan Tuhanmu!” Sesungguhnya siapa yang mempersekutukan (sesuatu dengan) Allah, maka sungguh, Allah mengharamkan surga baginya dan tempatnya ialah neraka. Tidak ada seorang penolong pun bagi orang-orang zalim itu.	Almasih putra Maryam	http://www.wikidata.org/entity/Q51664	Person
5	72	Sungguh, telah kufur orang-orang yang berkata, “Sesungguhnya Allah itulah Almasih putra Maryam.” Almasih (sendiri) berkata, “Wahai Bani Israil, sembahlah Allah, Tuhanku dan Tuhanmu!” Sesungguhnya siapa yang mempersekutukan (sesuatu dengan) Allah, maka sungguh, Allah mengharamkan surga baginya dan tempatnya ialah neraka. Tidak ada seorang penolong pun bagi orang-orang zalim itu.	Almasih	http://www.wikidata.org/entity/Q51664	Person
5	72	Sungguh, telah kufur orang-orang yang berkata, “Sesungguhnya Allah itulah Almasih putra Maryam.” Almasih (sendiri) berkata, “Wahai Bani Israil, sembahlah Allah, Tuhanku dan Tuhanmu!” Sesungguhnya siapa yang mempersekutukan (sesuatu dengan) Allah, maka sungguh, Allah mengharamkan surga baginya dan tempatnya ialah neraka. Tidak ada seorang penolong pun bagi orang-orang zalim itu.	Bani Israil	http://www.wikidata.org/entity/Q2605404	Person
5	72	Sungguh, telah kufur orang-orang yang berkata, “Sesungguhnya Allah itulah Almasih putra Maryam.” Almasih (sendiri) berkata, “Wahai Bani Israil, sembahlah Allah, Tuhanku dan Tuhanmu!” Sesungguhnya siapa yang mempersekutukan (sesuatu dengan) Allah, maka sungguh, Allah mengharamkan surga baginya dan tempatnya ialah neraka. Tidak ada seorang penolong pun bagi orang-orang zalim itu.	Allah	http://www.wikidata.org/entity/Q2095353	Allah
5	72	Sungguh, telah kufur orang-orang yang berkata, “Sesungguhnya Allah itulah Almasih putra Maryam.” Almasih (sendiri) berkata, “Wahai Bani Israil, sembahlah Allah, Tuhanku dan Tuhanmu!” Sesungguhnya siapa yang mempersekutukan (sesuatu dengan) Allah, maka sungguh, Allah mengharamkan surga baginya dan tempatnya ialah neraka. Tidak ada seorang penolong pun bagi orang-orang zalim itu.	Allah	http://www.wikidata.org/entity/Q2095353	Allah
5	72	Sungguh, telah kufur orang-orang yang berkata, “Sesungguhnya Allah itulah Almasih putra Maryam.” Almasih (sendiri) berkata, “Wahai Bani Israil, sembahlah Allah, Tuhanku dan Tuhanmu!” Sesungguhnya siapa yang mempersekutukan (sesuatu dengan) Allah, maka sungguh, Allah mengharamkan surga baginya dan tempatnya ialah neraka. Tidak ada seorang penolong pun bagi orang-orang zalim itu.	Allah	http://www.wikidata.org/entity/Q2095353	Allah
5	74	Tidakkah mereka bertobat kepada Allah dan memohon ampunan kepada-Nya, padahal Allah Maha Pengampun lagi Maha Penyayang?	Allah	http://www.wikidata.org/entity/Q2095353	Allah
5	74	Tidakkah mereka bertobat kepada Allah dan memohon ampunan kepada-Nya, padahal Allah Maha Pengampun lagi Maha Penyayang?	Allah	http://www.wikidata.org/entity/Q2095353	Allah
5	77	Katakanlah (Nabi Muhammad), “Wahai Ahlulkitab, janganlah kamu berlebih-lebihan dalam (urusan) agamamu tanpa hak. Janganlah kamu mengikuti hawa nafsu kaum yang benar-benar tersesat sebelum kamu dan telah menyesatkan banyak (manusia) serta mereka sendiri pun tersesat dari jalan yang lurus.”	Muhammad	http://www.wikidata.org/entity/Q9458	Messenger
5	77	Katakanlah (Nabi Muhammad), “Wahai Ahlulkitab, janganlah kamu berlebih-lebihan dalam (urusan) agamamu tanpa hak. Janganlah kamu mengikuti hawa nafsu kaum yang benar-benar tersesat sebelum kamu dan telah menyesatkan banyak (manusia) serta mereka sendiri pun tersesat dari jalan yang lurus.”	Ahlulkitab	http://www.wikidata.org/entity/Q216565	Person
5	78	Orang-orang yang kufur dari Bani Israil telah dilaknat (oleh Allah) melalui lisan (ucapan) Daud dan Isa putra Maryam. Hal itu karena mereka durhaka dan selalu melampaui batas.	Bani Israil	http://www.wikidata.org/entity/Q2605404	Person
5	78	Orang-orang yang kufur dari Bani Israil telah dilaknat (oleh Allah) melalui lisan (ucapan) Daud dan Isa putra Maryam. Hal itu karena mereka durhaka dan selalu melampaui batas.	Allah	http://www.wikidata.org/entity/Q2095353	Allah
5	78	Orang-orang yang kufur dari Bani Israil telah dilaknat (oleh Allah) melalui lisan (ucapan) Daud dan Isa putra Maryam. Hal itu karena mereka durhaka dan selalu melampaui batas.	Daud	http://www.wikidata.org/entity/Q1257863	Messenger
5	78	Orang-orang yang kufur dari Bani Israil telah dilaknat (oleh Allah) melalui lisan (ucapan) Daud dan Isa putra Maryam. Hal itu karena mereka durhaka dan selalu melampaui batas.	Isa putra Maryam	http://www.wikidata.org/entity/Q51664	Messenger
5	81	Seandainya mereka beriman kepada Allah, Nabi (Muhammad), dan apa yang diturunkan kepadanya, niscaya mereka tidak akan menjadikan orang musyrik itu sebagai sekutu. Akan tetapi, banyak di antara mereka adalah orang-orang fasik.	Allah	http://www.wikidata.org/entity/Q2095353	Allah
5	81	Seandainya mereka beriman kepada Allah, Nabi (Muhammad), dan apa yang diturunkan kepadanya, niscaya mereka tidak akan menjadikan orang musyrik itu sebagai sekutu. Akan tetapi, banyak di antara mereka adalah orang-orang fasik.	Muhammad	http://www.wikidata.org/entity/Q9458	Messenger
5	82	Pasti akan engkau dapati orang yang paling keras permusuhannya terhadap orang-orang yang beriman, yaitu orang-orang Yahudi dan orang-orang musyrik. Pasti akan engkau dapati pula orang yang paling dekat persahabatannya dengan orang-orang yang beriman, yaitu orang-orang yang berkata, “Sesungguhnya kami adalah orang Nasrani.” Hal itu karena di antara mereka terdapat para pendeta dan rahib, juga karena mereka tidak menyombongkan diri.	orang-orang Yahudi	http://www.wikidata.org/entity/Q7325	Person
5	82	Pasti akan engkau dapati orang yang paling keras permusuhannya terhadap orang-orang yang beriman, yaitu orang-orang Yahudi dan orang-orang musyrik. Pasti akan engkau dapati pula orang yang paling dekat persahabatannya dengan orang-orang yang beriman, yaitu orang-orang yang berkata, “Sesungguhnya kami adalah orang Nasrani.” Hal itu karena di antara mereka terdapat para pendeta dan rahib, juga karena mereka tidak menyombongkan diri.	orang Nasrani	http://www.wikidata.org/entity/Q106039	Person
5	83	Apabila mereka mendengar sesuatu (Al-Qur’an) yang diturunkan kepada Rasul (Nabi Muhammad), engkau melihat mata mereka bercucuran air mata disebabkan kebenaran yang telah mereka ketahui (dari kitab-kitab mereka sendiri). Mereka berkata, “Ya Tuhan kami, kami telah beriman. Maka, catatlah kami bersama orang-orang yang menjadi saksi (atas kebenaran Al-Qur’an dan kenabian Muhammad).	Al-Qur’an	http://www.wikidata.org/entity/Q428	HolyBook
5	83	Apabila mereka mendengar sesuatu (Al-Qur’an) yang diturunkan kepada Rasul (Nabi Muhammad), engkau melihat mata mereka bercucuran air mata disebabkan kebenaran yang telah mereka ketahui (dari kitab-kitab mereka sendiri). Mereka berkata, “Ya Tuhan kami, kami telah beriman. Maka, catatlah kami bersama orang-orang yang menjadi saksi (atas kebenaran Al-Qur’an dan kenabian Muhammad).	Muhammad	http://www.wikidata.org/entity/Q9458	Messenger
5	83	Apabila mereka mendengar sesuatu (Al-Qur’an) yang diturunkan kepada Rasul (Nabi Muhammad), engkau melihat mata mereka bercucuran air mata disebabkan kebenaran yang telah mereka ketahui (dari kitab-kitab mereka sendiri). Mereka berkata, “Ya Tuhan kami, kami telah beriman. Maka, catatlah kami bersama orang-orang yang menjadi saksi (atas kebenaran Al-Qur’an dan kenabian Muhammad).	Al-Qur’an	http://www.wikidata.org/entity/Q428	HolyBook
5	83	Apabila mereka mendengar sesuatu (Al-Qur’an) yang diturunkan kepada Rasul (Nabi Muhammad), engkau melihat mata mereka bercucuran air mata disebabkan kebenaran yang telah mereka ketahui (dari kitab-kitab mereka sendiri). Mereka berkata, “Ya Tuhan kami, kami telah beriman. Maka, catatlah kami bersama orang-orang yang menjadi saksi (atas kebenaran Al-Qur’an dan kenabian Muhammad).	Muhammad	http://www.wikidata.org/entity/Q9458	Messenger
5	84	Mengapa kami tidak beriman kepada Allah dan kebenaran yang telah datang kepada kami, padahal kami sangat ingin agar Tuhan kami memasukkan kami bersama kaum yang saleh?”	Allah	http://www.wikidata.org/entity/Q2095353	Allah
5	85	Maka, Allah memberi pahala kepada mereka atas sesuatu yang telah mereka ucapkan, (yaitu) surga yang mengalir di bawahnya sungai-sungai, sedang mereka kekal di dalamnya. Itulah balasan (bagi) orang-orang yang berbuat kebaikan.	Allah	http://www.wikidata.org/entity/Q2095353	Allah
5	86	Adapun orang-orang yang kufur dan mendustakan ayat-ayat Kami, mereka itulah penghuni (neraka) Jahim.			
5	87	Wahai orang-orang yang beriman, janganlah kamu mengharamkan sesuatu yang baik yang telah Allah halalkan bagi kamu, dan janganlah kamu melampaui batas. Sesungguhnya Allah tidak menyukai orang-orang yang melampaui batas.	Allah	http://www.wikidata.org/entity/Q2095353	Allah
5	87	Wahai orang-orang yang beriman, janganlah kamu mengharamkan sesuatu yang baik yang telah Allah halalkan bagi kamu, dan janganlah kamu melampaui batas. Sesungguhnya Allah tidak menyukai orang-orang yang melampaui batas.	Allah	http://www.wikidata.org/entity/Q2095353	Allah
5	88	Makanlah apa yang telah Allah anugerahkan kepadamu sebagai rezeki yang halal lagi baik, dan bertakwalah kepada Allah yang hanya kepada-Nya kamu beriman.	Allah	http://www.wikidata.org/entity/Q2095353	Allah
5	88	Makanlah apa yang telah Allah anugerahkan kepadamu sebagai rezeki yang halal lagi baik, dan bertakwalah kepada Allah yang hanya kepada-Nya kamu beriman.	Allah	http://www.wikidata.org/entity/Q2095353	Allah
5	89	Allah tidak menghukum kamu disebabkan sumpah-sumpahmu yang tidak disengaja (untuk bersumpah), tetapi Dia menghukum kamu disebabkan sumpah-sumpah yang kamu sengaja. Maka, kafaratnya (denda akibat melanggar sumpah) ialah memberi makan sepuluh orang miskin dari makanan yang (biasa) kamu berikan kepada keluargamu, memberi pakaian kepada mereka, atau memerdekakan seorang hamba sahaya. Siapa yang tidak mampu melakukannya, maka (kafaratnya) berpuasa tiga hari. Itulah kafarat sumpah-sumpahmu apabila kamu bersumpah (dan kamu melanggarnya). Jagalah sumpah-sumpahmu! Demikianlah Allah menjelaskan kepadamu hukum-hukum-Nya agar kamu bersyukur (kepada-Nya).	Allah	http://www.wikidata.org/entity/Q2095353	Allah
5	89	Allah tidak menghukum kamu disebabkan sumpah-sumpahmu yang tidak disengaja (untuk bersumpah), tetapi Dia menghukum kamu disebabkan sumpah-sumpah yang kamu sengaja. Maka, kafaratnya (denda akibat melanggar sumpah) ialah memberi makan sepuluh orang miskin dari makanan yang (biasa) kamu berikan kepada keluargamu, memberi pakaian kepada mereka, atau memerdekakan seorang hamba sahaya. Siapa yang tidak mampu melakukannya, maka (kafaratnya) berpuasa tiga hari. Itulah kafarat sumpah-sumpahmu apabila kamu bersumpah (dan kamu melanggarnya). Jagalah sumpah-sumpahmu! Demikianlah Allah menjelaskan kepadamu hukum-hukum-Nya agar kamu bersyukur (kepada-Nya).	Allah	http://www.wikidata.org/entity/Q2095353	Allah
5	90	Wahai orang-orang yang beriman, sesungguhnya minuman keras, berjudi, (berkurban untuk) berhala, dan mengundi nasib dengan anak panah adalah perbuatan keji (dan) termasuk perbuatan setan. Maka, jauhilah (perbuatan-perbuatan) itu agar kamu beruntung.			
5	91	Sesungguhnya setan hanya bermaksud menimbulkan permusuhan dan kebencian di antara kamu melalui minuman keras dan judi serta (bermaksud) menghalangi kamu dari mengingat Allah dan (melaksanakan) salat, maka tidakkah kamu mau berhenti?	Allah	http://www.wikidata.org/entity/Q2095353	Allah
5	92	Taatlah kamu kepada Allah dan taatlah kamu kepada Rasul serta berhati-hatilah! Jika kamu berpaling, maka ketahuilah bahwa kewajiban Rasul Kami hanyalah menyampaikan (ajaran Allah) dengan jelas.	Allah	http://www.wikidata.org/entity/Q2095353	Allah
5	92	Taatlah kamu kepada Allah dan taatlah kamu kepada Rasul serta berhati-hatilah! Jika kamu berpaling, maka ketahuilah bahwa kewajiban Rasul Kami hanyalah menyampaikan (ajaran Allah) dengan jelas.	Allah	http://www.wikidata.org/entity/Q2095353	Allah
5	93	Tidak ada dosa bagi orang-orang yang beriman dan mengerjakan amal-amal saleh menyangkut sesuatu yang telah mereka makan (dahulu sebelum turunnya aturan yang mengharamkan), apabila mereka bertakwa dan beriman, serta mengerjakan amal-amal saleh, kemudian mereka (tetap) bertakwa dan beriman, selanjutnya mereka (tetap juga) bertakwa dan berbuat kebajikan. Allah menyukai orang-orang yang berbuat kebajikan.	Allah	http://www.wikidata.org/entity/Q2095353	Allah
5	94	Wahai orang-orang yang beriman, sungguh Allah pasti akan mengujimu dengan sesuatu dari hewan buruan yang (mudah) didapat oleh tangan dan tombakmu agar Allah mengetahui siapa yang takut kepada-Nya, meskipun Dia gaib. Siapa yang melanggar (batas) setelah itu, baginya azab yang pedih.	Allah	http://www.wikidata.org/entity/Q2095353	Allah
5	94	Wahai orang-orang yang beriman, sungguh Allah pasti akan mengujimu dengan sesuatu dari hewan buruan yang (mudah) didapat oleh tangan dan tombakmu agar Allah mengetahui siapa yang takut kepada-Nya, meskipun Dia gaib. Siapa yang melanggar (batas) setelah itu, baginya azab yang pedih.	Allah	http://www.wikidata.org/entity/Q2095353	Allah
5	95	Wahai orang-orang yang beriman, janganlah kamu membunuh hewan buruan, ketika kamu sedang berihram (haji atau umrah). Siapa di antara kamu membunuhnya dengan sengaja, dendanya (ialah menggantinya) dengan hewan ternak yang sepadan dengan (hewan buruan) yang dibunuhnya menurut putusan dua orang yang adil di antara kamu sebagai hadyu (hewan kurban) yang (dibawa) sampai ke Ka‘bah atau (membayar) kafarat dengan memberi makan orang-orang miskin atau berpuasa, seimbang dengan makanan yang dikeluarkan itu, agar dia merasakan akibat buruk dari perbuatannya. Allah telah memaafkan perbuatan yang telah lalu. Siapa kembali mengerjakannya, pasti Allah akan menyiksanya. Allah Maha Perkasa lagi Maha Memiliki (kekuasaan) untuk membalas.	haji	http://www.wikidata.org/entity/Q234915	Event
5	95	Wahai orang-orang yang beriman, janganlah kamu membunuh hewan buruan, ketika kamu sedang berihram (haji atau umrah). Siapa di antara kamu membunuhnya dengan sengaja, dendanya (ialah menggantinya) dengan hewan ternak yang sepadan dengan (hewan buruan) yang dibunuhnya menurut putusan dua orang yang adil di antara kamu sebagai hadyu (hewan kurban) yang (dibawa) sampai ke Ka‘bah atau (membayar) kafarat dengan memberi makan orang-orang miskin atau berpuasa, seimbang dengan makanan yang dikeluarkan itu, agar dia merasakan akibat buruk dari perbuatannya. Allah telah memaafkan perbuatan yang telah lalu. Siapa kembali mengerjakannya, pasti Allah akan menyiksanya. Allah Maha Perkasa lagi Maha Memiliki (kekuasaan) untuk membalas.	umrah	http://www.wikidata.org/entity/Q640480	Event
5	95	Wahai orang-orang yang beriman, janganlah kamu membunuh hewan buruan, ketika kamu sedang berihram (haji atau umrah). Siapa di antara kamu membunuhnya dengan sengaja, dendanya (ialah menggantinya) dengan hewan ternak yang sepadan dengan (hewan buruan) yang dibunuhnya menurut putusan dua orang yang adil di antara kamu sebagai hadyu (hewan kurban) yang (dibawa) sampai ke Ka‘bah atau (membayar) kafarat dengan memberi makan orang-orang miskin atau berpuasa, seimbang dengan makanan yang dikeluarkan itu, agar dia merasakan akibat buruk dari perbuatannya. Allah telah memaafkan perbuatan yang telah lalu. Siapa kembali mengerjakannya, pasti Allah akan menyiksanya. Allah Maha Perkasa lagi Maha Memiliki (kekuasaan) untuk membalas.	Ka‘bah	http://www.wikidata.org/entity/Q29466	Artifact
5	95	Wahai orang-orang yang beriman, janganlah kamu membunuh hewan buruan, ketika kamu sedang berihram (haji atau umrah). Siapa di antara kamu membunuhnya dengan sengaja, dendanya (ialah menggantinya) dengan hewan ternak yang sepadan dengan (hewan buruan) yang dibunuhnya menurut putusan dua orang yang adil di antara kamu sebagai hadyu (hewan kurban) yang (dibawa) sampai ke Ka‘bah atau (membayar) kafarat dengan memberi makan orang-orang miskin atau berpuasa, seimbang dengan makanan yang dikeluarkan itu, agar dia merasakan akibat buruk dari perbuatannya. Allah telah memaafkan perbuatan yang telah lalu. Siapa kembali mengerjakannya, pasti Allah akan menyiksanya. Allah Maha Perkasa lagi Maha Memiliki (kekuasaan) untuk membalas.	Allah	http://www.wikidata.org/entity/Q2095353	Allah
5	95	Wahai orang-orang yang beriman, janganlah kamu membunuh hewan buruan, ketika kamu sedang berihram (haji atau umrah). Siapa di antara kamu membunuhnya dengan sengaja, dendanya (ialah menggantinya) dengan hewan ternak yang sepadan dengan (hewan buruan) yang dibunuhnya menurut putusan dua orang yang adil di antara kamu sebagai hadyu (hewan kurban) yang (dibawa) sampai ke Ka‘bah atau (membayar) kafarat dengan memberi makan orang-orang miskin atau berpuasa, seimbang dengan makanan yang dikeluarkan itu, agar dia merasakan akibat buruk dari perbuatannya. Allah telah memaafkan perbuatan yang telah lalu. Siapa kembali mengerjakannya, pasti Allah akan menyiksanya. Allah Maha Perkasa lagi Maha Memiliki (kekuasaan) untuk membalas.	Allah	http://www.wikidata.org/entity/Q2095353	Allah
5	95	Wahai orang-orang yang beriman, janganlah kamu membunuh hewan buruan, ketika kamu sedang berihram (haji atau umrah). Siapa di antara kamu membunuhnya dengan sengaja, dendanya (ialah menggantinya) dengan hewan ternak yang sepadan dengan (hewan buruan) yang dibunuhnya menurut putusan dua orang yang adil di antara kamu sebagai hadyu (hewan kurban) yang (dibawa) sampai ke Ka‘bah atau (membayar) kafarat dengan memberi makan orang-orang miskin atau berpuasa, seimbang dengan makanan yang dikeluarkan itu, agar dia merasakan akibat buruk dari perbuatannya. Allah telah memaafkan perbuatan yang telah lalu. Siapa kembali mengerjakannya, pasti Allah akan menyiksanya. Allah Maha Perkasa lagi Maha Memiliki (kekuasaan) untuk membalas.	Allah	http://www.wikidata.org/entity/Q2095353	Allah
5	97	Allah telah menjadikan Ka‘bah, rumah suci itu sebagai pusat kegiatan (peribadatan dan urusan dunia) bagi manusia, dan (demikian pula) bulan haram, hadyu (hewan kurban) dan qalā’id (hewan kurban yang diberi kalung). Yang demikian itu agar kamu mengetahui bahwa sesungguhnya Allah mengetahui apa pun yang ada di langit dan apa pun yang ada di bumi dan bahwa Allah Maha Mengetahui segala sesuatu.	Allah	http://www.wikidata.org/entity/Q2095353	Allah
5	97	Allah telah menjadikan Ka‘bah, rumah suci itu sebagai pusat kegiatan (peribadatan dan urusan dunia) bagi manusia, dan (demikian pula) bulan haram, hadyu (hewan kurban) dan qalā’id (hewan kurban yang diberi kalung). Yang demikian itu agar kamu mengetahui bahwa sesungguhnya Allah mengetahui apa pun yang ada di langit dan apa pun yang ada di bumi dan bahwa Allah Maha Mengetahui segala sesuatu.	Ka‘bah	http://www.wikidata.org/entity/Q29466	Artifact
5	97	Allah telah menjadikan Ka‘bah, rumah suci itu sebagai pusat kegiatan (peribadatan dan urusan dunia) bagi manusia, dan (demikian pula) bulan haram, hadyu (hewan kurban) dan qalā’id (hewan kurban yang diberi kalung). Yang demikian itu agar kamu mengetahui bahwa sesungguhnya Allah mengetahui apa pun yang ada di langit dan apa pun yang ada di bumi dan bahwa Allah Maha Mengetahui segala sesuatu.	bulan	http://www.wikidata.org/entity/Q405	AstronomicalBody
5	97	Allah telah menjadikan Ka‘bah, rumah suci itu sebagai pusat kegiatan (peribadatan dan urusan dunia) bagi manusia, dan (demikian pula) bulan haram, hadyu (hewan kurban) dan qalā’id (hewan kurban yang diberi kalung). Yang demikian itu agar kamu mengetahui bahwa sesungguhnya Allah mengetahui apa pun yang ada di langit dan apa pun yang ada di bumi dan bahwa Allah Maha Mengetahui segala sesuatu.	Allah	http://www.wikidata.org/entity/Q2095353	Allah
5	97	Allah telah menjadikan Ka‘bah, rumah suci itu sebagai pusat kegiatan (peribadatan dan urusan dunia) bagi manusia, dan (demikian pula) bulan haram, hadyu (hewan kurban) dan qalā’id (hewan kurban yang diberi kalung). Yang demikian itu agar kamu mengetahui bahwa sesungguhnya Allah mengetahui apa pun yang ada di langit dan apa pun yang ada di bumi dan bahwa Allah Maha Mengetahui segala sesuatu.	langit	http://www.wikidata.org/entity/Q527	AstronomicalBody
5	97	Allah telah menjadikan Ka‘bah, rumah suci itu sebagai pusat kegiatan (peribadatan dan urusan dunia) bagi manusia, dan (demikian pula) bulan haram, hadyu (hewan kurban) dan qalā’id (hewan kurban yang diberi kalung). Yang demikian itu agar kamu mengetahui bahwa sesungguhnya Allah mengetahui apa pun yang ada di langit dan apa pun yang ada di bumi dan bahwa Allah Maha Mengetahui segala sesuatu.	bumi	http://www.wikidata.org/entity/Q2	AstronomicalBody
5	97	Allah telah menjadikan Ka‘bah, rumah suci itu sebagai pusat kegiatan (peribadatan dan urusan dunia) bagi manusia, dan (demikian pula) bulan haram, hadyu (hewan kurban) dan qalā’id (hewan kurban yang diberi kalung). Yang demikian itu agar kamu mengetahui bahwa sesungguhnya Allah mengetahui apa pun yang ada di langit dan apa pun yang ada di bumi dan bahwa Allah Maha Mengetahui segala sesuatu.	Allah	http://www.wikidata.org/entity/Q2095353	Allah
5	98	Ketahuilah bahwa Allah sangat keras hukuman-Nya dan bahwa Allah Maha Pengampun lagi Maha Penyayang.	Allah	http://www.wikidata.org/entity/Q2095353	Allah
5	98	Ketahuilah bahwa Allah sangat keras hukuman-Nya dan bahwa Allah Maha Pengampun lagi Maha Penyayang.	Allah	http://www.wikidata.org/entity/Q2095353	Allah
5	99	Kewajiban Rasul tidak lain hanyalah menyampaikan (ajaran Allah). Allah mengetahui apa pun yang kamu tampakkan dan apa pun yang kamu sembunyikan.	Allah	http://www.wikidata.org/entity/Q2095353	Allah
5	99	Kewajiban Rasul tidak lain hanyalah menyampaikan (ajaran Allah). Allah mengetahui apa pun yang kamu tampakkan dan apa pun yang kamu sembunyikan.	Allah	http://www.wikidata.org/entity/Q2095353	Allah
5	100	Katakanlah (Nabi Muhammad), “Tidaklah sama yang buruk dengan yang baik meskipun banyaknya yang buruk itu menarik hatimu. Maka, bertakwalah kepada Allah wahai orang-orang yang berakal sehat agar kamu beruntung.”	Muhammad	http://www.wikidata.org/entity/Q9458	Messenger
5	100	Katakanlah (Nabi Muhammad), “Tidaklah sama yang buruk dengan yang baik meskipun banyaknya yang buruk itu menarik hatimu. Maka, bertakwalah kepada Allah wahai orang-orang yang berakal sehat agar kamu beruntung.”	Allah	http://www.wikidata.org/entity/Q2095353	Allah
5	101	Wahai orang-orang yang beriman, janganlah kamu menanyakan (kepada Nabimu) hal-hal yang jika diterangkan kepadamu (niscaya) menyusahkan kamu. Jika kamu menanyakannya ketika Al-Qur’an sedang diturunkan, (niscaya) akan diterangkan kepadamu. Allah telah memaafkan (kamu) tentang hal itu. Allah Maha Pengampun lagi Maha Penyantun.	Al-Qur’an	http://www.wikidata.org/entity/Q428	HolyBook
5	101	Wahai orang-orang yang beriman, janganlah kamu menanyakan (kepada Nabimu) hal-hal yang jika diterangkan kepadamu (niscaya) menyusahkan kamu. Jika kamu menanyakannya ketika Al-Qur’an sedang diturunkan, (niscaya) akan diterangkan kepadamu. Allah telah memaafkan (kamu) tentang hal itu. Allah Maha Pengampun lagi Maha Penyantun.	Allah	http://www.wikidata.org/entity/Q2095353	Allah
5	101	Wahai orang-orang yang beriman, janganlah kamu menanyakan (kepada Nabimu) hal-hal yang jika diterangkan kepadamu (niscaya) menyusahkan kamu. Jika kamu menanyakannya ketika Al-Qur’an sedang diturunkan, (niscaya) akan diterangkan kepadamu. Allah telah memaafkan (kamu) tentang hal itu. Allah Maha Pengampun lagi Maha Penyantun.	Allah	http://www.wikidata.org/entity/Q2095353	Allah
5	102	Sungguh, segolongan manusia sebelum kamu telah menanyakan hal-hal serupa itu (kepada nabi mereka), kemudian mereka menjadi kafir karenanya.			
5	103	Allah tidak pernah menetapkan sedikit pun (aturan) menyangkut baḥīrah, sā’ibah, waṣīlah, dan ḥām. Akan tetapi, orang-orang yang kafir membuat-buat kedustaan terhadap Allah dan kebanyakan mereka tidak mengerti.	Allah	http://www.wikidata.org/entity/Q2095353	Allah
5	103	Allah tidak pernah menetapkan sedikit pun (aturan) menyangkut baḥīrah, sā’ibah, waṣīlah, dan ḥām. Akan tetapi, orang-orang yang kafir membuat-buat kedustaan terhadap Allah dan kebanyakan mereka tidak mengerti.	Allah	http://www.wikidata.org/entity/Q2095353	Allah
5	104	Apabila dikatakan kepada mereka, “Marilah mengikuti sesuatu yang Allah turunkan dan (mengikuti) Rasul,” mereka menjawab, “Cukuplah bagi kami apa yang kami dapati pada nenek moyang kami.” Apakah (mereka akan mengikuti nenek moyang mereka) walaupun mereka itu tidak mengetahui sesuatu pun dan tidak (pula) mendapat petunjuk?	Allah	http://www.wikidata.org/entity/Q2095353	Allah
5	105	Wahai orang-orang yang beriman, jagalah dirimu! Orang yang sesat itu tidak akan memberimu mudarat apabila kamu telah mendapat petunjuk. Hanya kepada Allah kamu kembali semuanya, lalu Dia akan menerangkan kepadamu apa yang selama ini kamu kerjakan.	Allah	http://www.wikidata.org/entity/Q2095353	Allah
5	106	Wahai orang-orang yang beriman, persaksian di antara kamu, apabila telah datang kepada salah seorang (di antara) kamu (tanda-tanda) kematian, sedangkan dia akan berwasiat, adalah dua orang yang adil di antara kamu atau dua orang selain kamu (nonmuslim) jika kamu dalam perjalanan di bumi lalu kamu ditimpa musibah kematian. Jika kamu ragu (akan kesaksiannya), tahanlah kedua saksi itu setelah salat agar bersumpah dengan nama Allah, “Kami tidak akan mengambil keuntungan dengan sumpah ini walaupun dia karib kerabat dan kami tidak menyembunyikan kesaksian Allah. Sesungguhnya jika demikian, tentu kami termasuk orang-orang yang berdosa.”	bumi	http://www.wikidata.org/entity/Q2	AstronomicalBody
5	106	Wahai orang-orang yang beriman, persaksian di antara kamu, apabila telah datang kepada salah seorang (di antara) kamu (tanda-tanda) kematian, sedangkan dia akan berwasiat, adalah dua orang yang adil di antara kamu atau dua orang selain kamu (nonmuslim) jika kamu dalam perjalanan di bumi lalu kamu ditimpa musibah kematian. Jika kamu ragu (akan kesaksiannya), tahanlah kedua saksi itu setelah salat agar bersumpah dengan nama Allah, “Kami tidak akan mengambil keuntungan dengan sumpah ini walaupun dia karib kerabat dan kami tidak menyembunyikan kesaksian Allah. Sesungguhnya jika demikian, tentu kami termasuk orang-orang yang berdosa.”	Allah	http://www.wikidata.org/entity/Q2095353	Allah
5	106	Wahai orang-orang yang beriman, persaksian di antara kamu, apabila telah datang kepada salah seorang (di antara) kamu (tanda-tanda) kematian, sedangkan dia akan berwasiat, adalah dua orang yang adil di antara kamu atau dua orang selain kamu (nonmuslim) jika kamu dalam perjalanan di bumi lalu kamu ditimpa musibah kematian. Jika kamu ragu (akan kesaksiannya), tahanlah kedua saksi itu setelah salat agar bersumpah dengan nama Allah, “Kami tidak akan mengambil keuntungan dengan sumpah ini walaupun dia karib kerabat dan kami tidak menyembunyikan kesaksian Allah. Sesungguhnya jika demikian, tentu kami termasuk orang-orang yang berdosa.”	Allah	http://www.wikidata.org/entity/Q2095353	Allah
5	107	Jika terbukti kedua saksi itu berbuat dosa, maka dua orang yang lain menggantikan kedudukannya, yaitu di antara ahli waris yang berhak dan lebih dekat kepada orang yang meninggal, lalu keduanya bersumpah dengan nama Allah, “Sungguh, kesaksian kami lebih layak diterima daripada kesaksian kedua saksi itu, dan kami tidak melanggar batas. Sesungguhnya jika (berbuat) demikian, tentu kami termasuk orang-orang yang zalim.”	Allah	http://www.wikidata.org/entity/Q2095353	Allah
5	108	Hal itu lebih dekat untuk membuat mereka memberikan kesaksian yang sebenarnya, atau mereka merasa takut akan dikembalikan sumpahnya (kepada ahli waris) setelah mereka bersumpah. Bertakwalah kepada Allah dan dengarkanlah (perintah-Nya). Allah tidak memberi petunjuk kepada kaum yang fasik.	Allah	http://www.wikidata.org/entity/Q2095353	Allah
5	108	Hal itu lebih dekat untuk membuat mereka memberikan kesaksian yang sebenarnya, atau mereka merasa takut akan dikembalikan sumpahnya (kepada ahli waris) setelah mereka bersumpah. Bertakwalah kepada Allah dan dengarkanlah (perintah-Nya). Allah tidak memberi petunjuk kepada kaum yang fasik.	Allah	http://www.wikidata.org/entity/Q2095353	Allah
5	109	(Ingatlah) pada hari ketika Allah mengumpulkan para rasul, lalu Dia bertanya (kepada mereka), “Apa jawaban (kaummu) terhadap (seruan)-mu?” Mereka (para rasul) menjawab, “Kami tidak tahu (tentang itu). Sesungguhnya Engkaulah Yang Maha Mengetahui segala yang gaib.”	Allah	http://www.wikidata.org/entity/Q2095353	Allah
5	109	(Ingatlah) pada hari ketika Allah mengumpulkan para rasul, lalu Dia bertanya (kepada mereka), “Apa jawaban (kaummu) terhadap (seruan)-mu?” Mereka (para rasul) menjawab, “Kami tidak tahu (tentang itu). Sesungguhnya Engkaulah Yang Maha Mengetahui segala yang gaib.”	Yang Maha Mengetahui	http://www.wikidata.org/entity/Q2095353	Allah
5	110	(Ingatlah) ketika Allah berfirman, “Wahai Isa putra Maryam, ingatlah nikmat-Ku kepadamu dan kepada ibumu sewaktu Aku menguatkanmu dengan Ruhulkudus. Engkau dapat berbicara dengan manusia pada waktu masih dalam buaian dan setelah dewasa. (Ingatlah) ketika Aku mengajarkan menulis kepadamu, (juga) hikmah, Taurat, dan Injil. (Ingatlah) ketika engkau membentuk dari tanah (sesuatu) seperti bentuk burung dengan seizin-Ku, kemudian engkau meniupnya, lalu menjadi seekor burung (yang sebenarnya) dengan seizin-Ku. (Ingatlah) ketika engkau menyembuhkan orang yang buta sejak lahir dan orang yang berpenyakit kusta dengan seizin-Ku. (Ingatlah) ketika engkau mengeluarkan orang mati (dari kubur menjadi hidup) dengan seizin-Ku. (Ingatlah) ketika Aku menghalangi Bani Israil (dari keinginan mereka membunuhmu) pada waktu engkau mengemukakan kepada mereka keterangan-keterangan yang nyata, lalu orang-orang kafir di antara mereka berkata, “Ini tidak lain hanyalah sihir yang nyata.”	Allah	http://www.wikidata.org/entity/Q2095353	Allah
5	110	(Ingatlah) ketika Allah berfirman, “Wahai Isa putra Maryam, ingatlah nikmat-Ku kepadamu dan kepada ibumu sewaktu Aku menguatkanmu dengan Ruhulkudus. Engkau dapat berbicara dengan manusia pada waktu masih dalam buaian dan setelah dewasa. (Ingatlah) ketika Aku mengajarkan menulis kepadamu, (juga) hikmah, Taurat, dan Injil. (Ingatlah) ketika engkau membentuk dari tanah (sesuatu) seperti bentuk burung dengan seizin-Ku, kemudian engkau meniupnya, lalu menjadi seekor burung (yang sebenarnya) dengan seizin-Ku. (Ingatlah) ketika engkau menyembuhkan orang yang buta sejak lahir dan orang yang berpenyakit kusta dengan seizin-Ku. (Ingatlah) ketika engkau mengeluarkan orang mati (dari kubur menjadi hidup) dengan seizin-Ku. (Ingatlah) ketika Aku menghalangi Bani Israil (dari keinginan mereka membunuhmu) pada waktu engkau mengemukakan kepada mereka keterangan-keterangan yang nyata, lalu orang-orang kafir di antara mereka berkata, “Ini tidak lain hanyalah sihir yang nyata.”	Isa putra Maryam	http://www.wikidata.org/entity/Q51664	Messenger
5	110	(Ingatlah) ketika Allah berfirman, “Wahai Isa putra Maryam, ingatlah nikmat-Ku kepadamu dan kepada ibumu sewaktu Aku menguatkanmu dengan Ruhulkudus. Engkau dapat berbicara dengan manusia pada waktu masih dalam buaian dan setelah dewasa. (Ingatlah) ketika Aku mengajarkan menulis kepadamu, (juga) hikmah, Taurat, dan Injil. (Ingatlah) ketika engkau membentuk dari tanah (sesuatu) seperti bentuk burung dengan seizin-Ku, kemudian engkau meniupnya, lalu menjadi seekor burung (yang sebenarnya) dengan seizin-Ku. (Ingatlah) ketika engkau menyembuhkan orang yang buta sejak lahir dan orang yang berpenyakit kusta dengan seizin-Ku. (Ingatlah) ketika engkau mengeluarkan orang mati (dari kubur menjadi hidup) dengan seizin-Ku. (Ingatlah) ketika Aku menghalangi Bani Israil (dari keinginan mereka membunuhmu) pada waktu engkau mengemukakan kepada mereka keterangan-keterangan yang nyata, lalu orang-orang kafir di antara mereka berkata, “Ini tidak lain hanyalah sihir yang nyata.”	Ruhulkudus	http://www.wikidata.org/entity/Q3467762	Angel
5	110	(Ingatlah) ketika Allah berfirman, “Wahai Isa putra Maryam, ingatlah nikmat-Ku kepadamu dan kepada ibumu sewaktu Aku menguatkanmu dengan Ruhulkudus. Engkau dapat berbicara dengan manusia pada waktu masih dalam buaian dan setelah dewasa. (Ingatlah) ketika Aku mengajarkan menulis kepadamu, (juga) hikmah, Taurat, dan Injil. (Ingatlah) ketika engkau membentuk dari tanah (sesuatu) seperti bentuk burung dengan seizin-Ku, kemudian engkau meniupnya, lalu menjadi seekor burung (yang sebenarnya) dengan seizin-Ku. (Ingatlah) ketika engkau menyembuhkan orang yang buta sejak lahir dan orang yang berpenyakit kusta dengan seizin-Ku. (Ingatlah) ketika engkau mengeluarkan orang mati (dari kubur menjadi hidup) dengan seizin-Ku. (Ingatlah) ketika Aku menghalangi Bani Israil (dari keinginan mereka membunuhmu) pada waktu engkau mengemukakan kepada mereka keterangan-keterangan yang nyata, lalu orang-orang kafir di antara mereka berkata, “Ini tidak lain hanyalah sihir yang nyata.”	Taurat	http://www.wikidata.org/entity/Q2383104	HolyBook
5	110	(Ingatlah) ketika Allah berfirman, “Wahai Isa putra Maryam, ingatlah nikmat-Ku kepadamu dan kepada ibumu sewaktu Aku menguatkanmu dengan Ruhulkudus. Engkau dapat berbicara dengan manusia pada waktu masih dalam buaian dan setelah dewasa. (Ingatlah) ketika Aku mengajarkan menulis kepadamu, (juga) hikmah, Taurat, dan Injil. (Ingatlah) ketika engkau membentuk dari tanah (sesuatu) seperti bentuk burung dengan seizin-Ku, kemudian engkau meniupnya, lalu menjadi seekor burung (yang sebenarnya) dengan seizin-Ku. (Ingatlah) ketika engkau menyembuhkan orang yang buta sejak lahir dan orang yang berpenyakit kusta dengan seizin-Ku. (Ingatlah) ketika engkau mengeluarkan orang mati (dari kubur menjadi hidup) dengan seizin-Ku. (Ingatlah) ketika Aku menghalangi Bani Israil (dari keinginan mereka membunuhmu) pada waktu engkau mengemukakan kepada mereka keterangan-keterangan yang nyata, lalu orang-orang kafir di antara mereka berkata, “Ini tidak lain hanyalah sihir yang nyata.”	Injil	http://www.wikidata.org/entity/Q1762323	HolyBook
5	110	(Ingatlah) ketika Allah berfirman, “Wahai Isa putra Maryam, ingatlah nikmat-Ku kepadamu dan kepada ibumu sewaktu Aku menguatkanmu dengan Ruhulkudus. Engkau dapat berbicara dengan manusia pada waktu masih dalam buaian dan setelah dewasa. (Ingatlah) ketika Aku mengajarkan menulis kepadamu, (juga) hikmah, Taurat, dan Injil. (Ingatlah) ketika engkau membentuk dari tanah (sesuatu) seperti bentuk burung dengan seizin-Ku, kemudian engkau meniupnya, lalu menjadi seekor burung (yang sebenarnya) dengan seizin-Ku. (Ingatlah) ketika engkau menyembuhkan orang yang buta sejak lahir dan orang yang berpenyakit kusta dengan seizin-Ku. (Ingatlah) ketika engkau mengeluarkan orang mati (dari kubur menjadi hidup) dengan seizin-Ku. (Ingatlah) ketika Aku menghalangi Bani Israil (dari keinginan mereka membunuhmu) pada waktu engkau mengemukakan kepada mereka keterangan-keterangan yang nyata, lalu orang-orang kafir di antara mereka berkata, “Ini tidak lain hanyalah sihir yang nyata.”	Bani Israil	http://www.wikidata.org/entity/Q2605404	Person
5	113	Mereka berkata, “Kami ingin makan darinya (hidangan itu) dan agar tenteram hati kami serta agar kami yakin bahwa engkau telah berkata benar kepada kami, dan atasnya (hidangan itu) kami termasuk orang-orang yang menjadi saksi.”			
5	115	Allah berfirman, “Sesungguhnya Aku akan menurunkannya (hidangan itu) kepadamu. Siapa yang kufur di antaramu setelah (turun hidangan) itu, sesungguhnya Aku akan mengazabnya dengan azab yang tidak pernah Aku timpakan kepada seorang pun di antara (manusia) seluruh alam.”	Allah	http://www.wikidata.org/entity/Q2095353	Allah
5	116	(Ingatlah) ketika Allah berfirman, “Wahai Isa putra Maryam, apakah engkau mengatakan kepada orang-orang, ‘Jadikanlah aku dan ibuku sebagai dua tuhan selain Allah?’” Dia (Isa) menjawab, “Maha Suci Engkau, tidak patut bagiku mengatakan apa pun yang bukan hakku. Jika aku pernah mengatakannya tentulah Engkau telah mengetahuinya. Engkau mengetahui apa pun yang ada pada diriku dan aku tidak mengetahui apa pun yang ada pada diri-Mu. Sungguh, Engkaulah Yang Maha Mengetahui segala yang gaib.”	Allah	http://www.wikidata.org/entity/Q2095353	Allah
5	116	(Ingatlah) ketika Allah berfirman, “Wahai Isa putra Maryam, apakah engkau mengatakan kepada orang-orang, ‘Jadikanlah aku dan ibuku sebagai dua tuhan selain Allah?’” Dia (Isa) menjawab, “Maha Suci Engkau, tidak patut bagiku mengatakan apa pun yang bukan hakku. Jika aku pernah mengatakannya tentulah Engkau telah mengetahuinya. Engkau mengetahui apa pun yang ada pada diriku dan aku tidak mengetahui apa pun yang ada pada diri-Mu. Sungguh, Engkaulah Yang Maha Mengetahui segala yang gaib.”	Isa putra Maryam	http://www.wikidata.org/entity/Q51664	Messenger
5	116	(Ingatlah) ketika Allah berfirman, “Wahai Isa putra Maryam, apakah engkau mengatakan kepada orang-orang, ‘Jadikanlah aku dan ibuku sebagai dua tuhan selain Allah?’” Dia (Isa) menjawab, “Maha Suci Engkau, tidak patut bagiku mengatakan apa pun yang bukan hakku. Jika aku pernah mengatakannya tentulah Engkau telah mengetahuinya. Engkau mengetahui apa pun yang ada pada diriku dan aku tidak mengetahui apa pun yang ada pada diri-Mu. Sungguh, Engkaulah Yang Maha Mengetahui segala yang gaib.”	Allah	http://www.wikidata.org/entity/Q2095353	Allah
5	116	(Ingatlah) ketika Allah berfirman, “Wahai Isa putra Maryam, apakah engkau mengatakan kepada orang-orang, ‘Jadikanlah aku dan ibuku sebagai dua tuhan selain Allah?’” Dia (Isa) menjawab, “Maha Suci Engkau, tidak patut bagiku mengatakan apa pun yang bukan hakku. Jika aku pernah mengatakannya tentulah Engkau telah mengetahuinya. Engkau mengetahui apa pun yang ada pada diriku dan aku tidak mengetahui apa pun yang ada pada diri-Mu. Sungguh, Engkaulah Yang Maha Mengetahui segala yang gaib.”	Isa	http://www.wikidata.org/entity/Q51664	Messenger
5	116	(Ingatlah) ketika Allah berfirman, “Wahai Isa putra Maryam, apakah engkau mengatakan kepada orang-orang, ‘Jadikanlah aku dan ibuku sebagai dua tuhan selain Allah?’” Dia (Isa) menjawab, “Maha Suci Engkau, tidak patut bagiku mengatakan apa pun yang bukan hakku. Jika aku pernah mengatakannya tentulah Engkau telah mengetahuinya. Engkau mengetahui apa pun yang ada pada diriku dan aku tidak mengetahui apa pun yang ada pada diri-Mu. Sungguh, Engkaulah Yang Maha Mengetahui segala yang gaib.”	Yang Maha Mengetahui	http://www.wikidata.org/entity/Q2095353	Allah
5	118	Jika Engkau menyiksa mereka, sesungguhnya mereka adalah hamba-hamba-Mu. Jika Engkau mengampuni mereka, sesungguhnya Engkaulah Yang Maha Perkasa lagi Maha Bijaksana.”	Yang Maha Perkasa lagi Maha Bijaksana	http://www.wikidata.org/entity/Q2095353	Allah
5	119	Allah berfirman, “Ini adalah hari yang kebenaran orang-orang yang benar bermanfaat bagi mereka. Bagi merekalah surga-surga yang mengalir di bawahnya sungai-sungai, mereka kekal di dalamnya selama-lamanya. Allah rida kepada mereka dan mereka pun rida kepada-Nya. Itulah kemenangan yang agung.”	Allah	http://www.wikidata.org/entity/Q2095353	Allah
5	119	Allah berfirman, “Ini adalah hari yang kebenaran orang-orang yang benar bermanfaat bagi mereka. Bagi merekalah surga-surga yang mengalir di bawahnya sungai-sungai, mereka kekal di dalamnya selama-lamanya. Allah rida kepada mereka dan mereka pun rida kepada-Nya. Itulah kemenangan yang agung.”	Allah	http://www.wikidata.org/entity/Q2095353	Allah
5	120	Hanya milik Allah kerajaan langit dan bumi serta apa pun yang ada di dalamnya. Dia Maha Kuasa atas segala sesuatu.	Allah	http://www.wikidata.org/entity/Q2095353	Allah
5	120	Hanya milik Allah kerajaan langit dan bumi serta apa pun yang ada di dalamnya. Dia Maha Kuasa atas segala sesuatu.	langit	http://www.wikidata.org/entity/Q527	AstronomicalBody
5	120	Hanya milik Allah kerajaan langit dan bumi serta apa pun yang ada di dalamnya. Dia Maha Kuasa atas segala sesuatu.	bumi	http://www.wikidata.org/entity/Q2	AstronomicalBody
6	1	Segala puji bagi Allah yang telah menciptakan langit dan bumi, dan menjadikan kegelapan-kegelapan dan cahaya. Sungguhpun demikian, orang-orang yang kufur mempersamakan tuhan mereka (dengan sesuatu yang lain).	Allah	http://www.wikidata.org/entity/Q2095353	Allah
6	1	Segala puji bagi Allah yang telah menciptakan langit dan bumi, dan menjadikan kegelapan-kegelapan dan cahaya. Sungguhpun demikian, orang-orang yang kufur mempersamakan tuhan mereka (dengan sesuatu yang lain).	langit	http://www.wikidata.org/entity/Q527	AstronomicalBody
6	1	Segala puji bagi Allah yang telah menciptakan langit dan bumi, dan menjadikan kegelapan-kegelapan dan cahaya. Sungguhpun demikian, orang-orang yang kufur mempersamakan tuhan mereka (dengan sesuatu yang lain).	bumi	http://www.wikidata.org/entity/Q2	AstronomicalBody
6	2	Dialah yang menciptakan kamu dari tanah, kemudian Dia menentukan batas waktu hidup (masing-masing). Waktu yang ditentukan (untuk kebangkitan setelah mati) ada pada-Nya. Kemudian, kamu masih meragukannya.			
6	3	Dialah Allah (yang disembah) di langit dan di bumi. Dia mengetahui apa pun yang kamu rahasiakan dan kamu tampakkan serta mengetahui apa pun yang kamu usahakan.	Allah	http://www.wikidata.org/entity/Q2095353	Allah
6	3	Dialah Allah (yang disembah) di langit dan di bumi. Dia mengetahui apa pun yang kamu rahasiakan dan kamu tampakkan serta mengetahui apa pun yang kamu usahakan.	langit	http://www.wikidata.org/entity/Q527	AstronomicalBody
6	3	Dialah Allah (yang disembah) di langit dan di bumi. Dia mengetahui apa pun yang kamu rahasiakan dan kamu tampakkan serta mengetahui apa pun yang kamu usahakan.	bumi	http://www.wikidata.org/entity/Q2	AstronomicalBody
6	4	Tidaklah datang kepada mereka satu ayat pun dari ayat-ayat Tuhan mereka, kecuali mereka (pasti) berpaling darinya.			
6	6	Tidakkah mereka perhatikan betapa banyak generasi sebelum mereka yang telah Kami binasakan? (Yaitu) generasi yang telah Kami teguhkan kedudukan mereka di muka bumi, yang belum pernah Kami lakukan kepada kamu; dan Kami curahkan air hujan yang lebat, Kami jadikan sungai-sungai mengalir di bawah mereka; lalu Kami binasakan mereka karena dosa-dosa mereka, selanjutnya Kami munculkan sesudah mereka generasi lain.	bumi	http://www.wikidata.org/entity/Q2	AstronomicalBody
6	7	Seandainya Kami turunkan kepadamu (Nabi Muhammad) kitab (berupa tulisan) pada kertas sehingga mereka dapat menyentuhnya dengan tangan mereka sendiri, pastilah orang-orang kafir itu mengatakan, “Ini tidak lain hanyalah sihir yang nyata.”	Muhammad	http://www.wikidata.org/entity/Q9458	Messenger
6	8	Mereka berkata, “Mengapa tidak diturunkan malaikat kepadanya (Nabi Muhammad)?” Andaikata Kami turunkan malaikat, niscaya selesailah urusan (mereka dibinasakan karena pengingkaran) kemudian mereka tidak lagi ditangguhkan (sedikit pun untuk bertobat).	Muhammad	http://www.wikidata.org/entity/Q9458	Messenger
6	10	Sungguh, rasul-rasul sebelum engkau (Nabi Muhammad) benar-benar telah diperolok-olokkan, maka turunlah kepada orang-orang yang mencemooh mereka (rasul-rasul) apa (azab) yang selalu mereka perolok-olokkan.	Muhammad	http://www.wikidata.org/entity/Q9458	Messenger
6	11	Katakanlah (Nabi Muhammad), “Jelajahilah bumi, kemudian perhatikanlah bagaimana kesudahan orang-orang yang mendustakan itu.”	Muhammad	http://www.wikidata.org/entity/Q9458	Messenger
6	11	Katakanlah (Nabi Muhammad), “Jelajahilah bumi, kemudian perhatikanlah bagaimana kesudahan orang-orang yang mendustakan itu.”	bumi	http://www.wikidata.org/entity/Q2	AstronomicalBody
6	12	Katakanlah (Nabi Muhammad), “Milik siapakah apa yang di langit dan di bumi?” Katakanlah, “Milik Allah.” Dia telah menetapkan (sifat) kasih sayang pada diri-Nya. Sungguh, Dia pasti akan mengumpulkan kamu pada hari Kiamat yang tidak ada keraguan padanya. Orang-orang yang merugikan dirinya, mereka itu tidak beriman.	Muhammad	http://www.wikidata.org/entity/Q9458	Messenger
6	12	Katakanlah (Nabi Muhammad), “Milik siapakah apa yang di langit dan di bumi?” Katakanlah, “Milik Allah.” Dia telah menetapkan (sifat) kasih sayang pada diri-Nya. Sungguh, Dia pasti akan mengumpulkan kamu pada hari Kiamat yang tidak ada keraguan padanya. Orang-orang yang merugikan dirinya, mereka itu tidak beriman.	langit	http://www.wikidata.org/entity/Q527	AstronomicalBody
6	12	Katakanlah (Nabi Muhammad), “Milik siapakah apa yang di langit dan di bumi?” Katakanlah, “Milik Allah.” Dia telah menetapkan (sifat) kasih sayang pada diri-Nya. Sungguh, Dia pasti akan mengumpulkan kamu pada hari Kiamat yang tidak ada keraguan padanya. Orang-orang yang merugikan dirinya, mereka itu tidak beriman.	bumi	http://www.wikidata.org/entity/Q2	AstronomicalBody
6	12	Katakanlah (Nabi Muhammad), “Milik siapakah apa yang di langit dan di bumi?” Katakanlah, “Milik Allah.” Dia telah menetapkan (sifat) kasih sayang pada diri-Nya. Sungguh, Dia pasti akan mengumpulkan kamu pada hari Kiamat yang tidak ada keraguan padanya. Orang-orang yang merugikan dirinya, mereka itu tidak beriman.	Allah	http://www.wikidata.org/entity/Q2095353	Allah
6	12	Katakanlah (Nabi Muhammad), “Milik siapakah apa yang di langit dan di bumi?” Katakanlah, “Milik Allah.” Dia telah menetapkan (sifat) kasih sayang pada diri-Nya. Sungguh, Dia pasti akan mengumpulkan kamu pada hari Kiamat yang tidak ada keraguan padanya. Orang-orang yang merugikan dirinya, mereka itu tidak beriman.	hari Kiamat	http://www.wikidata.org/entity/Q12200906	Event
6	13	Milik-Nyalah segala sesuatu yang ada pada malam dan siang hari. Dialah Yang Maha Mendengar lagi Maha Mengetahui.	Yang Maha Mendengar lagi Maha Mengetahui	http://www.wikidata.org/entity/Q2095353	Allah
6	14	Katakanlah (Nabi Muhammad), “Apakah selain Allah, Pencipta langit dan bumi serta Dia memberi makan dan tidak diberi makan, akan aku jadikan sebagai pelindung?” Katakanlah (Nabi Muhammad), “Sesungguhnya aku diperintahkan agar aku menjadi orang pertama yang berserah diri (kepada Allah), dan jangan sekali-kali kamu masuk golongan orang-orang musyrik.”	Muhammad	http://www.wikidata.org/entity/Q9458	Messenger
6	14	Katakanlah (Nabi Muhammad), “Apakah selain Allah, Pencipta langit dan bumi serta Dia memberi makan dan tidak diberi makan, akan aku jadikan sebagai pelindung?” Katakanlah (Nabi Muhammad), “Sesungguhnya aku diperintahkan agar aku menjadi orang pertama yang berserah diri (kepada Allah), dan jangan sekali-kali kamu masuk golongan orang-orang musyrik.”	Allah	http://www.wikidata.org/entity/Q2095353	Allah
6	14	Katakanlah (Nabi Muhammad), “Apakah selain Allah, Pencipta langit dan bumi serta Dia memberi makan dan tidak diberi makan, akan aku jadikan sebagai pelindung?” Katakanlah (Nabi Muhammad), “Sesungguhnya aku diperintahkan agar aku menjadi orang pertama yang berserah diri (kepada Allah), dan jangan sekali-kali kamu masuk golongan orang-orang musyrik.”	langit	http://www.wikidata.org/entity/Q527	AstronomicalBody
6	14	Katakanlah (Nabi Muhammad), “Apakah selain Allah, Pencipta langit dan bumi serta Dia memberi makan dan tidak diberi makan, akan aku jadikan sebagai pelindung?” Katakanlah (Nabi Muhammad), “Sesungguhnya aku diperintahkan agar aku menjadi orang pertama yang berserah diri (kepada Allah), dan jangan sekali-kali kamu masuk golongan orang-orang musyrik.”	bumi	http://www.wikidata.org/entity/Q2	AstronomicalBody
6	14	Katakanlah (Nabi Muhammad), “Apakah selain Allah, Pencipta langit dan bumi serta Dia memberi makan dan tidak diberi makan, akan aku jadikan sebagai pelindung?” Katakanlah (Nabi Muhammad), “Sesungguhnya aku diperintahkan agar aku menjadi orang pertama yang berserah diri (kepada Allah), dan jangan sekali-kali kamu masuk golongan orang-orang musyrik.”	Muhammad	http://www.wikidata.org/entity/Q9458	Messenger
6	14	Katakanlah (Nabi Muhammad), “Apakah selain Allah, Pencipta langit dan bumi serta Dia memberi makan dan tidak diberi makan, akan aku jadikan sebagai pelindung?” Katakanlah (Nabi Muhammad), “Sesungguhnya aku diperintahkan agar aku menjadi orang pertama yang berserah diri (kepada Allah), dan jangan sekali-kali kamu masuk golongan orang-orang musyrik.”	Allah	http://www.wikidata.org/entity/Q2095353	Allah
6	15	Katakanlah, “Sesungguhnya aku takut azab pada hari yang besar (kiamat) jika aku durhaka kepada Tuhanku.”	kiamat	http://www.wikidata.org/entity/Q12200906	Event
6	16	Siapa yang dijauhkan darinya (azab) pada hari itu, maka sungguh Dia telah merahmatinya. Itulah keberuntungan yang nyata.			
6	17	Jika Allah menimpakan kemudaratan kepadamu, tidak ada yang dapat menghilangkannya selain Dia; dan jika Dia memberikan kebaikan kepadamu, Dia Maha Kuasa atas segala sesuatu.	Allah	http://www.wikidata.org/entity/Q2095353	Allah
6	18	Dialah Penguasa atas hamba-hamba-Nya, dan Dialah Yang Maha Bijaksana lagi Maha Mengetahui.	Yang Maha Bijaksana lagi Maha Mengetahui	http://www.wikidata.org/entity/Q2095353	Allah
6	19	Katakanlah (Nabi Muhammad), “Siapakah yang lebih kuat kesaksiannya?” Katakanlah, “Allah. Dia menjadi saksi antara aku dan kamu. Al-Qur’an ini diwahyukan kepadaku supaya dengan itu aku mengingatkan kamu dan orang yang sampai (Al-Qur’an kepadanya). Apakah kamu benar-benar bersaksi bahwa ada tuhan-tuhan lain selain Allah?” Katakanlah, “Aku tidak bersaksi.” Katakanlah, “Sesungguhnya Dialah Tuhan Yang Maha Esa dan aku lepas tangan dari apa yang kamu persekutukan.”	Muhammad	http://www.wikidata.org/entity/Q9458	Messenger
6	19	Katakanlah (Nabi Muhammad), “Siapakah yang lebih kuat kesaksiannya?” Katakanlah, “Allah. Dia menjadi saksi antara aku dan kamu. Al-Qur’an ini diwahyukan kepadaku supaya dengan itu aku mengingatkan kamu dan orang yang sampai (Al-Qur’an kepadanya). Apakah kamu benar-benar bersaksi bahwa ada tuhan-tuhan lain selain Allah?” Katakanlah, “Aku tidak bersaksi.” Katakanlah, “Sesungguhnya Dialah Tuhan Yang Maha Esa dan aku lepas tangan dari apa yang kamu persekutukan.”	Allah	http://www.wikidata.org/entity/Q2095353	Allah
6	19	Katakanlah (Nabi Muhammad), “Siapakah yang lebih kuat kesaksiannya?” Katakanlah, “Allah. Dia menjadi saksi antara aku dan kamu. Al-Qur’an ini diwahyukan kepadaku supaya dengan itu aku mengingatkan kamu dan orang yang sampai (Al-Qur’an kepadanya). Apakah kamu benar-benar bersaksi bahwa ada tuhan-tuhan lain selain Allah?” Katakanlah, “Aku tidak bersaksi.” Katakanlah, “Sesungguhnya Dialah Tuhan Yang Maha Esa dan aku lepas tangan dari apa yang kamu persekutukan.”	Al-Qur’an	http://www.wikidata.org/entity/Q428	HolyBook
6	19	Katakanlah (Nabi Muhammad), “Siapakah yang lebih kuat kesaksiannya?” Katakanlah, “Allah. Dia menjadi saksi antara aku dan kamu. Al-Qur’an ini diwahyukan kepadaku supaya dengan itu aku mengingatkan kamu dan orang yang sampai (Al-Qur’an kepadanya). Apakah kamu benar-benar bersaksi bahwa ada tuhan-tuhan lain selain Allah?” Katakanlah, “Aku tidak bersaksi.” Katakanlah, “Sesungguhnya Dialah Tuhan Yang Maha Esa dan aku lepas tangan dari apa yang kamu persekutukan.”	Al-Qur’an	http://www.wikidata.org/entity/Q428	HolyBook
6	19	Katakanlah (Nabi Muhammad), “Siapakah yang lebih kuat kesaksiannya?” Katakanlah, “Allah. Dia menjadi saksi antara aku dan kamu. Al-Qur’an ini diwahyukan kepadaku supaya dengan itu aku mengingatkan kamu dan orang yang sampai (Al-Qur’an kepadanya). Apakah kamu benar-benar bersaksi bahwa ada tuhan-tuhan lain selain Allah?” Katakanlah, “Aku tidak bersaksi.” Katakanlah, “Sesungguhnya Dialah Tuhan Yang Maha Esa dan aku lepas tangan dari apa yang kamu persekutukan.”	Allah	http://www.wikidata.org/entity/Q2095353	Allah
6	19	Katakanlah (Nabi Muhammad), “Siapakah yang lebih kuat kesaksiannya?” Katakanlah, “Allah. Dia menjadi saksi antara aku dan kamu. Al-Qur’an ini diwahyukan kepadaku supaya dengan itu aku mengingatkan kamu dan orang yang sampai (Al-Qur’an kepadanya). Apakah kamu benar-benar bersaksi bahwa ada tuhan-tuhan lain selain Allah?” Katakanlah, “Aku tidak bersaksi.” Katakanlah, “Sesungguhnya Dialah Tuhan Yang Maha Esa dan aku lepas tangan dari apa yang kamu persekutukan.”	Tuhan Yang Maha Esa	http://www.wikidata.org/entity/Q2095353	Allah
6	20	Orang-orang yang telah Kami beri Kitab mengenalnya (Nabi Muhammad) seperti mereka mengenal anak-anaknya sendiri. Orang-orang yang merugikan diri sendiri itu tidak beriman.	Muhammad	http://www.wikidata.org/entity/Q9458	Messenger
6	21	Siapakah yang lebih zalim daripada orang yang mengada-adakan suatu kebohongan terhadap Allah atau mendustakan ayat-ayat-Nya? Sesungguhnya orang-orang yang zalim itu tidak beruntung.	Allah	http://www.wikidata.org/entity/Q2095353	Allah
6	22	(Ingatlah) tatkala Kami kumpulkan mereka semua kemudian Kami berfirman kepada orang-orang yang mempersekutukan Kami, “Manakah sekutu-sekutumu yang kamu sangkakan?”			
6	23	Kemudian, mereka tidak punya jawaban atas kebohongan mereka, kecuali (terpaksa) mengatakan, “Demi Allah, Tuhan kami, kami bukanlah orang-orang musyrik.”	Allah	http://www.wikidata.org/entity/Q2095353	Allah
6	24	Perhatikanlah (Nabi Muhammad) bagaimana mereka berdusta terhadap diri sendiri. Lenyaplah dari mereka apa (kebohongan) yang selalu mereka ada-adakan.	Muhammad	http://www.wikidata.org/entity/Q9458	Messenger
6	26	Mereka melarang (orang lain) mendengarkannya (Al-Qur’an) dan mereka pun menjauhkan diri darinya. Mereka tidak membinasakan kecuali diri mereka sendiri, tetapi mereka tidak menyadari.	Al-Qur’an	http://www.wikidata.org/entity/Q428	HolyBook
6	27	Seandainya engkau (Nabi Muhammad) melihat ketika mereka dihadapkan ke neraka, mereka berkata, “Seandainya kami dikembalikan (ke dunia), tentu kami tidak akan mendustakan ayat-ayat Tuhan kami, dan kami menjadi orang-orang mukmin.”	Muhammad	http://www.wikidata.org/entity/Q9458	Messenger
6	29	Mereka pun akan mengatakan, “Hidup hanyalah di dunia ini dan kita tidak akan dibangkitkan.”			
6	32	Kehidupan dunia hanyalah permainan dan kelengahan, sedangkan negeri akhirat itu, sungguh lebih baik bagi orang-orang yang bertakwa. Tidakkah kamu mengerti?			
6	33	Sungguh, Kami mengetahui bahwa sesungguhnya apa yang mereka katakan itu betul-betul membuatmu (Nabi Muhammad) bersedih. (Bersabarlah) karena sebenarnya mereka tidak mendustakanmu, tetapi orang-orang zalim itu selalu mengingkari ayat-ayat Allah.	Muhammad	http://www.wikidata.org/entity/Q9458	Messenger
6	33	Sungguh, Kami mengetahui bahwa sesungguhnya apa yang mereka katakan itu betul-betul membuatmu (Nabi Muhammad) bersedih. (Bersabarlah) karena sebenarnya mereka tidak mendustakanmu, tetapi orang-orang zalim itu selalu mengingkari ayat-ayat Allah.	Allah	http://www.wikidata.org/entity/Q2095353	Allah
6	35	Jika keberpalingan mereka terasa berat bagimu (Nabi Muhammad), andaikan engkau dapat membuat lubang di bumi atau tangga ke langit lalu engkau dapat mendatangkan bukti (mukjizat) kepada mereka, (maka buatlah). Seandainya Allah menghendaki, tentu Dia akan menjadikan mereka semua mengikuti petunjuk. Oleh karena itu, janganlah sekali-kali engkau termasuk orang-orang yang bodoh.	Muhammad	http://www.wikidata.org/entity/Q9458	Messenger
6	35	Jika keberpalingan mereka terasa berat bagimu (Nabi Muhammad), andaikan engkau dapat membuat lubang di bumi atau tangga ke langit lalu engkau dapat mendatangkan bukti (mukjizat) kepada mereka, (maka buatlah). Seandainya Allah menghendaki, tentu Dia akan menjadikan mereka semua mengikuti petunjuk. Oleh karena itu, janganlah sekali-kali engkau termasuk orang-orang yang bodoh.	bumi	http://www.wikidata.org/entity/Q2	AstronomicalBody
6	35	Jika keberpalingan mereka terasa berat bagimu (Nabi Muhammad), andaikan engkau dapat membuat lubang di bumi atau tangga ke langit lalu engkau dapat mendatangkan bukti (mukjizat) kepada mereka, (maka buatlah). Seandainya Allah menghendaki, tentu Dia akan menjadikan mereka semua mengikuti petunjuk. Oleh karena itu, janganlah sekali-kali engkau termasuk orang-orang yang bodoh.	langit	http://www.wikidata.org/entity/Q527	AstronomicalBody
6	35	Jika keberpalingan mereka terasa berat bagimu (Nabi Muhammad), andaikan engkau dapat membuat lubang di bumi atau tangga ke langit lalu engkau dapat mendatangkan bukti (mukjizat) kepada mereka, (maka buatlah). Seandainya Allah menghendaki, tentu Dia akan menjadikan mereka semua mengikuti petunjuk. Oleh karena itu, janganlah sekali-kali engkau termasuk orang-orang yang bodoh.	Allah	http://www.wikidata.org/entity/Q2095353	Allah
6	36	Hanya orang-orang yang menyimak (ayat-ayat Allah) sajalah yang mematuhi (seruan-Nya). Adapun orang-orang yang mati kelak akan dibangkitkan oleh Allah, kemudian kepada-Nya mereka dikembalikan.	Allah	http://www.wikidata.org/entity/Q2095353	Allah
6	36	Hanya orang-orang yang menyimak (ayat-ayat Allah) sajalah yang mematuhi (seruan-Nya). Adapun orang-orang yang mati kelak akan dibangkitkan oleh Allah, kemudian kepada-Nya mereka dikembalikan.	Allah	http://www.wikidata.org/entity/Q2095353	Allah
6	37	Mereka (orang-orang musyrik) berkata, “Mengapa tidak diturunkan kepadanya (Nabi Muhammad) suatu bukti (mukjizat) dari Tuhannya?” Katakanlah, “Sesungguhnya Allah Maha Kuasa menurunkan suatu bukti (mukjizat), tetapi kebanyakan mereka tidak mengetahui.”	Muhammad	http://www.wikidata.org/entity/Q9458	Messenger
6	37	Mereka (orang-orang musyrik) berkata, “Mengapa tidak diturunkan kepadanya (Nabi Muhammad) suatu bukti (mukjizat) dari Tuhannya?” Katakanlah, “Sesungguhnya Allah Maha Kuasa menurunkan suatu bukti (mukjizat), tetapi kebanyakan mereka tidak mengetahui.”	Allah	http://www.wikidata.org/entity/Q2095353	Allah
6	39	Orang-orang yang mendustakan ayat-ayat Kami (seperti orang yang) tuli dan bisu, serta berada dalam berbagai kegelapan. Siapa yang dikehendaki Allah (dalam kesesatan), niscaya disesatkan-Nya. Siapa yang dikehendaki Allah (dalam petunjuk), niscaya Dia menjadikannya berada di atas jalan yang lurus.	Allah	http://www.wikidata.org/entity/Q2095353	Allah
6	39	Orang-orang yang mendustakan ayat-ayat Kami (seperti orang yang) tuli dan bisu, serta berada dalam berbagai kegelapan. Siapa yang dikehendaki Allah (dalam kesesatan), niscaya disesatkan-Nya. Siapa yang dikehendaki Allah (dalam petunjuk), niscaya Dia menjadikannya berada di atas jalan yang lurus.	Allah	http://www.wikidata.org/entity/Q2095353	Allah
6	40	Katakanlah (Nabi Muhammad), “Terangkanlah kepadaku (bahwa) jika siksaan Allah sampai kepadamu (di dunia) atau hari Kiamat sampai kepadamu, apakah kamu (tetap) akan menyeru (tuhan) selain Allah, jika kamu (merasa) orang yang benar?”	Muhammad	http://www.wikidata.org/entity/Q9458	Messenger
6	40	Katakanlah (Nabi Muhammad), “Terangkanlah kepadaku (bahwa) jika siksaan Allah sampai kepadamu (di dunia) atau hari Kiamat sampai kepadamu, apakah kamu (tetap) akan menyeru (tuhan) selain Allah, jika kamu (merasa) orang yang benar?”	Allah	http://www.wikidata.org/entity/Q2095353	Allah
6	40	Katakanlah (Nabi Muhammad), “Terangkanlah kepadaku (bahwa) jika siksaan Allah sampai kepadamu (di dunia) atau hari Kiamat sampai kepadamu, apakah kamu (tetap) akan menyeru (tuhan) selain Allah, jika kamu (merasa) orang yang benar?”	hari Kiamat	http://www.wikidata.org/entity/Q12200906	Event
6	40	Katakanlah (Nabi Muhammad), “Terangkanlah kepadaku (bahwa) jika siksaan Allah sampai kepadamu (di dunia) atau hari Kiamat sampai kepadamu, apakah kamu (tetap) akan menyeru (tuhan) selain Allah, jika kamu (merasa) orang yang benar?”	Allah	http://www.wikidata.org/entity/Q2095353	Allah
6	41	Tidak! Hanya kepada-Nya kamu menyeru. Maka, jika Dia menghendaki, Dia hilangkan apa (bahaya dan siksa) yang (karenanya) kamu memohon kepada-Nya, dan (karena dahsyatnya keadaan) kamu tinggalkan apa yang kamu persekutukan (dengan Allah).	Allah	http://www.wikidata.org/entity/Q2095353	Allah
6	42	Sungguh, Kami telah mengutus (para rasul) kepada umat-umat sebelum engkau, (tetapi mereka membangkang,) kemudian Kami siksa mereka dengan (menimpakan) kemelaratan dan kesengsaraan, agar tunduk merendahkan diri (kepada Allah).	Allah	http://www.wikidata.org/entity/Q2095353	Allah
6	43	Akan tetapi, mengapa mereka tidak tunduk merendahkan diri (kepada Allah) ketika siksaan Kami datang menimpa mereka? Bahkan hati mereka telah menjadi keras dan setan pun menjadikan terasa indah bagi mereka apa yang selalu mereka kerjakan.	Allah	http://www.wikidata.org/entity/Q2095353	Allah
6	44	Maka, ketika mereka melupakan peringatan yang telah diberikan kepada mereka, Kami pun membukakan pintu-pintu segala sesuatu (kesenangan) untuk mereka, sehingga ketika mereka bergembira dengan apa yang telah diberikan kepada mereka, Kami siksa mereka secara tiba-tiba, maka ketika itu mereka terdiam putus asa.			
6	46	Katakanlah (Nabi Muhammad), “Terangkanlah kepadaku jika Allah mencabut pendengaran dan penglihatan serta menutup hatimu, siapakah tuhan selain Allah yang kuasa mengembalikannya kepadamu?” Perhatikanlah, bagaimana Kami menjelaskan berulang-ulang (kepada mereka) tanda-tanda kekuasaan (Kami), tetapi mereka tetap berpaling.	Muhammad	http://www.wikidata.org/entity/Q9458	Messenger
6	46	Katakanlah (Nabi Muhammad), “Terangkanlah kepadaku jika Allah mencabut pendengaran dan penglihatan serta menutup hatimu, siapakah tuhan selain Allah yang kuasa mengembalikannya kepadamu?” Perhatikanlah, bagaimana Kami menjelaskan berulang-ulang (kepada mereka) tanda-tanda kekuasaan (Kami), tetapi mereka tetap berpaling.	Allah	http://www.wikidata.org/entity/Q2095353	Allah
6	46	Katakanlah (Nabi Muhammad), “Terangkanlah kepadaku jika Allah mencabut pendengaran dan penglihatan serta menutup hatimu, siapakah tuhan selain Allah yang kuasa mengembalikannya kepadamu?” Perhatikanlah, bagaimana Kami menjelaskan berulang-ulang (kepada mereka) tanda-tanda kekuasaan (Kami), tetapi mereka tetap berpaling.	Allah	http://www.wikidata.org/entity/Q2095353	Allah
6	48	Tidaklah Kami utus para rasul melainkan untuk memberi kabar gembira dan memberi peringatan. Siapa beriman dan mengadakan perbaikan, maka tidak ada rasa takut pada mereka dan mereka tidak bersedih hati.			
6	49	Orang-orang yang mendustakan ayat-ayat Kami akan ditimpa azab karena mereka selalu berbuat fasik (berbuat dosa).			
6	50	Katakanlah (Nabi Muhammad), “Aku tidak mengatakan kepadamu bahwa perbendaharaan (rezeki) Allah ada padaku, aku (sendiri) tidak mengetahui yang gaib, dan aku tidak (pula) mengatakan kepadamu bahwa aku malaikat. Aku tidak mengikuti kecuali apa yang diwahyukan kepadaku.” Katakanlah, “Apakah sama orang yang buta dengan orang yang melihat? Apakah kamu tidak memikirkan(-nya)?”	Muhammad	http://www.wikidata.org/entity/Q9458	Messenger
6	50	Katakanlah (Nabi Muhammad), “Aku tidak mengatakan kepadamu bahwa perbendaharaan (rezeki) Allah ada padaku, aku (sendiri) tidak mengetahui yang gaib, dan aku tidak (pula) mengatakan kepadamu bahwa aku malaikat. Aku tidak mengikuti kecuali apa yang diwahyukan kepadaku.” Katakanlah, “Apakah sama orang yang buta dengan orang yang melihat? Apakah kamu tidak memikirkan(-nya)?”	Allah	http://www.wikidata.org/entity/Q2095353	Allah
6	51	Peringatkanlah dengannya (Al-Qur’an) orang-orang yang takut akan dikumpulkan menghadap Tuhannya (pada hari Kiamat). Tidak ada bagi mereka pelindung dan pemberi syafaat (pertolongan) selain Allah, agar mereka bertakwa.	Al-Qur’an	http://www.wikidata.org/entity/Q428	HolyBook
6	51	Peringatkanlah dengannya (Al-Qur’an) orang-orang yang takut akan dikumpulkan menghadap Tuhannya (pada hari Kiamat). Tidak ada bagi mereka pelindung dan pemberi syafaat (pertolongan) selain Allah, agar mereka bertakwa.	hari Kiamat	http://www.wikidata.org/entity/Q12200906	Event
6	51	Peringatkanlah dengannya (Al-Qur’an) orang-orang yang takut akan dikumpulkan menghadap Tuhannya (pada hari Kiamat). Tidak ada bagi mereka pelindung dan pemberi syafaat (pertolongan) selain Allah, agar mereka bertakwa.	Allah	http://www.wikidata.org/entity/Q2095353	Allah
6	52	Janganlah engkau (Nabi Muhammad) mengusir orang-orang yang menyeru Tuhannya pada pagi dan petang hari, sedangkan mereka mengharapkan keridaan-Nya. Engkau tidak memikul tanggung jawab sedikit pun terhadap perbuatan mereka dan mereka (pun) tidak memikul tanggung jawab sedikit pun terhadap perbuatanmu, sehingga engkau (tidak berhak) mengusir mereka. (Jika dilakukan,) engkau termasuk orang-orang yang zalim.	Muhammad	http://www.wikidata.org/entity/Q9458	Messenger
6	53	Demikianlah Kami telah menguji sebagian mereka (yang kaya dan berkuasa) dengan sebagian yang lain (yang miskin dan menderita), sehingga mereka (yang kaya dan kufur itu) berkata, “Orang-orang semacam inikah (yang status sosialnya rendah) di antara kita yang diberi anugerah oleh Allah?” (Allah berfirman,) “Tidakkah Allah lebih mengetahui tentang mereka yang bersyukur (kepada-Nya)?”	Allah	http://www.wikidata.org/entity/Q2095353	Allah
6	53	Demikianlah Kami telah menguji sebagian mereka (yang kaya dan berkuasa) dengan sebagian yang lain (yang miskin dan menderita), sehingga mereka (yang kaya dan kufur itu) berkata, “Orang-orang semacam inikah (yang status sosialnya rendah) di antara kita yang diberi anugerah oleh Allah?” (Allah berfirman,) “Tidakkah Allah lebih mengetahui tentang mereka yang bersyukur (kepada-Nya)?”	Allah	http://www.wikidata.org/entity/Q2095353	Allah
6	53	Demikianlah Kami telah menguji sebagian mereka (yang kaya dan berkuasa) dengan sebagian yang lain (yang miskin dan menderita), sehingga mereka (yang kaya dan kufur itu) berkata, “Orang-orang semacam inikah (yang status sosialnya rendah) di antara kita yang diberi anugerah oleh Allah?” (Allah berfirman,) “Tidakkah Allah lebih mengetahui tentang mereka yang bersyukur (kepada-Nya)?”	Allah	http://www.wikidata.org/entity/Q2095353	Allah
6	54	Apabila orang-orang yang beriman pada ayat-ayat Kami datang kepadamu, katakanlah, “Salāmun ‘alaikum (semoga keselamatan tercurah kepadamu).” Tuhanmu telah menetapkan sifat kasih sayang pada diri-Nya, (yaitu) siapa yang berbuat kejahatan di antara kamu karena kejahilan (kebodohan, kecerobohan, dorongan nafsu, amarah dan sebagainya), kemudian dia bertobat setelah itu dan memperbaiki diri, maka sesungguhnya Dia Maha Pengampun lagi Maha Penyayang.			
6	55	Demikianlah Kami terangkan ayat-ayat Al-Qur’an secara terperinci (agar terlihat jelas jalan kebenaran) dan agar terlihat jelas (pula) jalan para pendurhaka.	Al-Qur’an	http://www.wikidata.org/entity/Q428	HolyBook
6	56	Katakanlah (Nabi Muhammad), “Sesungguhnya aku dilarang menyembah tuhan-tuhan yang kamu sembah selain Allah.” Katakanlah, “Aku tidak akan mengikuti keinginanmu. Jika berbuat demikian, sungguh tersesatlah aku, dan aku tidak termasuk orang yang mendapat petunjuk.”	Muhammad	http://www.wikidata.org/entity/Q9458	Messenger
6	56	Katakanlah (Nabi Muhammad), “Sesungguhnya aku dilarang menyembah tuhan-tuhan yang kamu sembah selain Allah.” Katakanlah, “Aku tidak akan mengikuti keinginanmu. Jika berbuat demikian, sungguh tersesatlah aku, dan aku tidak termasuk orang yang mendapat petunjuk.”	Allah	http://www.wikidata.org/entity/Q2095353	Allah
6	57	Katakanlah (Nabi Muhammad), “Aku (berada) di atas keterangan yang nyata (kebenarannya, yaitu Al-Qur’an) dari Tuhanku, sedangkan kamu mendustakannya. Bukanlah kewenanganku (untuk menurunkan azab) yang kamu tuntut untuk disegerakan kedatangannya. Menetapkan hukum itu hanyalah hak Allah. Dia menerangkan kebenaran dan Dia pemberi keputusan yang terbaik.”	Muhammad	http://www.wikidata.org/entity/Q9458	Messenger
6	57	Katakanlah (Nabi Muhammad), “Aku (berada) di atas keterangan yang nyata (kebenarannya, yaitu Al-Qur’an) dari Tuhanku, sedangkan kamu mendustakannya. Bukanlah kewenanganku (untuk menurunkan azab) yang kamu tuntut untuk disegerakan kedatangannya. Menetapkan hukum itu hanyalah hak Allah. Dia menerangkan kebenaran dan Dia pemberi keputusan yang terbaik.”	Al-Qur’an	http://www.wikidata.org/entity/Q428	HolyBook
6	57	Katakanlah (Nabi Muhammad), “Aku (berada) di atas keterangan yang nyata (kebenarannya, yaitu Al-Qur’an) dari Tuhanku, sedangkan kamu mendustakannya. Bukanlah kewenanganku (untuk menurunkan azab) yang kamu tuntut untuk disegerakan kedatangannya. Menetapkan hukum itu hanyalah hak Allah. Dia menerangkan kebenaran dan Dia pemberi keputusan yang terbaik.”	Allah	http://www.wikidata.org/entity/Q2095353	Allah
6	58	Katakanlah (Nabi Muhammad), “Seandainya ada padaku (kewenangan untuk menurunkan) apa (azab) yang kamu minta agar disegerakan kedatangannya, tentu selesailah segala perkara antara aku dan kamu.” Allah lebih mengetahui tentang orang-orang yang zalim.	Muhammad	http://www.wikidata.org/entity/Q9458	Messenger
6	58	Katakanlah (Nabi Muhammad), “Seandainya ada padaku (kewenangan untuk menurunkan) apa (azab) yang kamu minta agar disegerakan kedatangannya, tentu selesailah segala perkara antara aku dan kamu.” Allah lebih mengetahui tentang orang-orang yang zalim.	Allah	http://www.wikidata.org/entity/Q2095353	Allah
6	59	Kunci-kunci semua yang gaib ada pada-Nya; tidak ada yang mengetahuinya selain Dia. Dia mengetahui apa yang ada di darat dan di laut. Tidak ada sehelai daun pun yang gugur yang tidak diketahui-Nya. Tidak ada sebutir biji pun dalam kegelapan bumi dan tidak pula sesuatu yang basah atau yang kering, melainkan (tertulis) dalam kitab yang nyata (Lauhulmahfuz).	bumi	http://www.wikidata.org/entity/Q2	AstronomicalBody
6	60	Dialah yang menidurkan kamu pada malam hari dan Dia mengetahui apa yang kamu kerjakan pada siang hari. Kemudian, Dia membangunkan kamu padanya (siang hari) untuk disempurnakan umurmu yang telah ditetapkan. Kemudian kepada-Nya tempat kamu kembali, lalu Dia memberitahukan kepadamu apa yang telah kamu kerjakan.			
6	61	Dialah Penguasa mutlak di atas semua hamba-Nya, dan Dia mengutus kepadamu malaikat-malaikat penjaga, sehingga apabila kematian datang kepada salah seorang di antara kamu, malaikat-malaikat Kami mencabut nyawanya, dan mereka tidak melalaikan tugasnya.			
6	62	Kemudian mereka (hamba-hamba Allah) dikembalikan kepada Allah, Penguasa mereka yang sebenarnya. Ketahuilah bahwa segala hukum (pada hari itu) hanya milik-Nya, Dialah pembuat perhitungan yang paling cepat.	Allah	http://www.wikidata.org/entity/Q2095353	Allah
6	62	Kemudian mereka (hamba-hamba Allah) dikembalikan kepada Allah, Penguasa mereka yang sebenarnya. Ketahuilah bahwa segala hukum (pada hari itu) hanya milik-Nya, Dialah pembuat perhitungan yang paling cepat.	Allah	http://www.wikidata.org/entity/Q2095353	Allah
6	63	Katakanlah (Nabi Muhammad), “Siapakah yang dapat menyelamatkanmu dari berbagai kegelapan (bencana) di darat dan di laut, ketika kamu berdoa kepada-Nya dengan rendah hati dan dengan suara yang lembut (dengan berkata), ‘Sungguh, jika Dia menyelamatkan kami dari (bencana) ini, tentulah kami menjadi orang-orang yang bersyukur.’”	Muhammad	http://www.wikidata.org/entity/Q9458	Messenger
6	64	Katakanlah (Nabi Muhammad), “Allah yang menyelamatkanmu darinya (bencana itu) dan dari segala macam kesusahan. Kemudian, kamu (kembali) mempersekutukan-Nya.”	Muhammad	http://www.wikidata.org/entity/Q9458	Messenger
6	64	Katakanlah (Nabi Muhammad), “Allah yang menyelamatkanmu darinya (bencana itu) dan dari segala macam kesusahan. Kemudian, kamu (kembali) mempersekutukan-Nya.”	Allah	http://www.wikidata.org/entity/Q2095353	Allah
6	65	Katakanlah (Nabi Muhammad), “Dialah Yang Maha Kuasa mengirimkan azab kepadamu, dari atas atau dari bawah kakimu atau Dia memecah belah kamu menjadi golongan-golongan (yang saling bertentangan) dan merasakan kepada sebagian kamu keganasan sebagian yang lain.” Perhatikanlah, bagaimana Kami menjelaskan berulang-ulang tanda-tanda (kekuasaan Kami) agar mereka memahami(-nya).	Muhammad	http://www.wikidata.org/entity/Q9458	Messenger
6	65	Katakanlah (Nabi Muhammad), “Dialah Yang Maha Kuasa mengirimkan azab kepadamu, dari atas atau dari bawah kakimu atau Dia memecah belah kamu menjadi golongan-golongan (yang saling bertentangan) dan merasakan kepada sebagian kamu keganasan sebagian yang lain.” Perhatikanlah, bagaimana Kami menjelaskan berulang-ulang tanda-tanda (kekuasaan Kami) agar mereka memahami(-nya).	Yang Maha Kuasa	http://www.wikidata.org/entity/Q2095353	Allah
6	66	Kaummu mendustakannya (azab) padahal (azab) itu benar adanya. Katakanlah (Nabi Muhammad), “Aku ini bukanlah penanggung jawab kamu.”	Muhammad	http://www.wikidata.org/entity/Q9458	Messenger
6	68	Apabila engkau (Nabi Muhammad) melihat orang-orang memperolok-olokkan ayat-ayat Kami, maka tinggalkanlah mereka hingga mereka beralih ke pembicaraan lain. Jika setan benar-benar menjadikan engkau lupa (akan larangan ini), setelah ingat kembali janganlah engkau duduk bersama kaum yang zalim.	Muhammad	http://www.wikidata.org/entity/Q9458	Messenger
6	69	Orang-orang yang bertakwa tidak ada tanggung jawab sedikit pun atas (dosa-dosa) mereka, tetapi (berkewajiban memberi) peringatan agar mereka (juga) bertakwa.			
6	70	Tinggalkanlah orang-orang yang menjadikan agamanya sebagai permainan dan kelengahan, dan mereka telah tertipu oleh kehidupan dunia. Peringatkanlah (mereka) dengannya (Al-Qur’an) agar seseorang tidak terjerumus (ke dalam neraka), karena perbuatannya sendiri. Tidak ada baginya pelindung dan pemberi syafaat (pertolongan) selain Allah. Jika dia hendak menebus dengan segala macam tebusan apa pun, niscaya tidak akan diterima. Mereka itulah orang-orang yang dijerumuskan (ke dalam neraka), karena perbuatan mereka sendiri. Mereka mendapat minuman dari air yang mendidih dan azab yang pedih karena mereka selalu kufur.	Al-Qur’an	http://www.wikidata.org/entity/Q428	HolyBook
6	70	Tinggalkanlah orang-orang yang menjadikan agamanya sebagai permainan dan kelengahan, dan mereka telah tertipu oleh kehidupan dunia. Peringatkanlah (mereka) dengannya (Al-Qur’an) agar seseorang tidak terjerumus (ke dalam neraka), karena perbuatannya sendiri. Tidak ada baginya pelindung dan pemberi syafaat (pertolongan) selain Allah. Jika dia hendak menebus dengan segala macam tebusan apa pun, niscaya tidak akan diterima. Mereka itulah orang-orang yang dijerumuskan (ke dalam neraka), karena perbuatan mereka sendiri. Mereka mendapat minuman dari air yang mendidih dan azab yang pedih karena mereka selalu kufur.	Allah	http://www.wikidata.org/entity/Q2095353	Allah
6	71	Katakanlah (Nabi Muhammad), “Apakah kita akan memohon pada sesuatu selain Allah, yang tidak dapat memberi manfaat dan tidak (pula) mendatangkan mudarat kepada kita, dan (apakah) kita akan dikembalikan ke belakang (kufur dan sesat), setelah Allah memberi petunjuk kepada kita, seperti orang yang telah disesatkan oleh setan di bumi, dalam keadaan kebingungan,” sedangkan dia mempunyai kawan-kawan yang selalu mengajaknya ke jalan yang lurus (dengan mengatakan), ‘Ikutilah kami.’?” Katakanlah, “Sesungguhnya petunjuk Allah itulah petunjuk (yang sebenarnya). Kita diperintahkan agar berserah diri kepada Tuhan semesta alam,	Muhammad	http://www.wikidata.org/entity/Q9458	Messenger
6	71	Katakanlah (Nabi Muhammad), “Apakah kita akan memohon pada sesuatu selain Allah, yang tidak dapat memberi manfaat dan tidak (pula) mendatangkan mudarat kepada kita, dan (apakah) kita akan dikembalikan ke belakang (kufur dan sesat), setelah Allah memberi petunjuk kepada kita, seperti orang yang telah disesatkan oleh setan di bumi, dalam keadaan kebingungan,” sedangkan dia mempunyai kawan-kawan yang selalu mengajaknya ke jalan yang lurus (dengan mengatakan), ‘Ikutilah kami.’?” Katakanlah, “Sesungguhnya petunjuk Allah itulah petunjuk (yang sebenarnya). Kita diperintahkan agar berserah diri kepada Tuhan semesta alam,	Allah	http://www.wikidata.org/entity/Q2095353	Allah
6	71	Katakanlah (Nabi Muhammad), “Apakah kita akan memohon pada sesuatu selain Allah, yang tidak dapat memberi manfaat dan tidak (pula) mendatangkan mudarat kepada kita, dan (apakah) kita akan dikembalikan ke belakang (kufur dan sesat), setelah Allah memberi petunjuk kepada kita, seperti orang yang telah disesatkan oleh setan di bumi, dalam keadaan kebingungan,” sedangkan dia mempunyai kawan-kawan yang selalu mengajaknya ke jalan yang lurus (dengan mengatakan), ‘Ikutilah kami.’?” Katakanlah, “Sesungguhnya petunjuk Allah itulah petunjuk (yang sebenarnya). Kita diperintahkan agar berserah diri kepada Tuhan semesta alam,	Allah	http://www.wikidata.org/entity/Q2095353	Allah
6	71	Katakanlah (Nabi Muhammad), “Apakah kita akan memohon pada sesuatu selain Allah, yang tidak dapat memberi manfaat dan tidak (pula) mendatangkan mudarat kepada kita, dan (apakah) kita akan dikembalikan ke belakang (kufur dan sesat), setelah Allah memberi petunjuk kepada kita, seperti orang yang telah disesatkan oleh setan di bumi, dalam keadaan kebingungan,” sedangkan dia mempunyai kawan-kawan yang selalu mengajaknya ke jalan yang lurus (dengan mengatakan), ‘Ikutilah kami.’?” Katakanlah, “Sesungguhnya petunjuk Allah itulah petunjuk (yang sebenarnya). Kita diperintahkan agar berserah diri kepada Tuhan semesta alam,	bumi	http://www.wikidata.org/entity/Q2	AstronomicalBody
6	71	Katakanlah (Nabi Muhammad), “Apakah kita akan memohon pada sesuatu selain Allah, yang tidak dapat memberi manfaat dan tidak (pula) mendatangkan mudarat kepada kita, dan (apakah) kita akan dikembalikan ke belakang (kufur dan sesat), setelah Allah memberi petunjuk kepada kita, seperti orang yang telah disesatkan oleh setan di bumi, dalam keadaan kebingungan,” sedangkan dia mempunyai kawan-kawan yang selalu mengajaknya ke jalan yang lurus (dengan mengatakan), ‘Ikutilah kami.’?” Katakanlah, “Sesungguhnya petunjuk Allah itulah petunjuk (yang sebenarnya). Kita diperintahkan agar berserah diri kepada Tuhan semesta alam,	Allah	http://www.wikidata.org/entity/Q2095353	Allah
6	71	Katakanlah (Nabi Muhammad), “Apakah kita akan memohon pada sesuatu selain Allah, yang tidak dapat memberi manfaat dan tidak (pula) mendatangkan mudarat kepada kita, dan (apakah) kita akan dikembalikan ke belakang (kufur dan sesat), setelah Allah memberi petunjuk kepada kita, seperti orang yang telah disesatkan oleh setan di bumi, dalam keadaan kebingungan,” sedangkan dia mempunyai kawan-kawan yang selalu mengajaknya ke jalan yang lurus (dengan mengatakan), ‘Ikutilah kami.’?” Katakanlah, “Sesungguhnya petunjuk Allah itulah petunjuk (yang sebenarnya). Kita diperintahkan agar berserah diri kepada Tuhan semesta alam,	Tuhan semesta alam	http://www.wikidata.org/entity/Q2095353	Allah
6	73	Dialah yang menciptakan langit dan bumi dengan hak (benar). (Sungguh benar ketetapan-Nya) pada hari (ketika) Dia berkata, “Jadilah!” Maka, jadilah sesuatu itu. Firman-Nya adalah benar, dan milik-Nyalah segala kekuasaan pada waktu sangkakala ditiup. Dia mengetahui yang gaib dan yang nyata. Dialah Yang Maha Bijaksana lagi Maha Teliti.	langit	http://www.wikidata.org/entity/Q527	AstronomicalBody
6	73	Dialah yang menciptakan langit dan bumi dengan hak (benar). (Sungguh benar ketetapan-Nya) pada hari (ketika) Dia berkata, “Jadilah!” Maka, jadilah sesuatu itu. Firman-Nya adalah benar, dan milik-Nyalah segala kekuasaan pada waktu sangkakala ditiup. Dia mengetahui yang gaib dan yang nyata. Dialah Yang Maha Bijaksana lagi Maha Teliti.	bumi	http://www.wikidata.org/entity/Q2	AstronomicalBody
6	73	Dialah yang menciptakan langit dan bumi dengan hak (benar). (Sungguh benar ketetapan-Nya) pada hari (ketika) Dia berkata, “Jadilah!” Maka, jadilah sesuatu itu. Firman-Nya adalah benar, dan milik-Nyalah segala kekuasaan pada waktu sangkakala ditiup. Dia mengetahui yang gaib dan yang nyata. Dialah Yang Maha Bijaksana lagi Maha Teliti.	Yang Maha Bijaksana lagi Maha Teliti	http://www.wikidata.org/entity/Q2095353	Allah
6	74	(Ingatlah) ketika Ibrahim berkata kepada ayahnya, Azar, “Apakah (pantas) engkau menjadikan berhala-berhala itu sebagai tuhan? Sesungguhnya aku melihat engkau dan kaummu dalam kesesatan yang nyata.”	Ibrahim	http://www.wikidata.org/entity/Q1768161	Messenger
6	74	(Ingatlah) ketika Ibrahim berkata kepada ayahnya, Azar, “Apakah (pantas) engkau menjadikan berhala-berhala itu sebagai tuhan? Sesungguhnya aku melihat engkau dan kaummu dalam kesesatan yang nyata.”	Azar	http://www.wikidata.org/entity/Q16166505	Person
6	75	Demikianlah Kami memperlihatkan kepada Ibrahim kekuasaan (Kami yang terdapat) di langit dan bumi dan agar dia termasuk orang-orang yang yakin.	Ibrahim	http://www.wikidata.org/entity/Q1768161	Messenger
6	75	Demikianlah Kami memperlihatkan kepada Ibrahim kekuasaan (Kami yang terdapat) di langit dan bumi dan agar dia termasuk orang-orang yang yakin.	langit	http://www.wikidata.org/entity/Q527	AstronomicalBody
6	75	Demikianlah Kami memperlihatkan kepada Ibrahim kekuasaan (Kami yang terdapat) di langit dan bumi dan agar dia termasuk orang-orang yang yakin.	bumi	http://www.wikidata.org/entity/Q2	AstronomicalBody
6	76	Ketika malam telah menjadi gelap, dia (Ibrahim) melihat sebuah bintang (lalu) dia berkata, “Inilah Tuhanku.” Maka, ketika bintang itu terbenam dia berkata, “Aku tidak suka kepada yang terbenam.”	Ibrahim	http://www.wikidata.org/entity/Q1768161	Messenger
6	77	Kemudian, ketika dia melihat bulan terbit dia berkata (kepada kaumnya), “Inilah Tuhanku.” Akan tetapi, ketika bulan itu terbenam dia berkata, “Sungguh, jika Tuhanku tidak memberi petunjuk kepadaku, pastilah aku termasuk kaum yang sesat.”	bulan	http://www.wikidata.org/entity/Q405	AstronomicalBody
6	77	Kemudian, ketika dia melihat bulan terbit dia berkata (kepada kaumnya), “Inilah Tuhanku.” Akan tetapi, ketika bulan itu terbenam dia berkata, “Sungguh, jika Tuhanku tidak memberi petunjuk kepadaku, pastilah aku termasuk kaum yang sesat.”	bulan	http://www.wikidata.org/entity/Q405	AstronomicalBody
6	78	Kemudian, ketika dia melihat matahari terbit dia berkata (lagi kepada kaumnya), “Inilah Tuhanku. Ini lebih besar.” Akan tetapi, ketika matahari terbenam dia berkata, “Wahai kaumku, sesungguhnya aku berlepas diri dari yang kamu persekutukan.”	matahari	http://www.wikidata.org/entity/Q525	AstronomicalBody
6	78	Kemudian, ketika dia melihat matahari terbit dia berkata (lagi kepada kaumnya), “Inilah Tuhanku. Ini lebih besar.” Akan tetapi, ketika matahari terbenam dia berkata, “Wahai kaumku, sesungguhnya aku berlepas diri dari yang kamu persekutukan.”	matahari	http://www.wikidata.org/entity/Q525	AstronomicalBody
6	80	Kaumnya membantah. Dia (Ibrahim) berkata, “Apakah kamu hendak membantahku tentang Allah, padahal Dia benar-benar telah memberi petunjuk kepadaku? Aku tidak takut kepada yang kamu persekutukan dengan-Nya, kecuali Tuhanku menghendaki sesuatu. Ilmu Tuhanku meliputi segala sesuatu. Tidakkah kamu dapat mengambil pelajaran?”	Ibrahim	http://www.wikidata.org/entity/Q1768161	Messenger
6	80	Kaumnya membantah. Dia (Ibrahim) berkata, “Apakah kamu hendak membantahku tentang Allah, padahal Dia benar-benar telah memberi petunjuk kepadaku? Aku tidak takut kepada yang kamu persekutukan dengan-Nya, kecuali Tuhanku menghendaki sesuatu. Ilmu Tuhanku meliputi segala sesuatu. Tidakkah kamu dapat mengambil pelajaran?”	Allah	http://www.wikidata.org/entity/Q2095353	Allah
6	81	Bagaimana mungkin aku takut kepada yang kamu sekutukan (dengan Allah), padahal kamu tidak takut menyekutukan sesuatu dengan Allah yang Dia (sendiri) tidak pernah menurunkan kepadamu alasan apa pun. Maka, golongan yang manakah dari keduanya yang lebih berhak mendapat keamanan (dari malapetaka) jika kamu mengetahui?”	Allah	http://www.wikidata.org/entity/Q2095353	Allah
6	81	Bagaimana mungkin aku takut kepada yang kamu sekutukan (dengan Allah), padahal kamu tidak takut menyekutukan sesuatu dengan Allah yang Dia (sendiri) tidak pernah menurunkan kepadamu alasan apa pun. Maka, golongan yang manakah dari keduanya yang lebih berhak mendapat keamanan (dari malapetaka) jika kamu mengetahui?”	Allah	http://www.wikidata.org/entity/Q2095353	Allah
6	82	Orang-orang yang beriman dan tidak mencampuradukkan iman mereka dengan kezaliman (syirik), merekalah orang-orang yang mendapat rasa aman dan mendapat petunjuk.			
6	85	(Demikian juga kepada) Zakaria, Yahya, Isa, dan Ilyas. Semuanya termasuk orang-orang yang saleh.	Zakaria	http://www.wikidata.org/entity/Q2420409	Prophet
6	85	(Demikian juga kepada) Zakaria, Yahya, Isa, dan Ilyas. Semuanya termasuk orang-orang yang saleh.	Yahya	http://www.wikidata.org/entity/Q2422313	Prophet
6	85	(Demikian juga kepada) Zakaria, Yahya, Isa, dan Ilyas. Semuanya termasuk orang-orang yang saleh.	Isa	http://www.wikidata.org/entity/Q51664	Messenger
6	85	(Demikian juga kepada) Zakaria, Yahya, Isa, dan Ilyas. Semuanya termasuk orang-orang yang saleh.	Ilyas	http://www.wikidata.org/entity/Q2090543	Prophet
6	86	(Begitu juga kepada) Ismail, Ilyasa’, Yunus, dan Lut. Tiap-tiap mereka Kami lebihkan daripada (umat) seluruh alam (pada masanya).	Ismail	http://www.wikidata.org/entity/Q470988	Messenger
6	86	(Begitu juga kepada) Ismail, Ilyasa’, Yunus, dan Lut. Tiap-tiap mereka Kami lebihkan daripada (umat) seluruh alam (pada masanya).	Ilyasa’	http://www.wikidata.org/entity/Q15215483	Person
6	86	(Begitu juga kepada) Ismail, Ilyasa’, Yunus, dan Lut. Tiap-tiap mereka Kami lebihkan daripada (umat) seluruh alam (pada masanya).	Yunus	http://www.wikidata.org/entity/Q2601901	Messenger
6	86	(Begitu juga kepada) Ismail, Ilyasa’, Yunus, dan Lut. Tiap-tiap mereka Kami lebihkan daripada (umat) seluruh alam (pada masanya).	Lut	http://www.wikidata.org/entity/Q1918059	Messenger
6	87	(Kami lebihkan pula) sebagian dari nenek moyang mereka, keturunan mereka, dan saudara-saudara mereka. Kami telah memilih mereka (menjadi nabi dan rasul) dan Kami memberi mereka petunjuk menuju jalan yang lurus.			
6	88	Demikian itu petunjuk Allah. Dengannya Dia memberi petunjuk kepada siapa saja di antara hamba-hamba-Nya yang Dia kehendaki. Seandainya mereka mempersekutukan Allah, pasti sia-sialah amal yang telah mereka kerjakan.	Allah	http://www.wikidata.org/entity/Q2095353	Allah
6	88	Demikian itu petunjuk Allah. Dengannya Dia memberi petunjuk kepada siapa saja di antara hamba-hamba-Nya yang Dia kehendaki. Seandainya mereka mempersekutukan Allah, pasti sia-sialah amal yang telah mereka kerjakan.	Allah	http://www.wikidata.org/entity/Q2095353	Allah
6	89	Mereka itulah orang-orang yang telah Kami anugerahi kitab, hikmah, dan kenabian. Jika orang-orang (Quraisy) itu mengingkarinya, Kami akan menyerahkannya kepada kaum yang tidak mengingkarinya.	Quraisy	http://www.wikidata.org/entity/Q485732	Person
6	90	Mereka itulah (para nabi) yang telah diberi petunjuk oleh Allah. Maka, ikutilah petunjuk mereka. Katakanlah (Nabi Muhammad), “Aku tidak meminta imbalan kepadamu atasnya (menyampaikan Al-Qur’an).” (Al-Qur’an) itu hanyalah peringatan untuk (umat) seluruh alam.	Allah	http://www.wikidata.org/entity/Q2095353	Allah
6	90	Mereka itulah (para nabi) yang telah diberi petunjuk oleh Allah. Maka, ikutilah petunjuk mereka. Katakanlah (Nabi Muhammad), “Aku tidak meminta imbalan kepadamu atasnya (menyampaikan Al-Qur’an).” (Al-Qur’an) itu hanyalah peringatan untuk (umat) seluruh alam.	Muhammad	http://www.wikidata.org/entity/Q9458	Messenger
6	90	Mereka itulah (para nabi) yang telah diberi petunjuk oleh Allah. Maka, ikutilah petunjuk mereka. Katakanlah (Nabi Muhammad), “Aku tidak meminta imbalan kepadamu atasnya (menyampaikan Al-Qur’an).” (Al-Qur’an) itu hanyalah peringatan untuk (umat) seluruh alam.	Al-Qur’an	http://www.wikidata.org/entity/Q428	HolyBook
6	90	Mereka itulah (para nabi) yang telah diberi petunjuk oleh Allah. Maka, ikutilah petunjuk mereka. Katakanlah (Nabi Muhammad), “Aku tidak meminta imbalan kepadamu atasnya (menyampaikan Al-Qur’an).” (Al-Qur’an) itu hanyalah peringatan untuk (umat) seluruh alam.	Al-Qur’an	http://www.wikidata.org/entity/Q428	HolyBook
6	91	Mereka (Bani Israil) tidak mengagungkan Allah sebagaimana mestinya ketika mereka berkata, “Allah tidak menurunkan sesuatu pun kepada manusia.” Katakanlah (Nabi Muhammad), “Siapakah yang menurunkan kitab suci (Taurat) yang dibawa Musa sebagai cahaya dan petunjuk bagi manusia? Kamu (Bani Israil) menjadikannya lembaran-lembaran lepas. Kamu memperlihatkan (sebagiannya) dan banyak yang kamu sembunyikan, padahal telah diajarkan kepadamu apa yang tidak diketahui baik olehmu maupun oleh nenek moyangmu.” Katakanlah, “Allah.” Kemudian, biarkanlah mereka bermain-main dalam kesesatannya.	Bani Israil	http://www.wikidata.org/entity/Q2605404	Person
6	91	Mereka (Bani Israil) tidak mengagungkan Allah sebagaimana mestinya ketika mereka berkata, “Allah tidak menurunkan sesuatu pun kepada manusia.” Katakanlah (Nabi Muhammad), “Siapakah yang menurunkan kitab suci (Taurat) yang dibawa Musa sebagai cahaya dan petunjuk bagi manusia? Kamu (Bani Israil) menjadikannya lembaran-lembaran lepas. Kamu memperlihatkan (sebagiannya) dan banyak yang kamu sembunyikan, padahal telah diajarkan kepadamu apa yang tidak diketahui baik olehmu maupun oleh nenek moyangmu.” Katakanlah, “Allah.” Kemudian, biarkanlah mereka bermain-main dalam kesesatannya.	Allah	http://www.wikidata.org/entity/Q2095353	Allah
6	91	Mereka (Bani Israil) tidak mengagungkan Allah sebagaimana mestinya ketika mereka berkata, “Allah tidak menurunkan sesuatu pun kepada manusia.” Katakanlah (Nabi Muhammad), “Siapakah yang menurunkan kitab suci (Taurat) yang dibawa Musa sebagai cahaya dan petunjuk bagi manusia? Kamu (Bani Israil) menjadikannya lembaran-lembaran lepas. Kamu memperlihatkan (sebagiannya) dan banyak yang kamu sembunyikan, padahal telah diajarkan kepadamu apa yang tidak diketahui baik olehmu maupun oleh nenek moyangmu.” Katakanlah, “Allah.” Kemudian, biarkanlah mereka bermain-main dalam kesesatannya.	Allah	http://www.wikidata.org/entity/Q2095353	Allah
6	91	Mereka (Bani Israil) tidak mengagungkan Allah sebagaimana mestinya ketika mereka berkata, “Allah tidak menurunkan sesuatu pun kepada manusia.” Katakanlah (Nabi Muhammad), “Siapakah yang menurunkan kitab suci (Taurat) yang dibawa Musa sebagai cahaya dan petunjuk bagi manusia? Kamu (Bani Israil) menjadikannya lembaran-lembaran lepas. Kamu memperlihatkan (sebagiannya) dan banyak yang kamu sembunyikan, padahal telah diajarkan kepadamu apa yang tidak diketahui baik olehmu maupun oleh nenek moyangmu.” Katakanlah, “Allah.” Kemudian, biarkanlah mereka bermain-main dalam kesesatannya.	Muhammad	http://www.wikidata.org/entity/Q9458	Messenger
6	91	Mereka (Bani Israil) tidak mengagungkan Allah sebagaimana mestinya ketika mereka berkata, “Allah tidak menurunkan sesuatu pun kepada manusia.” Katakanlah (Nabi Muhammad), “Siapakah yang menurunkan kitab suci (Taurat) yang dibawa Musa sebagai cahaya dan petunjuk bagi manusia? Kamu (Bani Israil) menjadikannya lembaran-lembaran lepas. Kamu memperlihatkan (sebagiannya) dan banyak yang kamu sembunyikan, padahal telah diajarkan kepadamu apa yang tidak diketahui baik olehmu maupun oleh nenek moyangmu.” Katakanlah, “Allah.” Kemudian, biarkanlah mereka bermain-main dalam kesesatannya.	Taurat	http://www.wikidata.org/entity/Q2383104	HolyBook
6	91	Mereka (Bani Israil) tidak mengagungkan Allah sebagaimana mestinya ketika mereka berkata, “Allah tidak menurunkan sesuatu pun kepada manusia.” Katakanlah (Nabi Muhammad), “Siapakah yang menurunkan kitab suci (Taurat) yang dibawa Musa sebagai cahaya dan petunjuk bagi manusia? Kamu (Bani Israil) menjadikannya lembaran-lembaran lepas. Kamu memperlihatkan (sebagiannya) dan banyak yang kamu sembunyikan, padahal telah diajarkan kepadamu apa yang tidak diketahui baik olehmu maupun oleh nenek moyangmu.” Katakanlah, “Allah.” Kemudian, biarkanlah mereka bermain-main dalam kesesatannya.	Musa	http://www.wikidata.org/entity/Q1990155	Messenger
6	91	Mereka (Bani Israil) tidak mengagungkan Allah sebagaimana mestinya ketika mereka berkata, “Allah tidak menurunkan sesuatu pun kepada manusia.” Katakanlah (Nabi Muhammad), “Siapakah yang menurunkan kitab suci (Taurat) yang dibawa Musa sebagai cahaya dan petunjuk bagi manusia? Kamu (Bani Israil) menjadikannya lembaran-lembaran lepas. Kamu memperlihatkan (sebagiannya) dan banyak yang kamu sembunyikan, padahal telah diajarkan kepadamu apa yang tidak diketahui baik olehmu maupun oleh nenek moyangmu.” Katakanlah, “Allah.” Kemudian, biarkanlah mereka bermain-main dalam kesesatannya.	Bani Israil	http://www.wikidata.org/entity/Q2605404	Person
6	91	Mereka (Bani Israil) tidak mengagungkan Allah sebagaimana mestinya ketika mereka berkata, “Allah tidak menurunkan sesuatu pun kepada manusia.” Katakanlah (Nabi Muhammad), “Siapakah yang menurunkan kitab suci (Taurat) yang dibawa Musa sebagai cahaya dan petunjuk bagi manusia? Kamu (Bani Israil) menjadikannya lembaran-lembaran lepas. Kamu memperlihatkan (sebagiannya) dan banyak yang kamu sembunyikan, padahal telah diajarkan kepadamu apa yang tidak diketahui baik olehmu maupun oleh nenek moyangmu.” Katakanlah, “Allah.” Kemudian, biarkanlah mereka bermain-main dalam kesesatannya.	Allah	http://www.wikidata.org/entity/Q2095353	Allah
6	92	Ini (Al-Qur’an) adalah kitab suci yang telah Kami turunkan lagi diberkahi yang membenarkan kitab-kitab yang (diturunkan) sebelumnya dan agar engkau memberi peringatan kepada (penduduk) Ummul Qura (Makkah) dan orang-orang yang ada di sekitarnya. Orang-orang yang beriman pada (kehidupan) akhirat (tentu) beriman padanya (Al-Qur’an) dan mereka selalu memelihara salatnya.	Al-Qur’an	http://www.wikidata.org/entity/Q428	HolyBook
6	92	Ini (Al-Qur’an) adalah kitab suci yang telah Kami turunkan lagi diberkahi yang membenarkan kitab-kitab yang (diturunkan) sebelumnya dan agar engkau memberi peringatan kepada (penduduk) Ummul Qura (Makkah) dan orang-orang yang ada di sekitarnya. Orang-orang yang beriman pada (kehidupan) akhirat (tentu) beriman padanya (Al-Qur’an) dan mereka selalu memelihara salatnya.	Ummul Qura	http://www.wikidata.org/entity/Q5806	GeographicalLocation
6	92	Ini (Al-Qur’an) adalah kitab suci yang telah Kami turunkan lagi diberkahi yang membenarkan kitab-kitab yang (diturunkan) sebelumnya dan agar engkau memberi peringatan kepada (penduduk) Ummul Qura (Makkah) dan orang-orang yang ada di sekitarnya. Orang-orang yang beriman pada (kehidupan) akhirat (tentu) beriman padanya (Al-Qur’an) dan mereka selalu memelihara salatnya.	Makkah	http://www.wikidata.org/entity/Q5806	GeographicalLocation
6	92	Ini (Al-Qur’an) adalah kitab suci yang telah Kami turunkan lagi diberkahi yang membenarkan kitab-kitab yang (diturunkan) sebelumnya dan agar engkau memberi peringatan kepada (penduduk) Ummul Qura (Makkah) dan orang-orang yang ada di sekitarnya. Orang-orang yang beriman pada (kehidupan) akhirat (tentu) beriman padanya (Al-Qur’an) dan mereka selalu memelihara salatnya.	Al-Qur’an	http://www.wikidata.org/entity/Q428	HolyBook
6	93	Siapakah yang lebih zalim daripada orang-orang yang mengada-adakan dusta terhadap Allah atau yang berkata, “Telah diwahyukan kepadaku,” padahal tidak diwahyukan sesuatu pun kepadanya dan orang yang berkata, “Aku akan mendatangkan seperti yang diturunkan Allah.” Seandainya saja engkau melihat pada waktu orang-orang zalim itu (berada) dalam kesakitan sakratulmaut, sedang para malaikat memukul dengan tangannya (sembari berkata), “Keluarkanlah nyawamu!” Pada hari ini kamu akan dibalas dengan azab yang sangat menghinakan karena kamu mengatakan terhadap Allah (perkataan) yang tidak benar dan (karena) kamu menyombongkan diri terhadap ayat-ayat-Nya.	Allah	http://www.wikidata.org/entity/Q2095353	Allah
6	93	Siapakah yang lebih zalim daripada orang-orang yang mengada-adakan dusta terhadap Allah atau yang berkata, “Telah diwahyukan kepadaku,” padahal tidak diwahyukan sesuatu pun kepadanya dan orang yang berkata, “Aku akan mendatangkan seperti yang diturunkan Allah.” Seandainya saja engkau melihat pada waktu orang-orang zalim itu (berada) dalam kesakitan sakratulmaut, sedang para malaikat memukul dengan tangannya (sembari berkata), “Keluarkanlah nyawamu!” Pada hari ini kamu akan dibalas dengan azab yang sangat menghinakan karena kamu mengatakan terhadap Allah (perkataan) yang tidak benar dan (karena) kamu menyombongkan diri terhadap ayat-ayat-Nya.	Allah	http://www.wikidata.org/entity/Q2095353	Allah
6	93	Siapakah yang lebih zalim daripada orang-orang yang mengada-adakan dusta terhadap Allah atau yang berkata, “Telah diwahyukan kepadaku,” padahal tidak diwahyukan sesuatu pun kepadanya dan orang yang berkata, “Aku akan mendatangkan seperti yang diturunkan Allah.” Seandainya saja engkau melihat pada waktu orang-orang zalim itu (berada) dalam kesakitan sakratulmaut, sedang para malaikat memukul dengan tangannya (sembari berkata), “Keluarkanlah nyawamu!” Pada hari ini kamu akan dibalas dengan azab yang sangat menghinakan karena kamu mengatakan terhadap Allah (perkataan) yang tidak benar dan (karena) kamu menyombongkan diri terhadap ayat-ayat-Nya.	Allah	http://www.wikidata.org/entity/Q2095353	Allah
6	95	Sesungguhnya Allah yang menumbuhkan butir (padi-padian) dan biji (buah-buahan). Dia mengeluarkan yang hidup dari yang mati dan mengeluarkan yang mati dari yang hidup. Itulah (kekuasaan) Allah. Maka, bagaimana kamu dapat dipalingkan?	Allah	http://www.wikidata.org/entity/Q2095353	Allah
6	95	Sesungguhnya Allah yang menumbuhkan butir (padi-padian) dan biji (buah-buahan). Dia mengeluarkan yang hidup dari yang mati dan mengeluarkan yang mati dari yang hidup. Itulah (kekuasaan) Allah. Maka, bagaimana kamu dapat dipalingkan?	Allah	http://www.wikidata.org/entity/Q2095353	Allah
6	96	(Dia) yang menyingsingkan pagi dan menjadikan malam untuk beristirahat, serta (menjadikan) matahari dan bulan untuk perhitungan. Itulah ketetapan Allah Yang Maha Perkasa lagi Maha Mengetahui.	matahari	http://www.wikidata.org/entity/Q525	AstronomicalBody
6	96	(Dia) yang menyingsingkan pagi dan menjadikan malam untuk beristirahat, serta (menjadikan) matahari dan bulan untuk perhitungan. Itulah ketetapan Allah Yang Maha Perkasa lagi Maha Mengetahui.	bulan	http://www.wikidata.org/entity/Q405	AstronomicalBody
6	96	(Dia) yang menyingsingkan pagi dan menjadikan malam untuk beristirahat, serta (menjadikan) matahari dan bulan untuk perhitungan. Itulah ketetapan Allah Yang Maha Perkasa lagi Maha Mengetahui.	Allah	http://www.wikidata.org/entity/Q2095353	Allah
6	96	(Dia) yang menyingsingkan pagi dan menjadikan malam untuk beristirahat, serta (menjadikan) matahari dan bulan untuk perhitungan. Itulah ketetapan Allah Yang Maha Perkasa lagi Maha Mengetahui.	Yang Maha Perkasa lagi Maha Mengetahui	http://www.wikidata.org/entity/Q2095353	Allah
6	97	Dialah yang menjadikan bagimu bintang-bintang agar kamu menjadikannya petunjuk dalam kegelapan (yang pekat) di darat dan di laut. Sungguh, Kami telah memerinci tanda-tanda (kekuasaan Kami) kepada kaum yang mengetahui.			
6	98	Dialah yang menciptakanmu dari diri yang satu (Adam), maka (bagimu) ada tempat menetap dan tempat menyimpan. Sungguh, Kami telah memerinci tanda-tanda (kekuasaan Kami) kepada kaum yang memahami.	Adam	http://www.wikidata.org/entity/Q2001710	Prophet
6	99	Dialah yang menurunkan air dari langit lalu dengannya Kami menumbuhkan segala macam tumbuhan. Maka, darinya Kami mengeluarkan tanaman yang menghijau. Darinya Kami mengeluarkan butir yang bertumpuk (banyak). Dari mayang kurma (mengurai) tangkai-tangkai yang menjuntai. (Kami menumbuhkan) kebun-kebun anggur. (Kami menumbuhkan pula) zaitun dan delima yang serupa dan yang tidak serupa. Perhatikanlah buahnya pada waktu berbuah dan menjadi masak. Sesungguhnya pada yang demikian itu benar-benar terdapat tanda-tanda (kekuasaan Allah) bagi kaum yang beriman.	langit	http://www.wikidata.org/entity/Q527	AstronomicalBody
6	99	Dialah yang menurunkan air dari langit lalu dengannya Kami menumbuhkan segala macam tumbuhan. Maka, darinya Kami mengeluarkan tanaman yang menghijau. Darinya Kami mengeluarkan butir yang bertumpuk (banyak). Dari mayang kurma (mengurai) tangkai-tangkai yang menjuntai. (Kami menumbuhkan) kebun-kebun anggur. (Kami menumbuhkan pula) zaitun dan delima yang serupa dan yang tidak serupa. Perhatikanlah buahnya pada waktu berbuah dan menjadi masak. Sesungguhnya pada yang demikian itu benar-benar terdapat tanda-tanda (kekuasaan Allah) bagi kaum yang beriman.	Allah	http://www.wikidata.org/entity/Q2095353	Allah
6	100	Mereka (orang-orang musyrik) menjadikan jin sekutu-sekutu bagi Allah, padahal Dia yang menciptakannya (jin-jin itu). Mereka berbohong terhadap-Nya (dengan mengatakan bahwa Allah mempunyai) anak laki-laki dan anak perempuan, tanpa (dasar) pengetahuan. Maha Suci dan Maha Tinggi Dia dari sifat-sifat yang mereka gambarkan.	Allah	http://www.wikidata.org/entity/Q2095353	Allah
6	100	Mereka (orang-orang musyrik) menjadikan jin sekutu-sekutu bagi Allah, padahal Dia yang menciptakannya (jin-jin itu). Mereka berbohong terhadap-Nya (dengan mengatakan bahwa Allah mempunyai) anak laki-laki dan anak perempuan, tanpa (dasar) pengetahuan. Maha Suci dan Maha Tinggi Dia dari sifat-sifat yang mereka gambarkan.	Allah	http://www.wikidata.org/entity/Q2095353	Allah
6	101	Dia (Allah) pencipta langit dan bumi. Bagaimana (mungkin) Dia mempunyai anak, padahal Dia tidak mempunyai istri? Dia menciptakan segala sesuatu dan Dia Maha Mengetahui segala sesuatu.	Allah	http://www.wikidata.org/entity/Q2095353	Allah
6	101	Dia (Allah) pencipta langit dan bumi. Bagaimana (mungkin) Dia mempunyai anak, padahal Dia tidak mempunyai istri? Dia menciptakan segala sesuatu dan Dia Maha Mengetahui segala sesuatu.	langit	http://www.wikidata.org/entity/Q527	AstronomicalBody
6	101	Dia (Allah) pencipta langit dan bumi. Bagaimana (mungkin) Dia mempunyai anak, padahal Dia tidak mempunyai istri? Dia menciptakan segala sesuatu dan Dia Maha Mengetahui segala sesuatu.	bumi	http://www.wikidata.org/entity/Q2	AstronomicalBody
6	102	Itulah Allah Tuhanmu. Tidak ada tuhan selain Dia, pencipta segala sesuatu. Maka, sembahlah Dia. Dialah pemelihara segala sesuatu.	Allah	http://www.wikidata.org/entity/Q2095353	Allah
6	103	Dia tidak dapat dijangkau oleh penglihatan mata, sedangkan Dia dapat menjangkau segala penglihatan itu. Dialah Yang Maha Halus lagi Maha Teliti.	Yang Maha Halus lagi Maha Teliti	http://www.wikidata.org/entity/Q2095353	Allah
6	104	Sungguh, telah datang kepadamu bukti-bukti yang nyata dari Tuhanmu. Siapa yang melihat (bukti-bukti itu), maka (manfaatnya) bagi dirinya sendiri dan siapa yang buta (tidak melihat bukti-bukti itu), maka (akibat buruknya) bagi dirinya sendiri, sedangkan aku (Nabi Muhammad) bukanlah pengawas(-mu).	Muhammad	http://www.wikidata.org/entity/Q9458	Messenger
6	105	Demikianlah Kami menjelaskan berulang-ulang ayat-ayat Kami (agar orang-orang beriman mengambil pelajaran darinya) dan agar mereka (orang-orang musyrik) mengatakan, “Engkau telah mempelajari (ayat-ayat itu dari Ahlulkitab),” dan agar Kami menjelaskannya (Al-Qur’an) kepada kaum yang mengetahui.	Ahlulkitab	http://www.wikidata.org/entity/Q216565	Person
6	105	Demikianlah Kami menjelaskan berulang-ulang ayat-ayat Kami (agar orang-orang beriman mengambil pelajaran darinya) dan agar mereka (orang-orang musyrik) mengatakan, “Engkau telah mempelajari (ayat-ayat itu dari Ahlulkitab),” dan agar Kami menjelaskannya (Al-Qur’an) kepada kaum yang mengetahui.	Al-Qur’an	http://www.wikidata.org/entity/Q428	HolyBook
6	106	Ikutilah apa (Al-Qur'an) yang telah diwahyukan kepadamu (Nabi Muhammad) dari Tuhanmu. Tidak ada tuhan selain Dia. Berpalinglah pula dari orang-orang musyrik.	Al-Qur'an	http://www.wikidata.org/entity/Q428	HolyBook
6	106	Ikutilah apa (Al-Qur'an) yang telah diwahyukan kepadamu (Nabi Muhammad) dari Tuhanmu. Tidak ada tuhan selain Dia. Berpalinglah pula dari orang-orang musyrik.	Muhammad	http://www.wikidata.org/entity/Q9458	Messenger
6	107	Sekiranya Allah menghendaki, niscaya mereka tidak mempersekutukan(-Nya). Kami tidak menjadikan engkau pengawas mereka dan engkau bukan pula penanggung jawab mereka.	Allah	http://www.wikidata.org/entity/Q2095353	Allah
6	109	Mereka bersumpah dengan (nama) Allah dengan sebenar-benarnya sumpah (bahwa) sungguh jika datang suatu bukti (mukjizat) kepada mereka, pastilah mereka akan beriman kepadanya. Katakanlah, “Sesungguhnya bukti-bukti itu hanya ada pada sisi Allah.” Kamu tidak akan mengira bahwa jika bukti (mukjizat) itu datang, mereka tidak juga akan beriman.	Allah	http://www.wikidata.org/entity/Q2095353	Allah
6	109	Mereka bersumpah dengan (nama) Allah dengan sebenar-benarnya sumpah (bahwa) sungguh jika datang suatu bukti (mukjizat) kepada mereka, pastilah mereka akan beriman kepadanya. Katakanlah, “Sesungguhnya bukti-bukti itu hanya ada pada sisi Allah.” Kamu tidak akan mengira bahwa jika bukti (mukjizat) itu datang, mereka tidak juga akan beriman.	Allah	http://www.wikidata.org/entity/Q2095353	Allah
6	110	(Kamu pun tidak akan mengira bahwa) Kami akan memalingkan hati dan penglihatan mereka seperti pertama kali mereka tidak beriman kepadanya (Al-Qur’an) serta Kami membiarkan mereka bingung dalam kesesatan.	Al-Qur’an	http://www.wikidata.org/entity/Q428	HolyBook
6	112	Demikianlah (sebagaimana Kami menjadikan bagimu musuh) Kami telah menjadikan (pula) bagi setiap nabi musuh yang terdiri atas setan-setan (berupa) manusia dan jin. Sebagian mereka membisikkan kepada sebagian yang lain perkataan yang indah sebagai tipuan. Seandainya Tuhanmu menghendaki, niscaya mereka tidak akan melakukannya. Maka, tinggalkan mereka bersama apa yang mereka ada-adakan (kebohongan).			
6	113	(Setan-setan itu saling membisikkan perkataan yang indah juga) agar hati kecil orang-orang yang tidak beriman pada akhirat tertarik pada bisikan itu serta menyenanginya, dan agar mereka melakukan apa yang biasa mereka (setan-setan itu) lakukan.			
6	115	Telah sempurna kalimat Tuhanmu (Al-Qur’an) dengan (mengandung) kebenaran dan keadilan. Tidak ada (seorang pun) yang dapat mengubah kalimat-kalimat-Nya. Dia Maha Mendengar lagi Maha Mengetahui.	Al-Qur’an	http://www.wikidata.org/entity/Q428	HolyBook
6	116	Jika engkau mengikuti (kemauan) kebanyakan orang (kafir) di bumi ini (dalam urusan agama), niscaya mereka akan menyesatkanmu dari jalan Allah. Mereka hanya mengikuti persangkaan belaka dan mereka hanyalah membuat kebohongan.	bumi	http://www.wikidata.org/entity/Q2	AstronomicalBody
6	116	Jika engkau mengikuti (kemauan) kebanyakan orang (kafir) di bumi ini (dalam urusan agama), niscaya mereka akan menyesatkanmu dari jalan Allah. Mereka hanya mengikuti persangkaan belaka dan mereka hanyalah membuat kebohongan.	Allah	http://www.wikidata.org/entity/Q2095353	Allah
6	117	Sesungguhnya Tuhanmu, Dialah yang lebih mengetahui siapa yang tersesat dari jalan-Nya dan Dia (pula) yang lebih mengetahui orang-orang yang mendapat petunjuk.			
6	118	Makanlah sebagian apa (daging hewan halal) yang (ketika disembelih) disebut nama Allah jika kamu beriman pada ayat-ayat-Nya.	Allah	http://www.wikidata.org/entity/Q2095353	Allah
6	119	Mengapa kamu tidak mau memakan sesuatu (daging hewan) yang (ketika disembelih) disebut nama Allah. Padahal, Allah telah menjelaskan secara rinci kepadamu sesuatu yang Dia haramkan kepadamu, kecuali jika kamu dalam keadaan terpaksa. Sesungguhnya banyak yang menyesatkan (orang lain) dengan mengikuti hawa nafsunya tanpa dasar pengetahuan. Sesungguhnya Tuhanmu lebih mengetahui orang-orang yang melampaui batas.	Allah	http://www.wikidata.org/entity/Q2095353	Allah
6	119	Mengapa kamu tidak mau memakan sesuatu (daging hewan) yang (ketika disembelih) disebut nama Allah. Padahal, Allah telah menjelaskan secara rinci kepadamu sesuatu yang Dia haramkan kepadamu, kecuali jika kamu dalam keadaan terpaksa. Sesungguhnya banyak yang menyesatkan (orang lain) dengan mengikuti hawa nafsunya tanpa dasar pengetahuan. Sesungguhnya Tuhanmu lebih mengetahui orang-orang yang melampaui batas.	Allah	http://www.wikidata.org/entity/Q2095353	Allah
6	120	Tinggalkanlah dosa yang terlihat dan yang tersembunyi. Sesungguhnya orang-orang yang mengerjakan (perbuatan) dosa kelak akan dibalas (dengan siksaan) karena apa yang mereka kerjakan.			
6	122	Apakah orang yang sudah mati lalu Kami hidupkan dan beri dia cahaya yang membuatnya dapat berjalan di tengah-tengah orang banyak, seperti orang yang berada dalam kegelapan sehingga dia tidak dapat keluar dari sana? Demikianlah, dijadikan terasa indah bagi orang-orang kafir apa yang mereka kerjakan.			
6	123	Demikian pula pada setiap negeri Kami jadikan orang-orang jahatnya sebagai pembesar agar melakukan tipu daya di sana. Padahal, mereka hanya menipu diri sendiri tanpa menyadarinya.			
6	124	Apabila datang suatu ayat kepada mereka, mereka berkata, “Kami tidak akan beriman hingga diberikan kepada kami (sesuatu) seperti apa yang diberikan kepada rasul-rasul Allah.” Allah lebih mengetahui di mana Dia menempatkan tugas kerasulan-Nya. Orang-orang yang berdosa nanti akan ditimpa kehinaan di sisi Allah dan azab yang keras karena tipu daya yang mereka lakukan.	Allah	http://www.wikidata.org/entity/Q2095353	Allah
6	124	Apabila datang suatu ayat kepada mereka, mereka berkata, “Kami tidak akan beriman hingga diberikan kepada kami (sesuatu) seperti apa yang diberikan kepada rasul-rasul Allah.” Allah lebih mengetahui di mana Dia menempatkan tugas kerasulan-Nya. Orang-orang yang berdosa nanti akan ditimpa kehinaan di sisi Allah dan azab yang keras karena tipu daya yang mereka lakukan.	Allah	http://www.wikidata.org/entity/Q2095353	Allah
6	124	Apabila datang suatu ayat kepada mereka, mereka berkata, “Kami tidak akan beriman hingga diberikan kepada kami (sesuatu) seperti apa yang diberikan kepada rasul-rasul Allah.” Allah lebih mengetahui di mana Dia menempatkan tugas kerasulan-Nya. Orang-orang yang berdosa nanti akan ditimpa kehinaan di sisi Allah dan azab yang keras karena tipu daya yang mereka lakukan.	Allah	http://www.wikidata.org/entity/Q2095353	Allah
6	125	Maka, siapa yang Allah kehendaki mendapat hidayah, Dia akan melapangkan dadanya untuk menerima Islam. Siapa yang Dia kehendaki menjadi sesat, Dia akan menjadikan dadanya sempit lagi sesak seakan-akan dia sedang mendaki ke langit. Begitulah Allah menimpakan siksa kepada orang-orang yang tidak beriman.	Allah	http://www.wikidata.org/entity/Q2095353	Allah
6	125	Maka, siapa yang Allah kehendaki mendapat hidayah, Dia akan melapangkan dadanya untuk menerima Islam. Siapa yang Dia kehendaki menjadi sesat, Dia akan menjadikan dadanya sempit lagi sesak seakan-akan dia sedang mendaki ke langit. Begitulah Allah menimpakan siksa kepada orang-orang yang tidak beriman.	Islam	http://www.wikidata.org/entity/Q432	Religion
6	125	Maka, siapa yang Allah kehendaki mendapat hidayah, Dia akan melapangkan dadanya untuk menerima Islam. Siapa yang Dia kehendaki menjadi sesat, Dia akan menjadikan dadanya sempit lagi sesak seakan-akan dia sedang mendaki ke langit. Begitulah Allah menimpakan siksa kepada orang-orang yang tidak beriman.	langit	http://www.wikidata.org/entity/Q527	AstronomicalBody
6	125	Maka, siapa yang Allah kehendaki mendapat hidayah, Dia akan melapangkan dadanya untuk menerima Islam. Siapa yang Dia kehendaki menjadi sesat, Dia akan menjadikan dadanya sempit lagi sesak seakan-akan dia sedang mendaki ke langit. Begitulah Allah menimpakan siksa kepada orang-orang yang tidak beriman.	Allah	http://www.wikidata.org/entity/Q2095353	Allah
6	126	Inilah jalan Tuhanmu yang lurus. Sungguh, Kami telah menjelaskan secara rinci ayat-ayat (Kami) kepada orang-orang yang mengambil pelajaran.			
6	127	Bagi mereka (disediakan) tempat yang damai (surga) di sisi Tuhannya. Dialah pelindung mereka karena apa (amal kebajikan) yang mereka kerjakan.			
6	128	(Ingatlah) pada hari ketika Dia mengumpulkan mereka semua (dan Allah berfirman), “Wahai golongan jin, kamu telah sering kali (menyesatkan) manusia.” Kawan-kawan mereka dari golongan manusia berkata, “Ya Tuhan, kami telah saling mendapatkan kesenangan dan kami telah sampai pada waktu yang telah Engkau tentukan buat kami.” Allah berfirman, “Nerakalah tempat kamu selama-lamanya, kecuali jika Allah menghendaki lain.” Sesungguhnya Tuhanmu Maha Bijaksana lagi Maha Mengetahui.	Allah	http://www.wikidata.org/entity/Q2095353	Allah
6	128	(Ingatlah) pada hari ketika Dia mengumpulkan mereka semua (dan Allah berfirman), “Wahai golongan jin, kamu telah sering kali (menyesatkan) manusia.” Kawan-kawan mereka dari golongan manusia berkata, “Ya Tuhan, kami telah saling mendapatkan kesenangan dan kami telah sampai pada waktu yang telah Engkau tentukan buat kami.” Allah berfirman, “Nerakalah tempat kamu selama-lamanya, kecuali jika Allah menghendaki lain.” Sesungguhnya Tuhanmu Maha Bijaksana lagi Maha Mengetahui.	Allah	http://www.wikidata.org/entity/Q2095353	Allah
6	128	(Ingatlah) pada hari ketika Dia mengumpulkan mereka semua (dan Allah berfirman), “Wahai golongan jin, kamu telah sering kali (menyesatkan) manusia.” Kawan-kawan mereka dari golongan manusia berkata, “Ya Tuhan, kami telah saling mendapatkan kesenangan dan kami telah sampai pada waktu yang telah Engkau tentukan buat kami.” Allah berfirman, “Nerakalah tempat kamu selama-lamanya, kecuali jika Allah menghendaki lain.” Sesungguhnya Tuhanmu Maha Bijaksana lagi Maha Mengetahui.	Allah	http://www.wikidata.org/entity/Q2095353	Allah
6	129	Demikianlah Kami jadikan sebagian orang-orang zalim berteman dengan sebagian lainnya, sebagai balasan atas apa yang selalu mereka kerjakan.			
6	130	(Allah berfirman,) “Wahai golongan jin dan manusia, tidakkah sudah datang kepadamu rasul-rasul dari kalanganmu sendiri yang menyampaikan ayat-ayat-Ku kepadamu dan memperingatkanmu tentang pertemuan pada hari ini?” Mereka menjawab, “(Ya,) kami menjadi saksi atas diri kami sendiri.” Namun, mereka tertipu oleh kehidupan dunia. Mereka telah menjadi saksi atas diri mereka sendiri bahwa mereka adalah orang kafir.	Allah	http://www.wikidata.org/entity/Q2095353	Allah
6	132	Masing-masing orang ada tingkatannya, (sesuai) dengan apa yang mereka kerjakan. Tuhanmu tidak lengah terhadap apa yang mereka kerjakan.			
6	133	Tuhanmulah Yang Maha Kaya lagi penuh rahmat. Jika menghendaki, Dia akan memusnahkanmu. Setelah itu, Dia akan menggantimu dengan yang dikehendaki-Nya, sebagaimana Dia menjadikan kamu dari keturunan kaum lain (sebelummu).	Yang Maha Kaya	http://www.wikidata.org/entity/Q2095353	Allah
6	134	Sesungguhnya apa pun yang dijanjikan kepadamu pasti datang dan kamu tidak mampu menolaknya.			
6	135	Katakanlah (Nabi Muhammad), “Wahai kaumku, berbuatlah menurut kedudukanmu, aku pun berbuat (demikian). Kelak kamu akan mengetahui siapa yang akan memperoleh tempat (terbaik) di akhirat (nanti). Sesungguhnya orang-orang yang zalim tidak akan beruntung.	Muhammad	http://www.wikidata.org/entity/Q9458	Messenger
6	136	Mereka menyediakan sebagian dari sesuatu yang Allah ciptakan, yaitu hasil tanaman dan hewan ternak, untuk Allah sambil berkata menurut persangkaan mereka, “Ini untuk Allah dan yang ini untuk berhala-berhala kami.” Bagian yang (disediakan) untuk berhala-berhala mereka tidak akan sampai kepada Allah, sedangkan bagian yang (disediakan) untuk Allah akan sampai pada berhala-berhala mereka. Sangat buruk ketetapan mereka itu.	Allah	http://www.wikidata.org/entity/Q2095353	Allah
6	136	Mereka menyediakan sebagian dari sesuatu yang Allah ciptakan, yaitu hasil tanaman dan hewan ternak, untuk Allah sambil berkata menurut persangkaan mereka, “Ini untuk Allah dan yang ini untuk berhala-berhala kami.” Bagian yang (disediakan) untuk berhala-berhala mereka tidak akan sampai kepada Allah, sedangkan bagian yang (disediakan) untuk Allah akan sampai pada berhala-berhala mereka. Sangat buruk ketetapan mereka itu.	Allah	http://www.wikidata.org/entity/Q2095353	Allah
6	136	Mereka menyediakan sebagian dari sesuatu yang Allah ciptakan, yaitu hasil tanaman dan hewan ternak, untuk Allah sambil berkata menurut persangkaan mereka, “Ini untuk Allah dan yang ini untuk berhala-berhala kami.” Bagian yang (disediakan) untuk berhala-berhala mereka tidak akan sampai kepada Allah, sedangkan bagian yang (disediakan) untuk Allah akan sampai pada berhala-berhala mereka. Sangat buruk ketetapan mereka itu.	Allah	http://www.wikidata.org/entity/Q2095353	Allah
6	136	Mereka menyediakan sebagian dari sesuatu yang Allah ciptakan, yaitu hasil tanaman dan hewan ternak, untuk Allah sambil berkata menurut persangkaan mereka, “Ini untuk Allah dan yang ini untuk berhala-berhala kami.” Bagian yang (disediakan) untuk berhala-berhala mereka tidak akan sampai kepada Allah, sedangkan bagian yang (disediakan) untuk Allah akan sampai pada berhala-berhala mereka. Sangat buruk ketetapan mereka itu.	Allah	http://www.wikidata.org/entity/Q2095353	Allah
6	136	Mereka menyediakan sebagian dari sesuatu yang Allah ciptakan, yaitu hasil tanaman dan hewan ternak, untuk Allah sambil berkata menurut persangkaan mereka, “Ini untuk Allah dan yang ini untuk berhala-berhala kami.” Bagian yang (disediakan) untuk berhala-berhala mereka tidak akan sampai kepada Allah, sedangkan bagian yang (disediakan) untuk Allah akan sampai pada berhala-berhala mereka. Sangat buruk ketetapan mereka itu.	Allah	http://www.wikidata.org/entity/Q2095353	Allah
6	137	Demikianlah berhala-berhala mereka (setan) menjadikan terasa indah bagi banyak orang musyrik membunuh anak-anak mereka untuk membinasakan mereka dan mengacaukan agama mereka sendiri. Seandainya Allah berkehendak, niscaya mereka tidak akan mengerjakannya. Biarkanlah mereka bersama apa (kebohongan) yang mereka ada-adakan	Allah	http://www.wikidata.org/entity/Q2095353	Allah
6	139	Mereka juga berkata, “Apa yang ada di dalam perut hewan ternak ini khusus untuk kaum laki-laki kami dan haram bagi istri-istri kami.” Jika (yang ada di dalam perut itu dilahirkan dalam keadaan) mati, semua boleh (memakannya). Kelak Allah akan membalas ketetapan mereka. Sesungguhnya Dia Maha Bijaksana lagi Maha Mengetahui.	Allah	http://www.wikidata.org/entity/Q2095353	Allah
6	140	Sungguh rugi orang-orang yang membunuh anak-anak mereka karena kebodohan tanpa pengetahuan dan mengharamkan rezeki yang dikaruniakan Allah kepada mereka dengan (semata-mata) membuat-buat kebohongan terhadap Allah. Sungguh, mereka telah sesat dan tidak mendapat petunjuk.	Allah	http://www.wikidata.org/entity/Q2095353	Allah
6	140	Sungguh rugi orang-orang yang membunuh anak-anak mereka karena kebodohan tanpa pengetahuan dan mengharamkan rezeki yang dikaruniakan Allah kepada mereka dengan (semata-mata) membuat-buat kebohongan terhadap Allah. Sungguh, mereka telah sesat dan tidak mendapat petunjuk.	Allah	http://www.wikidata.org/entity/Q2095353	Allah
6	141	Dialah yang menumbuhkan tanaman-tanaman yang merambat dan yang tidak merambat, pohon kurma, tanaman yang beraneka ragam rasanya, serta zaitun dan delima yang serupa (bentuk dan warnanya) dan tidak serupa (rasanya). Makanlah buahnya apabila ia berbuah dan berikanlah haknya (zakatnya) pada waktu memetik hasilnya. Akan tetapi, janganlah berlebih-lebihan. Sesungguhnya Allah tidak menyukai orang-orang yang berlebih-lebihan.	Allah	http://www.wikidata.org/entity/Q2095353	Allah
6	142	Di antara hewan-hewan ternak itu ada yang dijadikan pengangkut beban dan ada (pula) yang untuk disembelih. Makanlah rezeki yang diberikan Allah kepadamu. Janganlah kamu mengikuti langkah-langkah setan. Sesungguhnya dia adalah musuh yang nyata bagimu.	Allah	http://www.wikidata.org/entity/Q2095353	Allah
6	143	Ada delapan hewan ternak yang berpasangan (empat pasang, yaitu) sepasang domba dan sepasang kambing. Katakanlah, “Apakah yang Dia haramkan itu dua yang jantan, dua yang betina, atau yang ada dalam kandungan kedua betinanya? Terangkanlah kepadaku berdasarkan pengetahuan jika kamu orang yang benar.”			
6	144	(Dua pasang lagi adalah) sepasang unta dan sepasang sapi. Katakanlah, “Apakah yang Dia haramkan dua yang jantan, dua yang betina, atau yang ada dalam kandungan kedua betinanya? Apakah kamu menjadi saksi ketika Allah menetapkan ini bagimu? Siapakah yang lebih zalim daripada orang-orang yang mengada-adakan kebohongan terhadap Allah untuk menyesatkan orang-orang tanpa pengetahuan?” Sesungguhnya Allah tidak akan memberi petunjuk kepada orang-orang yang zalim.	Allah	http://www.wikidata.org/entity/Q2095353	Allah
6	144	(Dua pasang lagi adalah) sepasang unta dan sepasang sapi. Katakanlah, “Apakah yang Dia haramkan dua yang jantan, dua yang betina, atau yang ada dalam kandungan kedua betinanya? Apakah kamu menjadi saksi ketika Allah menetapkan ini bagimu? Siapakah yang lebih zalim daripada orang-orang yang mengada-adakan kebohongan terhadap Allah untuk menyesatkan orang-orang tanpa pengetahuan?” Sesungguhnya Allah tidak akan memberi petunjuk kepada orang-orang yang zalim.	Allah	http://www.wikidata.org/entity/Q2095353	Allah
6	144	(Dua pasang lagi adalah) sepasang unta dan sepasang sapi. Katakanlah, “Apakah yang Dia haramkan dua yang jantan, dua yang betina, atau yang ada dalam kandungan kedua betinanya? Apakah kamu menjadi saksi ketika Allah menetapkan ini bagimu? Siapakah yang lebih zalim daripada orang-orang yang mengada-adakan kebohongan terhadap Allah untuk menyesatkan orang-orang tanpa pengetahuan?” Sesungguhnya Allah tidak akan memberi petunjuk kepada orang-orang yang zalim.	Allah	http://www.wikidata.org/entity/Q2095353	Allah
6	148	Orang-orang musyrik akan berkata, “Jika Allah menghendaki, tentu kami tidak akan mempersekutukan-Nya, begitu pula nenek moyang kami, dan kami tidak akan mengharamkan apa pun.” Seperti itu pula orang-orang sebelum mereka telah mendustakan (para rasul) sampai mereka merasakan azab Kami. Katakanlah (Nabi Muhammad), “Apakah kamu mempunyai dalil yang dapat kamu kemukakan kepada kami? Yang kamu ikuti hanya persangkaan belaka dan kamu hanya mengira-ngira.”	Allah	http://www.wikidata.org/entity/Q2095353	Allah
6	148	Orang-orang musyrik akan berkata, “Jika Allah menghendaki, tentu kami tidak akan mempersekutukan-Nya, begitu pula nenek moyang kami, dan kami tidak akan mengharamkan apa pun.” Seperti itu pula orang-orang sebelum mereka telah mendustakan (para rasul) sampai mereka merasakan azab Kami. Katakanlah (Nabi Muhammad), “Apakah kamu mempunyai dalil yang dapat kamu kemukakan kepada kami? Yang kamu ikuti hanya persangkaan belaka dan kamu hanya mengira-ngira.”	Muhammad	http://www.wikidata.org/entity/Q9458	Messenger
6	149	Katakanlah (Nabi Muhammad), “Hanya milik Allahlah dalil yang kuat. Maka, kalau Dia menghendaki, niscaya kamu semua mendapat petunjuk.”	Muhammad	http://www.wikidata.org/entity/Q9458	Messenger
6	150	Katakanlah (Nabi Muhammad), “Bawalah saksi-saksimu yang dapat membuktikan bahwa Allah mengharamkan ini.” Jika mereka memberi kesaksian, engkau jangan (ikut pula) memberi kesaksian bersama mereka. Jangan engkau ikuti keinginan orang-orang yang mendustakan ayat-ayat Kami dan orang-orang yang tidak beriman kepada akhirat dan mempersekutukan Tuhan.	Muhammad	http://www.wikidata.org/entity/Q9458	Messenger
6	150	Katakanlah (Nabi Muhammad), “Bawalah saksi-saksimu yang dapat membuktikan bahwa Allah mengharamkan ini.” Jika mereka memberi kesaksian, engkau jangan (ikut pula) memberi kesaksian bersama mereka. Jangan engkau ikuti keinginan orang-orang yang mendustakan ayat-ayat Kami dan orang-orang yang tidak beriman kepada akhirat dan mempersekutukan Tuhan.	Allah	http://www.wikidata.org/entity/Q2095353	Allah
6	151	Katakanlah (Nabi Muhammad), “Kemarilah! Aku akan membacakan apa yang diharamkan Tuhan kepadamu, (yaitu) janganlah mempersekutukan-Nya dengan apa pun, berbuatbaiklah kepada kedua orang tua, dan janganlah membunuh anak-anakmu karena kemiskinan. (Tuhanmu berfirman,) ‘Kamilah yang memberi rezeki kepadamu dan kepada mereka.’ Janganlah pula kamu mendekati perbuatan keji, baik yang terlihat maupun yang tersembunyi. Janganlah kamu membunuh orang yang diharamkan Allah, kecuali dengan alasan yang benar. Demikian itu Dia perintahkan kepadamu agar kamu mengerti.	Muhammad	http://www.wikidata.org/entity/Q9458	Messenger
6	151	Katakanlah (Nabi Muhammad), “Kemarilah! Aku akan membacakan apa yang diharamkan Tuhan kepadamu, (yaitu) janganlah mempersekutukan-Nya dengan apa pun, berbuatbaiklah kepada kedua orang tua, dan janganlah membunuh anak-anakmu karena kemiskinan. (Tuhanmu berfirman,) ‘Kamilah yang memberi rezeki kepadamu dan kepada mereka.’ Janganlah pula kamu mendekati perbuatan keji, baik yang terlihat maupun yang tersembunyi. Janganlah kamu membunuh orang yang diharamkan Allah, kecuali dengan alasan yang benar. Demikian itu Dia perintahkan kepadamu agar kamu mengerti.	Allah	http://www.wikidata.org/entity/Q2095353	Allah
6	152	Janganlah kamu mendekati (menggunakan) harta anak yatim, kecuali dengan cara yang lebih bermanfaat, sampai dia mencapai (usia) dewasa. Sempurnakanlah takaran dan timbangan dengan adil. Kami tidak membebani seseorang melainkan menurut kesanggupannya. Apabila kamu berbicara, lakukanlah secara adil sekalipun dia kerabat(-mu). Penuhilah pula janji Allah. Demikian itu Dia perintahkan kepadamu agar kamu mengambil pelajaran.”	Allah	http://www.wikidata.org/entity/Q2095353	Allah
6	154	Kemudian, Kami telah menganugerahkan kepada Musa Kitab (Taurat) untuk menyempurnakan (nikmat Kami) kepada orang yang berbuat kebaikan, menjelaskan secara rinci segala sesuatu, serta memberi petunjuk dan rahmat agar mereka beriman kepada pertemuan dengan Tuhannya.	Musa	http://www.wikidata.org/entity/Q1990155	Messenger
6	154	Kemudian, Kami telah menganugerahkan kepada Musa Kitab (Taurat) untuk menyempurnakan (nikmat Kami) kepada orang yang berbuat kebaikan, menjelaskan secara rinci segala sesuatu, serta memberi petunjuk dan rahmat agar mereka beriman kepada pertemuan dengan Tuhannya.	Taurat	http://www.wikidata.org/entity/Q2383104	HolyBook
6	155	(Al-Qur’an) ini adalah Kitab yang Kami turunkan lagi diberkahi. Maka, ikutilah dan bertakwalah agar kamu dirahmati.	Al-Qur’an	http://www.wikidata.org/entity/Q428	HolyBook
6	157	atau supaya kamu (tidak) mengatakan, “Sesungguhnya jikalau Kitab itu diturunkan kepada kami, tentulah kami lebih mendapat petunjuk daripada mereka.” Sungguh, telah datang kepadamu penjelasan yang nyata, petunjuk, dan rahmat dari Tuhanmu. Maka, siapakah yang lebih zalim daripada orang yang mendustakan ayat-ayat Allah dan berpaling darinya? Kelak, Kami akan memberi balasan kepada orang-orang yang berpaling dari ayat-ayat Kami dengan siksaan yang buruk karena mereka selalu berpaling.	Allah	http://www.wikidata.org/entity/Q2095353	Allah
6	160	Siapa yang berbuat kebaikan, dia akan mendapat balasan sepuluh kali lipatnya. Siapa yang berbuat keburukan, dia tidak akan diberi balasan melainkan yang seimbang dengannya. Mereka (sedikit pun) tidak dizalimi (dirugikan).			
6	161	Katakanlah (Nabi Muhammad), “Sesungguhnya Tuhanku telah membimbingku ke jalan yang lurus, agama yang benar, agama Ibrahim yang lurus, dan dia (Ibrahim) tidak termasuk orang-orang musyrik.”	Muhammad	http://www.wikidata.org/entity/Q9458	Messenger
6	161	Katakanlah (Nabi Muhammad), “Sesungguhnya Tuhanku telah membimbingku ke jalan yang lurus, agama yang benar, agama Ibrahim yang lurus, dan dia (Ibrahim) tidak termasuk orang-orang musyrik.”	agama Ibrahim	http://www.wikidata.org/entity/Q432	Religion
6	161	Katakanlah (Nabi Muhammad), “Sesungguhnya Tuhanku telah membimbingku ke jalan yang lurus, agama yang benar, agama Ibrahim yang lurus, dan dia (Ibrahim) tidak termasuk orang-orang musyrik.”	Ibrahim	http://www.wikidata.org/entity/Q1768161	Messenger
6	164	Katakanlah (Nabi Muhammad), “Apakah aku (pantas) mencari tuhan selain Allah, padahal Dialah Tuhan bagi segala sesuatu. Setiap orang yang berbuat dosa, dirinya sendirilah yang akan bertanggung jawab. Seseorang tidak akan memikul beban dosa orang lain. Kemudian, kepada Tuhanmulah kamu kembali, lalu Dia akan memberitahukan kepadamu apa yang dahulu kamu perselisihkan.”	Muhammad	http://www.wikidata.org/entity/Q9458	Messenger
6	164	Katakanlah (Nabi Muhammad), “Apakah aku (pantas) mencari tuhan selain Allah, padahal Dialah Tuhan bagi segala sesuatu. Setiap orang yang berbuat dosa, dirinya sendirilah yang akan bertanggung jawab. Seseorang tidak akan memikul beban dosa orang lain. Kemudian, kepada Tuhanmulah kamu kembali, lalu Dia akan memberitahukan kepadamu apa yang dahulu kamu perselisihkan.”	Allah	http://www.wikidata.org/entity/Q2095353	Allah
7	1	Alif Lām Mīm Ṣād.			
7	2	(Inilah) Kitab yang diturunkan kepadamu (Nabi Muhammad), maka janganlah engkau sesak dada karenanya supaya dengan (kitab itu) engkau memberi peringatan, dan menjadi pelajaran bagi orang-orang yang beriman.	Muhammad	http://www.wikidata.org/entity/Q9458	Messenger
7	3	Ikutilah apa yang diturunkan kepadamu dari Tuhanmu dan janganlah kamu ikuti pelindung selain Dia. Sedikit sekali kamu mengambil pelajaran.			
7	4	Betapa banyak negeri yang telah Kami binasakan. Siksaan Kami datang (menimpa penduduknya) pada malam hari atau pada saat mereka beristirahat pada siang hari.			
7	5	Maka, ketika siksaan Kami datang menimpa mereka, keluhan mereka tidak lain hanyalah ucapan “Sesungguhnya kami adalah orang-orang zalim.”			
7	6	Pasti akan Kami tanyai umat yang kepada mereka telah diutus para rasul. Pasti akan Kami tanyai (pula) para rasul.			
7	7	Kemudian, pasti akan Kami kabarkan (hal itu) kepada mereka berdasarkan ilmu (Kami). Sedikit pun Kami tidak pernah gaib (jauh dari mereka).			
7	9	Siapa yang ringan timbangan (kebaikan)-nya, mereka itulah orang yang telah merugikan dirinya sendiri karena mereka selalu mengingkari ayat-ayat Kami.			
7	10	Sungguh, Kami benar-benar telah menempatkan kamu sekalian di bumi dan Kami sediakan di sana (bumi) penghidupan untukmu. (Akan tetapi,) sedikit sekali kamu bersyukur	bumi	http://www.wikidata.org/entity/Q2	AstronomicalBody
7	10	Sungguh, Kami benar-benar telah menempatkan kamu sekalian di bumi dan Kami sediakan di sana (bumi) penghidupan untukmu. (Akan tetapi,) sedikit sekali kamu bersyukur	bumi	http://www.wikidata.org/entity/Q2	AstronomicalBody
7	11	Sungguh, Kami benar-benar telah menciptakan kamu (Adam), kemudian Kami membentuk (tubuh)-mu. Lalu, Kami katakan kepada para malaikat, “Bersujudlah kamu kepada Adam.” Mereka pun sujud, tetapi Iblis (enggan). Ia (Iblis) tidak termasuk kelompok yang bersujud.	Adam	http://www.wikidata.org/entity/Q2001710	Prophet
7	11	Sungguh, Kami benar-benar telah menciptakan kamu (Adam), kemudian Kami membentuk (tubuh)-mu. Lalu, Kami katakan kepada para malaikat, “Bersujudlah kamu kepada Adam.” Mereka pun sujud, tetapi Iblis (enggan). Ia (Iblis) tidak termasuk kelompok yang bersujud.	Adam	http://www.wikidata.org/entity/Q2001710	Prophet
7	12	Dia (Allah) berfirman, “Apakah yang menghalangimu (sehingga) kamu tidak bersujud ketika Aku menyuruhmu?” Ia (Iblis) menjawab, “Aku lebih baik daripada dia. Engkau menciptakanku dari api, sedangkan dia Engkau ciptakan dari tanah.”	Allah	http://www.wikidata.org/entity/Q2095353	Allah
7	13	Dia (Allah) berfirman, “Turunlah kamu darinya (surga) karena kamu tidak sepatutnya menyombongkan diri di dalamnya. Keluarlah! Sesungguhnya kamu termasuk makhluk yang hina.”	Allah	http://www.wikidata.org/entity/Q2095353	Allah
7	14	Ia (Iblis) menjawab, “Berilah aku penangguhan waktu sampai hari mereka dibangkitkan.”			
7	15	Dia (Allah) berfirman, “Sesungguhnya kamu termasuk mereka yang diberi penangguhan waktu.”	Allah	http://www.wikidata.org/entity/Q2095353	Allah
7	16	Ia (Iblis) menjawab, “Karena Engkau telah menyesatkan aku, pasti aku akan selalu menghalangi mereka dari jalan-Mu yang lurus.			
7	18	Dia (Allah) berfirman, “Keluarlah kamu darinya (surga) dalam keadaan terhina dan terusir! Sungguh, siapa pun di antara mereka yang mengikutimu pasti akan Aku isi (neraka) Jahanam dengan kamu semua.”	Allah	http://www.wikidata.org/entity/Q2095353	Allah
7	18	Dia (Allah) berfirman, “Keluarlah kamu darinya (surga) dalam keadaan terhina dan terusir! Sungguh, siapa pun di antara mereka yang mengikutimu pasti akan Aku isi (neraka) Jahanam dengan kamu semua.”	Jahanam	http://www.wikidata.org/entity/Q58418	AfterlifeLocation
7	19	(Allah berfirman,) “Wahai Adam, tinggallah engkau dan istrimu di surga (ini). Lalu, makanlah apa saja yang kamu berdua sukai dan janganlah kamu berdua mendekati pohon yang satu ini sehingga kamu berdua termasuk orang-orang yang zalim.”	Allah	http://www.wikidata.org/entity/Q2095353	Allah
7	19	(Allah berfirman,) “Wahai Adam, tinggallah engkau dan istrimu di surga (ini). Lalu, makanlah apa saja yang kamu berdua sukai dan janganlah kamu berdua mendekati pohon yang satu ini sehingga kamu berdua termasuk orang-orang yang zalim.”	Adam	http://www.wikidata.org/entity/Q2001710	Prophet
7	20	Maka, setan membisikkan (pikiran jahat) kepada keduanya yang berakibat tampak pada keduanya sesuatu yang tertutup dari aurat keduanya. Ia (setan) berkata, “Tuhanmu tidak melarang kamu berdua untuk mendekati pohon ini, kecuali (karena Dia tidak senang) kamu berdua menjadi malaikat atau kamu berdua termasuk orang-orang yang kekal (dalam surga).”			
7	21	Ia (setan) bersumpah kepada keduanya, “Sesungguhnya aku ini bagi kamu berdua benar-benar termasuk para pemberi nasihat.”			
7	22	Ia (setan) menjerumuskan keduanya dengan tipu daya. Maka, ketika keduanya telah mencicipi (buah) pohon itu, tampaklah pada keduanya auratnya dan mulailah keduanya menutupinya dengan daun-daun (di) surga. Tuhan mereka menyeru mereka, “Bukankah Aku telah melarang kamu berdua dari pohon itu dan Aku telah mengatakan bahwa sesungguhnya setan adalah musuh yang nyata bagi kamu berdua?”			
7	23	Keduanya berkata, “Ya Tuhan kami, kami telah menzalimi diri kami sendiri. Jika Engkau tidak mengampuni kami dan tidak merahmati kami, niscaya kami termasuk orang-orang yang rugi.”			
7	25	Dia (Allah) berfirman, “Di sana kamu hidup, di sana kamu mati, dan dari sana (pula) kamu akan dikeluarkan (dibangkitkan).”	Allah	http://www.wikidata.org/entity/Q2095353	Allah
7	26	Wahai anak cucu Adam, sungguh Kami telah menurunkan kepadamu pakaian untuk menutupi auratmu dan bulu (sebagai bahan pakaian untuk menghias diri). (Akan tetapi,) pakaian takwa itulah yang paling baik. Yang demikian itu merupakan sebagian tanda-tanda (kekuasaan) Allah agar mereka selalu ingat.	anak cucu Adam	http://www.wikidata.org/entity/Q5	Person
7	26	Wahai anak cucu Adam, sungguh Kami telah menurunkan kepadamu pakaian untuk menutupi auratmu dan bulu (sebagai bahan pakaian untuk menghias diri). (Akan tetapi,) pakaian takwa itulah yang paling baik. Yang demikian itu merupakan sebagian tanda-tanda (kekuasaan) Allah agar mereka selalu ingat.	Allah	http://www.wikidata.org/entity/Q2095353	Allah
7	28	Apabila mereka melakukan perbuatan keji, mereka berkata, “Kami mendapati nenek moyang kami melakukan yang demikian dan Allah menyuruh kami mengerjakannya.” Katakanlah (Nabi Muhammad), “Sesungguhnya Allah tidak memerintahkan kekejian. Pantaskah kamu mengatakan tentang Allah apa yang tidak kamu ketahui?”	Allah	http://www.wikidata.org/entity/Q2095353	Allah
7	28	Apabila mereka melakukan perbuatan keji, mereka berkata, “Kami mendapati nenek moyang kami melakukan yang demikian dan Allah menyuruh kami mengerjakannya.” Katakanlah (Nabi Muhammad), “Sesungguhnya Allah tidak memerintahkan kekejian. Pantaskah kamu mengatakan tentang Allah apa yang tidak kamu ketahui?”	Muhammad	http://www.wikidata.org/entity/Q9458	Messenger
7	28	Apabila mereka melakukan perbuatan keji, mereka berkata, “Kami mendapati nenek moyang kami melakukan yang demikian dan Allah menyuruh kami mengerjakannya.” Katakanlah (Nabi Muhammad), “Sesungguhnya Allah tidak memerintahkan kekejian. Pantaskah kamu mengatakan tentang Allah apa yang tidak kamu ketahui?”	Allah	http://www.wikidata.org/entity/Q2095353	Allah
7	28	Apabila mereka melakukan perbuatan keji, mereka berkata, “Kami mendapati nenek moyang kami melakukan yang demikian dan Allah menyuruh kami mengerjakannya.” Katakanlah (Nabi Muhammad), “Sesungguhnya Allah tidak memerintahkan kekejian. Pantaskah kamu mengatakan tentang Allah apa yang tidak kamu ketahui?”	Allah	http://www.wikidata.org/entity/Q2095353	Allah
7	29	Katakanlah (Nabi Muhammad), “Tuhanku memerintahkan aku berlaku adil. Hadapkanlah wajahmu (kepada Allah) di setiap masjid dan berdoalah kepada-Nya dengan mengikhlaskan ketaatan kepada-Nya. Kamu akan kembali kepada-Nya sebagaimana Dia telah menciptakan kamu pada permulaan.”	Muhammad	http://www.wikidata.org/entity/Q9458	Messenger
7	29	Katakanlah (Nabi Muhammad), “Tuhanku memerintahkan aku berlaku adil. Hadapkanlah wajahmu (kepada Allah) di setiap masjid dan berdoalah kepada-Nya dengan mengikhlaskan ketaatan kepada-Nya. Kamu akan kembali kepada-Nya sebagaimana Dia telah menciptakan kamu pada permulaan.”	Allah	http://www.wikidata.org/entity/Q2095353	Allah
7	30	Sekelompok (manusia) telah diberi-Nya petunjuk dan sekelompok (lainnya) telah pasti kesesatan atas mereka. Sesungguhnya mereka menjadikan setan-setan sebagai pelindung selain Allah. Mereka mengira bahwa mereka adalah orang-orang yang mendapat petunjuk.	Allah	http://www.wikidata.org/entity/Q2095353	Allah
7	31	Wahai anak cucu Adam, pakailah pakaianmu yang indah pada setiap (memasuki) masjid dan makan serta minumlah, tetapi janganlah berlebihan. Sesungguhnya Dia tidak menyukai orang-orang yang berlebihan.	anak cucu Adam	http://www.wikidata.org/entity/Q5	Person
7	32	Katakanlah (Nabi Muhammad), “Siapakah yang mengharamkan perhiasan (dari) Allah yang telah Dia sediakan untuk hamba-hamba-Nya dan rezeki yang baik-baik? Katakanlah, ‘Semua itu adalah untuk orang-orang yang beriman (dan juga tidak beriman) dalam kehidupan dunia, (tetapi ia akan menjadi) khusus (untuk mereka yang beriman saja) pada hari Kiamat.’” Demikianlah Kami menjelaskan secara terperinci ayat-ayat itu kepada kaum yang mengetahui.	Muhammad	http://www.wikidata.org/entity/Q9458	Messenger
7	32	Katakanlah (Nabi Muhammad), “Siapakah yang mengharamkan perhiasan (dari) Allah yang telah Dia sediakan untuk hamba-hamba-Nya dan rezeki yang baik-baik? Katakanlah, ‘Semua itu adalah untuk orang-orang yang beriman (dan juga tidak beriman) dalam kehidupan dunia, (tetapi ia akan menjadi) khusus (untuk mereka yang beriman saja) pada hari Kiamat.’” Demikianlah Kami menjelaskan secara terperinci ayat-ayat itu kepada kaum yang mengetahui.	Allah	http://www.wikidata.org/entity/Q2095353	Allah
7	32	Katakanlah (Nabi Muhammad), “Siapakah yang mengharamkan perhiasan (dari) Allah yang telah Dia sediakan untuk hamba-hamba-Nya dan rezeki yang baik-baik? Katakanlah, ‘Semua itu adalah untuk orang-orang yang beriman (dan juga tidak beriman) dalam kehidupan dunia, (tetapi ia akan menjadi) khusus (untuk mereka yang beriman saja) pada hari Kiamat.’” Demikianlah Kami menjelaskan secara terperinci ayat-ayat itu kepada kaum yang mengetahui.	hari Kiamat	http://www.wikidata.org/entity/Q12200906	Event
7	33	Katakanlah (Nabi Muhammad), “Sesungguhnya Tuhanku hanya mengharamkan segala perbuatan keji yang tampak dan yang tersembunyi, perbuatan dosa, dan perbuatan melampaui batas tanpa alasan yang benar. (Dia juga mengharamkan) kamu mempersekutukan Allah dengan sesuatu yang Allah tidak menurunkan bukti pembenaran untuk itu dan (mengharamkan) kamu mengatakan tentang Allah apa yang tidak kamu ketahui.”	Muhammad	http://www.wikidata.org/entity/Q9458	Messenger
7	33	Katakanlah (Nabi Muhammad), “Sesungguhnya Tuhanku hanya mengharamkan segala perbuatan keji yang tampak dan yang tersembunyi, perbuatan dosa, dan perbuatan melampaui batas tanpa alasan yang benar. (Dia juga mengharamkan) kamu mempersekutukan Allah dengan sesuatu yang Allah tidak menurunkan bukti pembenaran untuk itu dan (mengharamkan) kamu mengatakan tentang Allah apa yang tidak kamu ketahui.”	Allah	http://www.wikidata.org/entity/Q2095353	Allah
7	33	Katakanlah (Nabi Muhammad), “Sesungguhnya Tuhanku hanya mengharamkan segala perbuatan keji yang tampak dan yang tersembunyi, perbuatan dosa, dan perbuatan melampaui batas tanpa alasan yang benar. (Dia juga mengharamkan) kamu mempersekutukan Allah dengan sesuatu yang Allah tidak menurunkan bukti pembenaran untuk itu dan (mengharamkan) kamu mengatakan tentang Allah apa yang tidak kamu ketahui.”	Allah	http://www.wikidata.org/entity/Q2095353	Allah
7	33	Katakanlah (Nabi Muhammad), “Sesungguhnya Tuhanku hanya mengharamkan segala perbuatan keji yang tampak dan yang tersembunyi, perbuatan dosa, dan perbuatan melampaui batas tanpa alasan yang benar. (Dia juga mengharamkan) kamu mempersekutukan Allah dengan sesuatu yang Allah tidak menurunkan bukti pembenaran untuk itu dan (mengharamkan) kamu mengatakan tentang Allah apa yang tidak kamu ketahui.”	Allah	http://www.wikidata.org/entity/Q2095353	Allah
7	35	Wahai anak cucu Adam, jika datang kepadamu rasul-rasul dari kalanganmu sendiri, yang menceritakan kepadamu ayat-ayat-Ku, siapa pun yang bertakwa dan melakukan perbaikan, tidak ada rasa takut menimpa mereka dan tidak (pula) mereka bersedih.	anak cucu Adam	http://www.wikidata.org/entity/Q5	Person
7	36	Orang-orang yang mendustakan ayat-ayat Kami dan menyombongkan diri terhadapnya, mereka itulah penghuni neraka, mereka kekal di dalamnya.			
7	37	Siapakah yang lebih zalim daripada orang yang mengada-adakan kebohongan terhadap Allah atau yang mendustakan ayat-ayat-Nya? Mereka itu akan memperoleh bagian (yang telah ditentukan) dari ketetapan Allah (di dunia) sehingga apabila datang kepada mereka para utusan (malaikat) Kami untuk mencabut nyawanya, mereka (para malaikat) berkata, “Manakah sembahan yang biasa kamu sembah selain Allah?” Mereka (orang-orang musyrik) menjawab, “Semuanya telah lenyap dari kami.” Mereka memberikan kesaksian terhadap diri mereka sendiri bahwa mereka adalah orang-orang kafir.	Allah	http://www.wikidata.org/entity/Q2095353	Allah
7	37	Siapakah yang lebih zalim daripada orang yang mengada-adakan kebohongan terhadap Allah atau yang mendustakan ayat-ayat-Nya? Mereka itu akan memperoleh bagian (yang telah ditentukan) dari ketetapan Allah (di dunia) sehingga apabila datang kepada mereka para utusan (malaikat) Kami untuk mencabut nyawanya, mereka (para malaikat) berkata, “Manakah sembahan yang biasa kamu sembah selain Allah?” Mereka (orang-orang musyrik) menjawab, “Semuanya telah lenyap dari kami.” Mereka memberikan kesaksian terhadap diri mereka sendiri bahwa mereka adalah orang-orang kafir.	Allah	http://www.wikidata.org/entity/Q2095353	Allah
7	37	Siapakah yang lebih zalim daripada orang yang mengada-adakan kebohongan terhadap Allah atau yang mendustakan ayat-ayat-Nya? Mereka itu akan memperoleh bagian (yang telah ditentukan) dari ketetapan Allah (di dunia) sehingga apabila datang kepada mereka para utusan (malaikat) Kami untuk mencabut nyawanya, mereka (para malaikat) berkata, “Manakah sembahan yang biasa kamu sembah selain Allah?” Mereka (orang-orang musyrik) menjawab, “Semuanya telah lenyap dari kami.” Mereka memberikan kesaksian terhadap diri mereka sendiri bahwa mereka adalah orang-orang kafir.	Allah	http://www.wikidata.org/entity/Q2095353	Allah
7	38	Allah berfirman, “Masuklah kamu ke dalam api neraka bersama umat-umat yang telah berlalu sebelum kamu dari (golongan) jin dan manusia.” Setiap kali suatu umat masuk, dia melaknat saudaranya, sehingga apabila mereka telah masuk semuanya, berkatalah orang yang (masuk) belakangan (kepada) orang yang (masuk) terlebih dahulu, “Ya Tuhan kami, mereka telah menyesatkan kami. Datangkanlah siksaan api neraka yang berlipat ganda kepada mereka.” Allah berfirman, “Masing-masing mendapatkan (siksaan) yang berlipat ganda, tetapi kamu tidak mengetahui.”	Allah	http://www.wikidata.org/entity/Q2095353	Allah
7	38	Allah berfirman, “Masuklah kamu ke dalam api neraka bersama umat-umat yang telah berlalu sebelum kamu dari (golongan) jin dan manusia.” Setiap kali suatu umat masuk, dia melaknat saudaranya, sehingga apabila mereka telah masuk semuanya, berkatalah orang yang (masuk) belakangan (kepada) orang yang (masuk) terlebih dahulu, “Ya Tuhan kami, mereka telah menyesatkan kami. Datangkanlah siksaan api neraka yang berlipat ganda kepada mereka.” Allah berfirman, “Masing-masing mendapatkan (siksaan) yang berlipat ganda, tetapi kamu tidak mengetahui.”	Allah	http://www.wikidata.org/entity/Q2095353	Allah
7	39	Orang yang (masuk) terlebih dahulu berkata kepada yang (masuk) belakangan, “Kamu tidak mempunyai kelebihan sedikit pun atas kami. Maka, rasakanlah azab itu karena perbuatan yang telah kamu lakukan.”			
7	41	Bagi mereka (disediakan) alas tidur dari (api neraka) Jahanam dan di atas mereka ada selimut (dari api neraka). Demikianlah Kami memberi balasan kepada orang-orang yang zalim.	Jahanam	http://www.wikidata.org/entity/Q58418	AfterlifeLocation
7	42	(Adapun) orang-orang yang beriman dan mengerjakan kebajikan, Kami tidak akan membebani seseorang melainkan menurut kesanggupannya. Mereka itulah penghuni surga. Mereka kekal di dalamnya.			
7	43	Kami mencabut rasa dendam dari dalam dada mereka, (di surga) mengalir di bawah mereka sungai-sungai. Mereka berkata, “Segala puji bagi Allah yang telah menunjukkan kami ke (surga) ini. Kami tidak akan mendapat petunjuk sekiranya Allah tidak menunjukkan kami. Sungguh, rasul-rasul Tuhan kami telah datang membawa kebenaran.” Diserukan kepada mereka, “Itulah surga yang telah diwariskan kepadamu karena apa yang selalu kamu kerjakan.”	Allah	http://www.wikidata.org/entity/Q2095353	Allah
7	43	Kami mencabut rasa dendam dari dalam dada mereka, (di surga) mengalir di bawah mereka sungai-sungai. Mereka berkata, “Segala puji bagi Allah yang telah menunjukkan kami ke (surga) ini. Kami tidak akan mendapat petunjuk sekiranya Allah tidak menunjukkan kami. Sungguh, rasul-rasul Tuhan kami telah datang membawa kebenaran.” Diserukan kepada mereka, “Itulah surga yang telah diwariskan kepadamu karena apa yang selalu kamu kerjakan.”	Allah	http://www.wikidata.org/entity/Q2095353	Allah
7	44	Para penghuni surga menyeru para penghuni neraka, “Sungguh, kami telah mendapati sesuatu (surga) yang dijanjikan Tuhan kepada kami itu benar. Apakah kamu telah mendapati (pula) sesuatu (azab) yang dijanjikan Tuhan kepadamu itu benar?” Mereka menjawab, “Benar.” Kemudian penyeru (malaikat) mengumumkan di antara mereka, “Laknat Allah bagi orang-orang yang zalim.”	Allah	http://www.wikidata.org/entity/Q2095353	Allah
7	45	(Mereka adalah) orang-orang yang menghalang-halangi (orang lain) dari jalan Allah serta menginginkan jalan itu menjadi bengkok dan mereka itu orang-orang yang mengingkari (kehidupan) akhirat.	Allah	http://www.wikidata.org/entity/Q2095353	Allah
7	46	Di antara keduanya (para penghuni surga dan neraka) ada batas pemisah dan di atas tempat yang tertinggi (al-a‘rāf) ada orang-orang yang saling mengenal dengan tandanya masing-masing. Mereka menyeru para penghuni surga, “Salāmun ‘alaikum (semoga keselamatan tercurah kepadamu).” Mereka belum dapat memasukinya, padahal mereka sangat ingin (memasukinya).			
7	48	Orang-orang di atas tempat yang tertinggi (al-a‘rāf) menyeru orang-orang yang mereka kenal dengan tanda-tanda (khusus) sambil berkata, “Tidak ada manfaatnya bagimu (harta) yang kamu kumpulkan dan apa yang selalu kamu sombongkan.			
7	50	Para penghuni neraka menyeru para penghuni surga, “Tuangkanlah (sedikit) air kepada kami atau rezeki apa saja yang telah dikaruniakan Allah kepadamu.” Mereka menjawab, “Sesungguhnya Allah telah mengharamkan keduanya (air dan rezeki) bagi orang-orang kafir.”	Allah	http://www.wikidata.org/entity/Q2095353	Allah
7	50	Para penghuni neraka menyeru para penghuni surga, “Tuangkanlah (sedikit) air kepada kami atau rezeki apa saja yang telah dikaruniakan Allah kepadamu.” Mereka menjawab, “Sesungguhnya Allah telah mengharamkan keduanya (air dan rezeki) bagi orang-orang kafir.”	Allah	http://www.wikidata.org/entity/Q2095353	Allah
7	51	(Mereka adalah) orang-orang yang menjadikan agamanya sebagai kelengahan dan permainan serta mereka telah tertipu oleh kehidupan dunia. Maka, pada hari ini (Kiamat), Kami melupakan mereka sebagaimana mereka dahulu melupakan pertemuan hari ini dan karena mereka selalu mengingkari ayat-ayat Kami.	Kiamat	http://www.wikidata.org/entity/Q12200906	Event
7	52	Sungguh, Kami telah mendatangkan kepada mereka Kitab (Al-Qur’an) yang telah Kami jelaskan secara terperinci atas dasar pengetahuan sebagai petunjuk dan rahmat bagi orang-orang yang beriman.	Al-Qur’an	http://www.wikidata.org/entity/Q428	HolyBook
7	53	Tidakkah mereka menunggu kecuali takwilnya (terwujudnya kebenaran Al-Qur’an). Pada hari bukti kebenaran itu tiba, orang-orang yang sebelum itu mengabaikannya berkata, “Sungguh, rasul-rasul Tuhan kami telah datang membawa kebenaran. Maka adakah pemberi syafaat bagi kami yang akan memberikan pertolongan kepada kami atau agar kami dikembalikan (ke dunia) sehingga kami akan beramal tidak seperti perbuatan yang pernah kami lakukan dahulu?” Sungguh, mereka telah merugikan diri sendiri dan telah hilang lenyap dari mereka apa pun yang dahulu mereka ada-adakan.	Al-Qur’an	http://www.wikidata.org/entity/Q428	HolyBook
7	54	Sesungguhnya Tuhanmu adalah Allah yang telah menciptakan langit dan bumi dalam enam masa, kemudian Dia bersemayam di atas ʻArasy. Dia menutupkan malam pada siang yang mengikutinya dengan cepat. (Dia ciptakan) matahari, bulan, dan bintang-bintang tunduk pada perintah-Nya. Ingatlah! Hanya milik-Nyalah segala penciptaan dan urusan. Maha Berlimpah anugerah Allah, Tuhan semesta alam.	Allah	http://www.wikidata.org/entity/Q2095353	Allah
7	54	Sesungguhnya Tuhanmu adalah Allah yang telah menciptakan langit dan bumi dalam enam masa, kemudian Dia bersemayam di atas ʻArasy. Dia menutupkan malam pada siang yang mengikutinya dengan cepat. (Dia ciptakan) matahari, bulan, dan bintang-bintang tunduk pada perintah-Nya. Ingatlah! Hanya milik-Nyalah segala penciptaan dan urusan. Maha Berlimpah anugerah Allah, Tuhan semesta alam.	langit	http://www.wikidata.org/entity/Q527	AstronomicalBody
7	54	Sesungguhnya Tuhanmu adalah Allah yang telah menciptakan langit dan bumi dalam enam masa, kemudian Dia bersemayam di atas ʻArasy. Dia menutupkan malam pada siang yang mengikutinya dengan cepat. (Dia ciptakan) matahari, bulan, dan bintang-bintang tunduk pada perintah-Nya. Ingatlah! Hanya milik-Nyalah segala penciptaan dan urusan. Maha Berlimpah anugerah Allah, Tuhan semesta alam.	bumi	http://www.wikidata.org/entity/Q2	AstronomicalBody
7	54	Sesungguhnya Tuhanmu adalah Allah yang telah menciptakan langit dan bumi dalam enam masa, kemudian Dia bersemayam di atas ʻArasy. Dia menutupkan malam pada siang yang mengikutinya dengan cepat. (Dia ciptakan) matahari, bulan, dan bintang-bintang tunduk pada perintah-Nya. Ingatlah! Hanya milik-Nyalah segala penciptaan dan urusan. Maha Berlimpah anugerah Allah, Tuhan semesta alam.	ʻArasy	http://www.wikidata.org/entity/Q25462647	Throne
7	54	Sesungguhnya Tuhanmu adalah Allah yang telah menciptakan langit dan bumi dalam enam masa, kemudian Dia bersemayam di atas ʻArasy. Dia menutupkan malam pada siang yang mengikutinya dengan cepat. (Dia ciptakan) matahari, bulan, dan bintang-bintang tunduk pada perintah-Nya. Ingatlah! Hanya milik-Nyalah segala penciptaan dan urusan. Maha Berlimpah anugerah Allah, Tuhan semesta alam.	matahari	http://www.wikidata.org/entity/Q525	AstronomicalBody
7	54	Sesungguhnya Tuhanmu adalah Allah yang telah menciptakan langit dan bumi dalam enam masa, kemudian Dia bersemayam di atas ʻArasy. Dia menutupkan malam pada siang yang mengikutinya dengan cepat. (Dia ciptakan) matahari, bulan, dan bintang-bintang tunduk pada perintah-Nya. Ingatlah! Hanya milik-Nyalah segala penciptaan dan urusan. Maha Berlimpah anugerah Allah, Tuhan semesta alam.	bulan	http://www.wikidata.org/entity/Q405	AstronomicalBody
7	54	Sesungguhnya Tuhanmu adalah Allah yang telah menciptakan langit dan bumi dalam enam masa, kemudian Dia bersemayam di atas ʻArasy. Dia menutupkan malam pada siang yang mengikutinya dengan cepat. (Dia ciptakan) matahari, bulan, dan bintang-bintang tunduk pada perintah-Nya. Ingatlah! Hanya milik-Nyalah segala penciptaan dan urusan. Maha Berlimpah anugerah Allah, Tuhan semesta alam.	Allah	http://www.wikidata.org/entity/Q2095353	Allah
7	54	Sesungguhnya Tuhanmu adalah Allah yang telah menciptakan langit dan bumi dalam enam masa, kemudian Dia bersemayam di atas ʻArasy. Dia menutupkan malam pada siang yang mengikutinya dengan cepat. (Dia ciptakan) matahari, bulan, dan bintang-bintang tunduk pada perintah-Nya. Ingatlah! Hanya milik-Nyalah segala penciptaan dan urusan. Maha Berlimpah anugerah Allah, Tuhan semesta alam.	Tuhan semesta alam	http://www.wikidata.org/entity/Q2095353	Allah
7	55	Berdoalah kepada Tuhanmu dengan rendah hati dan suara yang lembut. Sesungguhnya Dia tidak menyukai orang-orang yang melampaui batas.			
7	56	Janganlah kamu berbuat kerusakan di bumi setelah diatur dengan baik. Berdoalah kepada-Nya dengan rasa takut dan penuh harap. Sesungguhnya rahmat Allah sangat dekat dengan orang-orang yang berbuat baik.	bumi	http://www.wikidata.org/entity/Q2	AstronomicalBody
7	56	Janganlah kamu berbuat kerusakan di bumi setelah diatur dengan baik. Berdoalah kepada-Nya dengan rasa takut dan penuh harap. Sesungguhnya rahmat Allah sangat dekat dengan orang-orang yang berbuat baik.	Allah	http://www.wikidata.org/entity/Q2095353	Allah
7	57	Dialah yang mendatangkan angin sebagai kabar gembira yang mendahului kedatangan rahmat-Nya (hujan) sehingga apabila (angin itu) telah memikul awan yang berat, Kami halau ia ke suatu negeri yang mati (tandus), lalu Kami turunkan hujan di daerah itu. Kemudian Kami tumbuhkan dengan hujan itu berbagai macam buah-buahan. Seperti itulah Kami membangkitkan orang-orang mati agar kamu selalu ingat.			
7	58	Tanah yang baik, tanaman-tanamannya tumbuh subur seizin Tuhannya. Adapun tanah yang tidak subur, tanaman-tanamannya hanya tumbuh merana. Demikianlah Kami jelaskan berulang kali tanda-tanda kebesaran (Kami) bagi orang-orang yang bersyukur.			
7	59	Sungguh, Kami telah mengutus Nuh (sebagai rasul) kepada kaumnya, lalu ia berkata, “Wahai kaumku, sembahlah Allah (karena) tidak ada tuhan bagi kamu selain Dia.” Sesungguhnya (kalau kamu tidak menyembah Allah) aku takut kamu akan ditimpa azab hari yang besar (hari Kiamat).	Nuh	http://www.wikidata.org/entity/Q1782672	Messenger
7	59	Sungguh, Kami telah mengutus Nuh (sebagai rasul) kepada kaumnya, lalu ia berkata, “Wahai kaumku, sembahlah Allah (karena) tidak ada tuhan bagi kamu selain Dia.” Sesungguhnya (kalau kamu tidak menyembah Allah) aku takut kamu akan ditimpa azab hari yang besar (hari Kiamat).	Allah	http://www.wikidata.org/entity/Q2095353	Allah
7	59	Sungguh, Kami telah mengutus Nuh (sebagai rasul) kepada kaumnya, lalu ia berkata, “Wahai kaumku, sembahlah Allah (karena) tidak ada tuhan bagi kamu selain Dia.” Sesungguhnya (kalau kamu tidak menyembah Allah) aku takut kamu akan ditimpa azab hari yang besar (hari Kiamat).	Allah	http://www.wikidata.org/entity/Q2095353	Allah
7	59	Sungguh, Kami telah mengutus Nuh (sebagai rasul) kepada kaumnya, lalu ia berkata, “Wahai kaumku, sembahlah Allah (karena) tidak ada tuhan bagi kamu selain Dia.” Sesungguhnya (kalau kamu tidak menyembah Allah) aku takut kamu akan ditimpa azab hari yang besar (hari Kiamat).	hari Kiamat	http://www.wikidata.org/entity/Q12200906	Event
7	60	Pemuka-pemuka dari kaumnya berkata, “Sesungguhnya kami benar-benar melihatmu (berada) dalam kesesatan yang nyata.”			
7	61	Dia (Nuh) menjawab, “Hai kaumku, tidak ada padaku kesesatan sedikit pun, tetapi aku adalah rasul dari Tuhan semesta alam.	Nuh	http://www.wikidata.org/entity/Q1782672	Messenger
7	61	Dia (Nuh) menjawab, “Hai kaumku, tidak ada padaku kesesatan sedikit pun, tetapi aku adalah rasul dari Tuhan semesta alam.	Tuhan semesta alam	http://www.wikidata.org/entity/Q2095353	Allah
7	62	Aku sampaikan kepadamu risalah (amanat) Tuhanku dan aku memberi nasihat kepadamu. Aku mengetahui dari Allah apa yang tidak kamu ketahui.	Allah	http://www.wikidata.org/entity/Q2095353	Allah
7	63	Apakah kamu (tidak percaya dan) heran bahwa telah datang kepada kamu peringatan dari Tuhanmu kepada seorang laki-laki dari golonganmu agar dia memberi peringatan kepadamu, agar kamu bertakwa, dan agar kamu mendapat rahmat?”			
7	64	(Karena) mereka mendustakannya (Nuh), Kami selamatkan dia dan orang-orang yang bersamanya di dalam bahtera serta Kami tenggelamkan orang-orang yang mendustakan ayat-ayat Kami. Sesungguhnya mereka adalah kaum yang buta (mata hatinya).	Nuh	http://www.wikidata.org/entity/Q1782672	Messenger
7	65	(Kami telah mengutus) kepada (kaum) ‘Ad saudara mereka, Hud. Dia berkata, “Wahai kaumku, sembahlah Allah, tidak ada tuhan bagimu selain Dia. Tidakkah kamu bertakwa?”	‘Ad	http://www.wikidata.org/entity/Q345427	Person
7	65	(Kami telah mengutus) kepada (kaum) ‘Ad saudara mereka, Hud. Dia berkata, “Wahai kaumku, sembahlah Allah, tidak ada tuhan bagimu selain Dia. Tidakkah kamu bertakwa?”	Hud	http://www.wikidata.org/entity/Q193669	Messenger
7	65	(Kami telah mengutus) kepada (kaum) ‘Ad saudara mereka, Hud. Dia berkata, “Wahai kaumku, sembahlah Allah, tidak ada tuhan bagimu selain Dia. Tidakkah kamu bertakwa?”	Allah	http://www.wikidata.org/entity/Q2095353	Allah
7	66	Para pemuka yang kufur di antara kaumnya berkata, “Sesungguhnya kami benar-benar melihat kamu dalam keadaan kurang akal dan sesungguhnya kami menduga bahwa kamu termasuk para pembohong.”			
7	68	Aku sampaikan kepadamu risalah-risalah (amanat) Tuhanku dan aku terhadap kamu adalah penasihat yang tepercaya.			
7	69	Apakah kamu (tidak percaya dan) heran bahwa telah datang kepadamu tuntunan dari Tuhanmu atas seorang laki-laki dari golonganmu supaya dia memberi peringatan kepadamu? Ingatlah, ketika Dia (Allah) menjadikan kamu pengganti-pengganti (yang berkuasa) sesudah kaum Nuh, dan melebihkan kamu dalam penciptaan (berupa) tubuh yang tinggi, besar, dan kuat. Maka, ingatlah nikmat-nikmat Allah supaya kamu mendapat keberuntungan.”	Allah	http://www.wikidata.org/entity/Q2095353	Allah
7	69	Apakah kamu (tidak percaya dan) heran bahwa telah datang kepadamu tuntunan dari Tuhanmu atas seorang laki-laki dari golonganmu supaya dia memberi peringatan kepadamu? Ingatlah, ketika Dia (Allah) menjadikan kamu pengganti-pengganti (yang berkuasa) sesudah kaum Nuh, dan melebihkan kamu dalam penciptaan (berupa) tubuh yang tinggi, besar, dan kuat. Maka, ingatlah nikmat-nikmat Allah supaya kamu mendapat keberuntungan.”	Nuh	http://www.wikidata.org/entity/Q1782672	Messenger
7	69	Apakah kamu (tidak percaya dan) heran bahwa telah datang kepadamu tuntunan dari Tuhanmu atas seorang laki-laki dari golonganmu supaya dia memberi peringatan kepadamu? Ingatlah, ketika Dia (Allah) menjadikan kamu pengganti-pengganti (yang berkuasa) sesudah kaum Nuh, dan melebihkan kamu dalam penciptaan (berupa) tubuh yang tinggi, besar, dan kuat. Maka, ingatlah nikmat-nikmat Allah supaya kamu mendapat keberuntungan.”	Allah	http://www.wikidata.org/entity/Q2095353	Allah
7	71	Dia (Hud) berkata, “Sungguh, sudah pasti kamu akan ditimpa azab dan kemarahan dari Tuhanmu. Apakah kamu sekalian hendak berbantah dengan Aku tentang nama-nama (berhala) yang kamu beserta nenek moyangmu menamakannya, padahal Allah tidak menurunkan sedikit pun hujah (alasan pembenaran) untuk itu? Maka, tunggulah (azab dan kemarahan itu)! Sesungguhnya aku bersamamu termasuk orang-orang yang menunggu.”	Hud	http://www.wikidata.org/entity/Q193669	Messenger
7	71	Dia (Hud) berkata, “Sungguh, sudah pasti kamu akan ditimpa azab dan kemarahan dari Tuhanmu. Apakah kamu sekalian hendak berbantah dengan Aku tentang nama-nama (berhala) yang kamu beserta nenek moyangmu menamakannya, padahal Allah tidak menurunkan sedikit pun hujah (alasan pembenaran) untuk itu? Maka, tunggulah (azab dan kemarahan itu)! Sesungguhnya aku bersamamu termasuk orang-orang yang menunggu.”	Allah	http://www.wikidata.org/entity/Q2095353	Allah
7	72	Maka, Kami selamatkan dia (Hud) dan orang-orang yang bersamanya karena rahmat yang besar dari Kami, dan Kami binasakan sampai akar-akarnya orang-orang yang mendustakan ayat-ayat Kami dan mereka bukanlah orang-orang mukmin.	Hud	http://www.wikidata.org/entity/Q193669	Messenger
7	73	Kami telah mengutus) kepada (kaum) Samud saudara mereka, Saleh. Dia berkata, “Wahai kaumku, sembahlah Allah, tidak ada bagi kamu tuhan selain Dia. Sungguh, telah datang kepada kamu bukti yang nyata dari Tuhanmu. Ini adalah unta betina Allah untuk kamu sebagai mukjizat. Maka, biarkanlah ia makan di bumi Allah dan janganlah kamu mengganggunya dengan keburukan apa pun sehingga kamu ditimpa siksa yang sangat pedih.”	Samud	http://www.wikidata.org/entity/Q1132376	Person
7	73	Kami telah mengutus) kepada (kaum) Samud saudara mereka, Saleh. Dia berkata, “Wahai kaumku, sembahlah Allah, tidak ada bagi kamu tuhan selain Dia. Sungguh, telah datang kepada kamu bukti yang nyata dari Tuhanmu. Ini adalah unta betina Allah untuk kamu sebagai mukjizat. Maka, biarkanlah ia makan di bumi Allah dan janganlah kamu mengganggunya dengan keburukan apa pun sehingga kamu ditimpa siksa yang sangat pedih.”	Saleh	http://www.wikidata.org/entity/Q326189	Messenger
7	73	Kami telah mengutus) kepada (kaum) Samud saudara mereka, Saleh. Dia berkata, “Wahai kaumku, sembahlah Allah, tidak ada bagi kamu tuhan selain Dia. Sungguh, telah datang kepada kamu bukti yang nyata dari Tuhanmu. Ini adalah unta betina Allah untuk kamu sebagai mukjizat. Maka, biarkanlah ia makan di bumi Allah dan janganlah kamu mengganggunya dengan keburukan apa pun sehingga kamu ditimpa siksa yang sangat pedih.”	Allah	http://www.wikidata.org/entity/Q2095353	Allah
7	73	Kami telah mengutus) kepada (kaum) Samud saudara mereka, Saleh. Dia berkata, “Wahai kaumku, sembahlah Allah, tidak ada bagi kamu tuhan selain Dia. Sungguh, telah datang kepada kamu bukti yang nyata dari Tuhanmu. Ini adalah unta betina Allah untuk kamu sebagai mukjizat. Maka, biarkanlah ia makan di bumi Allah dan janganlah kamu mengganggunya dengan keburukan apa pun sehingga kamu ditimpa siksa yang sangat pedih.”	Allah	http://www.wikidata.org/entity/Q2095353	Allah
7	73	Kami telah mengutus) kepada (kaum) Samud saudara mereka, Saleh. Dia berkata, “Wahai kaumku, sembahlah Allah, tidak ada bagi kamu tuhan selain Dia. Sungguh, telah datang kepada kamu bukti yang nyata dari Tuhanmu. Ini adalah unta betina Allah untuk kamu sebagai mukjizat. Maka, biarkanlah ia makan di bumi Allah dan janganlah kamu mengganggunya dengan keburukan apa pun sehingga kamu ditimpa siksa yang sangat pedih.”	bumi	http://www.wikidata.org/entity/Q2	AstronomicalBody
7	73	Kami telah mengutus) kepada (kaum) Samud saudara mereka, Saleh. Dia berkata, “Wahai kaumku, sembahlah Allah, tidak ada bagi kamu tuhan selain Dia. Sungguh, telah datang kepada kamu bukti yang nyata dari Tuhanmu. Ini adalah unta betina Allah untuk kamu sebagai mukjizat. Maka, biarkanlah ia makan di bumi Allah dan janganlah kamu mengganggunya dengan keburukan apa pun sehingga kamu ditimpa siksa yang sangat pedih.”	Allah	http://www.wikidata.org/entity/Q2095353	Allah
7	75	Pemuka-pemuka yang menyombongkan diri di antara kaumnya berkata kepada orang-orang yang dianggap lemah yang telah beriman di antara mereka, “Tahukah kamu bahwa Saleh diutus (menjadi rasul) oleh Tuhannya?” Mereka menjawab, “Sesungguhnya kami beriman kepada apa (wahyu) yang dibawanya.”	Saleh	http://www.wikidata.org/entity/Q326189	Messenger
7	76	Orang-orang yang menyombongkan diri berkata, “Sesungguhnya kami adalah orang-orang yang mengingkari apa yang kamu imani.”			
7	77	Lalu, mereka memotong unta betina itu dan mereka melampaui batas terhadap perintah Tuhan mereka, dan mereka berkata, “Wahai Saleh, datangkanlah kepada kami apa (ancaman siksa) yang engkau janjikan kepada kami jika engkau termasuk orang-orang yang diutus (Allah).”	Saleh	http://www.wikidata.org/entity/Q326189	Messenger
7	77	Lalu, mereka memotong unta betina itu dan mereka melampaui batas terhadap perintah Tuhan mereka, dan mereka berkata, “Wahai Saleh, datangkanlah kepada kami apa (ancaman siksa) yang engkau janjikan kepada kami jika engkau termasuk orang-orang yang diutus (Allah).”	Allah	http://www.wikidata.org/entity/Q2095353	Allah
7	78	Maka, gempa (dahsyat) menimpa mereka sehingga mereka menjadi (mayat-mayat yang) bergelimpangan di dalam (reruntuhan) tempat tinggal mereka.			
7	79	Maka, dia (Saleh) meninggalkan mereka seraya berkata, “Wahai kaumku, sungguh aku telah menyampaikan kepadamu risalah (amanat) Tuhanku dan aku telah menasihatimu, tetapi kamu tidak menyukai para pemberi nasihat.”	Saleh	http://www.wikidata.org/entity/Q326189	Messenger
7	81	Sesungguhnya kamu benar-benar mendatangi laki-laki untuk melampiaskan syahwat, bukan kepada perempuan, bahkan kamu adalah kaum yang melampaui batas.”			
7	82	Tidak ada jawaban kaumnya selain berkata, “Usirlah mereka (Lut dan pengikutnya) dari negerimu ini. Sesungguhnya mereka adalah orang-orang yang menganggap dirinya suci.”	Lut	http://www.wikidata.org/entity/Q1918059	Messenger
7	83	Maka, Kami selamatkan dia dan pengikutnya, kecuali istrinya. Dia (istrinya) termasuk (orang-orang kafir) yang tertinggal.			
7	85	Kepada penduduk Madyan, Kami (utus) saudara mereka, Syuʻaib. Dia berkata, “Wahai kaumku, sembahlah Allah. Tidak ada bagimu tuhan (yang disembah) selain Dia. Sungguh, telah datang kepadamu bukti yang nyata dari Tuhanmu. Maka, sempurnakanlah takaran dan timbangan, dan janganlah merugikan (hak-hak) orang lain sedikit pun. Jangan (pula) berbuat kerusakan di bumi setelah perbaikannya. Itulah lebih baik bagimu, jika kamu beriman.”	Syuʻaib	http://www.wikidata.org/entity/Q982867	Messenger
7	85	Kepada penduduk Madyan, Kami (utus) saudara mereka, Syuʻaib. Dia berkata, “Wahai kaumku, sembahlah Allah. Tidak ada bagimu tuhan (yang disembah) selain Dia. Sungguh, telah datang kepadamu bukti yang nyata dari Tuhanmu. Maka, sempurnakanlah takaran dan timbangan, dan janganlah merugikan (hak-hak) orang lain sedikit pun. Jangan (pula) berbuat kerusakan di bumi setelah perbaikannya. Itulah lebih baik bagimu, jika kamu beriman.”	Allah	http://www.wikidata.org/entity/Q2095353	Allah
7	85	Kepada penduduk Madyan, Kami (utus) saudara mereka, Syuʻaib. Dia berkata, “Wahai kaumku, sembahlah Allah. Tidak ada bagimu tuhan (yang disembah) selain Dia. Sungguh, telah datang kepadamu bukti yang nyata dari Tuhanmu. Maka, sempurnakanlah takaran dan timbangan, dan janganlah merugikan (hak-hak) orang lain sedikit pun. Jangan (pula) berbuat kerusakan di bumi setelah perbaikannya. Itulah lebih baik bagimu, jika kamu beriman.”	bumi	http://www.wikidata.org/entity/Q2	AstronomicalBody
7	86	Janganlah kamu duduk di setiap jalan dengan menakut-nakuti dan menghalang-halangi orang-orang yang beriman dari jalan Allah, serta ingin membelokkannya. Ingatlah ketika kamu dahulunya sedikit, lalu Allah memperbanyak jumlah kamu. Perhatikanlah, bagaimana kesudahan orang-orang yang berbuat kerusakan.	Allah	http://www.wikidata.org/entity/Q2095353	Allah
7	86	Janganlah kamu duduk di setiap jalan dengan menakut-nakuti dan menghalang-halangi orang-orang yang beriman dari jalan Allah, serta ingin membelokkannya. Ingatlah ketika kamu dahulunya sedikit, lalu Allah memperbanyak jumlah kamu. Perhatikanlah, bagaimana kesudahan orang-orang yang berbuat kerusakan.	Allah	http://www.wikidata.org/entity/Q2095353	Allah
7	87	Jika ada segolongan di antara kamu yang beriman kepada (ajaran) yang aku diutus menyampaikannya dan ada (pula) segolongan yang tidak beriman, bersabarlah sampai Allah menetapkan keputusan di antara kita. Dia adalah pemberi putusan yang terbaik.	Allah	http://www.wikidata.org/entity/Q2095353	Allah
7	88	Para pemuka yang sombong dari kaumnya berkata, “Wahai Syuʻaib, sungguh, kami akan mengusirmu bersama orang-orang yang beriman kepadamu dari negeri kami, kecuali engkau benar-benar kembali kepada agama kami.” Syuʻaib berkata, “Apakah (kami kembali padanya) meskipun kami membenci(-nya)?	Syuʻaib	http://www.wikidata.org/entity/Q982867	Messenger
7	88	Para pemuka yang sombong dari kaumnya berkata, “Wahai Syuʻaib, sungguh, kami akan mengusirmu bersama orang-orang yang beriman kepadamu dari negeri kami, kecuali engkau benar-benar kembali kepada agama kami.” Syuʻaib berkata, “Apakah (kami kembali padanya) meskipun kami membenci(-nya)?	Syuʻaib	http://www.wikidata.org/entity/Q982867	Messenger
7	89	Sungguh, kami telah mengada-adakan kebohongan besar kepada Allah jika kami kembali pada agamamu setelah Allah menyelamatkan kami darinya. Tidaklah patut kami kembali padanya, kecuali jika Allah Tuhan kami menghendaki. Pengetahuan Tuhan kami meliputi segala sesuatu. Hanya kepada Allah kami bertawakal. Wahai Tuhan kami, berilah keputusan antara kami dan kaum kami dengan hak (adil). Engkaulah pemberi keputusan terbaik.”	Allah	http://www.wikidata.org/entity/Q2095353	Allah
7	89	Sungguh, kami telah mengada-adakan kebohongan besar kepada Allah jika kami kembali pada agamamu setelah Allah menyelamatkan kami darinya. Tidaklah patut kami kembali padanya, kecuali jika Allah Tuhan kami menghendaki. Pengetahuan Tuhan kami meliputi segala sesuatu. Hanya kepada Allah kami bertawakal. Wahai Tuhan kami, berilah keputusan antara kami dan kaum kami dengan hak (adil). Engkaulah pemberi keputusan terbaik.”	Allah	http://www.wikidata.org/entity/Q2095353	Allah
7	89	Sungguh, kami telah mengada-adakan kebohongan besar kepada Allah jika kami kembali pada agamamu setelah Allah menyelamatkan kami darinya. Tidaklah patut kami kembali padanya, kecuali jika Allah Tuhan kami menghendaki. Pengetahuan Tuhan kami meliputi segala sesuatu. Hanya kepada Allah kami bertawakal. Wahai Tuhan kami, berilah keputusan antara kami dan kaum kami dengan hak (adil). Engkaulah pemberi keputusan terbaik.”	Allah	http://www.wikidata.org/entity/Q2095353	Allah
7	89	Sungguh, kami telah mengada-adakan kebohongan besar kepada Allah jika kami kembali pada agamamu setelah Allah menyelamatkan kami darinya. Tidaklah patut kami kembali padanya, kecuali jika Allah Tuhan kami menghendaki. Pengetahuan Tuhan kami meliputi segala sesuatu. Hanya kepada Allah kami bertawakal. Wahai Tuhan kami, berilah keputusan antara kami dan kaum kami dengan hak (adil). Engkaulah pemberi keputusan terbaik.”	Allah	http://www.wikidata.org/entity/Q2095353	Allah
7	90	Para pemuka orang-orang yang kufur dari kaumnya berkata (kepada sesamanya), “Sungguh, jika kamu mengikuti Syuʻaib, niscaya kamu benar-benar menjadi orang-orang yang rugi.”	Syuʻaib	http://www.wikidata.org/entity/Q982867	Messenger
7	91	Maka, gempa (dahsyat) menimpa mereka sehingga mereka menjadi (mayat-mayat yang) bergelimpangan di dalam (reruntuhan) tempat tinggal mereka.			
7	92	Orang-orang yang mendustakan Syuʻaib seakan-akan belum pernah tinggal di (negeri) itu. Mereka yang mendustakan Syuʻaib itulah orang-orang yang rugi.	Syuʻaib	http://www.wikidata.org/entity/Q982867	Messenger
7	92	Orang-orang yang mendustakan Syuʻaib seakan-akan belum pernah tinggal di (negeri) itu. Mereka yang mendustakan Syuʻaib itulah orang-orang yang rugi.	Syuʻaib	http://www.wikidata.org/entity/Q982867	Messenger
7	93	(Ketika Syuʻaib yakin azab akan menimpa kaum kafir,) ia meninggalkan mereka seraya berkata, “Wahai kaumku, sungguh aku benar-benar telah menyampaikan risalah Tuhanku kepadamu dan aku telah menasihatimu. Maka, bagaimana aku akan bersedih terhadap kaum kafir?”	Syuʻaib	http://www.wikidata.org/entity/Q982867	Messenger
7	96	Sekiranya penduduk negeri-negeri beriman dan bertakwa, niscaya Kami akan membukakan untuk mereka berbagai keberkahan dari langit dan bumi. Akan tetapi, mereka mendustakan (para rasul dan ayat-ayat Kami). Maka, Kami menyiksa mereka disebabkan oleh apa yang selalu mereka kerjakan.	langit	http://www.wikidata.org/entity/Q527	AstronomicalBody
7	96	Sekiranya penduduk negeri-negeri beriman dan bertakwa, niscaya Kami akan membukakan untuk mereka berbagai keberkahan dari langit dan bumi. Akan tetapi, mereka mendustakan (para rasul dan ayat-ayat Kami). Maka, Kami menyiksa mereka disebabkan oleh apa yang selalu mereka kerjakan.	bumi	http://www.wikidata.org/entity/Q2	AstronomicalBody
7	97	Apakah penduduk negeri-negeri itu merasa aman dari siksa Kami yang datang pada malam hari ketika mereka sedang tidur?			
7	99	Atau, apakah mereka merasa aman dari siksa Allah (yang tidak terduga-duga)? Tidak ada orang yang merasa aman dari siksa Allah, selain kaum yang rugi.	Allah	http://www.wikidata.org/entity/Q2095353	Allah
7	99	Atau, apakah mereka merasa aman dari siksa Allah (yang tidak terduga-duga)? Tidak ada orang yang merasa aman dari siksa Allah, selain kaum yang rugi.	Allah	http://www.wikidata.org/entity/Q2095353	Allah
7	100	Ataukah belum juga jelas bagi orang-orang yang mewarisi suatu negeri setelah (lenyap) penduduknya, bahwa seandainya Kami menghendaki, Kami benar-benar akan menimpakan (siksa) kepada mereka karena dosa-dosanya? Kami akan mengunci hati mereka sehingga mereka tidak dapat mendengar (pelajaran).			
7	101	Negeri-negeri (yang telah Kami binasakan) itu Kami ceritakan sebagian kisahnya kepadamu (Nabi Muhammad). Sungguh, rasul-rasul mereka telah datang dengan membawa bukti-bukti yang nyata kepada mereka. Akan tetapi, mereka tidak mau beriman pada apa yang telah mereka dustakan sebelumnya. Demikianlah Allah mengunci hati orang-orang yang kafir.	Muhammad	http://www.wikidata.org/entity/Q9458	Messenger
7	101	Negeri-negeri (yang telah Kami binasakan) itu Kami ceritakan sebagian kisahnya kepadamu (Nabi Muhammad). Sungguh, rasul-rasul mereka telah datang dengan membawa bukti-bukti yang nyata kepada mereka. Akan tetapi, mereka tidak mau beriman pada apa yang telah mereka dustakan sebelumnya. Demikianlah Allah mengunci hati orang-orang yang kafir.	Allah	http://www.wikidata.org/entity/Q2095353	Allah
7	102	Kami tidak mendapati kebanyakan mereka memenuhi janji. Sesungguhnya Kami dapati kebanyakan mereka adalah orang-orang yang fasik.			
7	103	Kemudian, Kami utus Musa setelah mereka dengan membawa tanda-tanda (kekuasaan) Kami kepada Fir‘aun dan pemuka-pemuka kaumnya. Lalu, mereka mengingkarinya. Perhatikanlah bagaimana kesudahan orang-orang yang berbuat kerusakan.	Musa	http://www.wikidata.org/entity/Q1990155	Messenger
7	103	Kemudian, Kami utus Musa setelah mereka dengan membawa tanda-tanda (kekuasaan) Kami kepada Fir‘aun dan pemuka-pemuka kaumnya. Lalu, mereka mengingkarinya. Perhatikanlah bagaimana kesudahan orang-orang yang berbuat kerusakan.	Fir‘aun	http://www.wikidata.org/entity/Q37110	Person
7	104	Musa berkata, “Wahai Fir‘aun, sesungguhnya aku adalah seorang utusan dari Tuhan semesta alam.	Musa	http://www.wikidata.org/entity/Q1990155	Messenger
7	104	Musa berkata, “Wahai Fir‘aun, sesungguhnya aku adalah seorang utusan dari Tuhan semesta alam.	Fir‘aun	http://www.wikidata.org/entity/Q37110	Person
7	104	Musa berkata, “Wahai Fir‘aun, sesungguhnya aku adalah seorang utusan dari Tuhan semesta alam.	Tuhan semesta alam	http://www.wikidata.org/entity/Q2095353	Allah
7	105	Wajib atasku tidak mengatakan (sesuatu) terhadap Allah, kecuali yang hak (benar). Sungguh, aku datang kepadamu dengan membawa bukti yang nyata dari Tuhanmu. Maka, lepaskanlah Bani Israil (pergi) bersamaku.”	Allah	http://www.wikidata.org/entity/Q2095353	Allah
7	105	Wajib atasku tidak mengatakan (sesuatu) terhadap Allah, kecuali yang hak (benar). Sungguh, aku datang kepadamu dengan membawa bukti yang nyata dari Tuhanmu. Maka, lepaskanlah Bani Israil (pergi) bersamaku.”	Bani Israil	http://www.wikidata.org/entity/Q2605404	Person
7	107	Maka, dia (Musa) melemparkan tongkatnya, tiba-tiba ia (tongkat itu) menjadi ular besar yang nyata.	Musa	http://www.wikidata.org/entity/Q1990155	Messenger
7	110	Dia hendak mengusir kamu dari negerimu.” (Fir‘aun berkata,) “Maka, apa saran kamu?”	Fir‘aun	http://www.wikidata.org/entity/Q37110	Person
7	111	Mereka (para pemuka) itu menjawab, “Beri tangguhlah dia dan saudaranya dan utuslah ke kota-kota beberapa orang untuk mengumpulkan (para penyihir)			
7	112	(agar) mereka membawa semua penyihir yang pandai kepadamu.”			
7	113	Para penyihir datang kepada Fir‘aun. Mereka berkata, “(Apakah) kami benar-benar akan mendapat imbalan jika kami menang?”	Fir‘aun	http://www.wikidata.org/entity/Q37110	Person
7	114	Dia (Fir‘aun) menjawab, “Ya, bahkan sesungguhnya kamu pasti termasuk orang-orang yang didekatkan (kedudukannya kepadaku).”	Fir‘aun	http://www.wikidata.org/entity/Q37110	Person
7	115	Mereka (para penyihir) berkata, “Wahai Musa, engkaukah yang akan melemparkan (lebih dahulu) atau kami yang melemparkan?”	Musa	http://www.wikidata.org/entity/Q1990155	Messenger
7	116	Dia (Musa) menjawab, “Lemparkanlah (lebih dahulu)!” Maka, ketika melemparkan (tali-temali), mereka menyihir mata orang banyak dan menjadikan mereka takut. Mereka memperlihatkan sihir yang hebat (menakjubkan).	Musa	http://www.wikidata.org/entity/Q1990155	Messenger
7	118	Maka, terbuktilah kebenaran dan sia-sialah segala yang mereka kerjakan.			
7	119	Mereka dikalahkan di tempat itu dan jadilah mereka orang-orang yang hina.			
7	120	Para penyihir itu tersungkur dalam keadaan sujud.			
7	121	Mereka berkata, “Kami beriman kepada Tuhan semesta alam,	Tuhan semesta alam	http://www.wikidata.org/entity/Q2095353	Allah
7	122	(yaitu) Tuhannya Musa dan Harun.”	Musa	http://www.wikidata.org/entity/Q1990155	Messenger
7	122	(yaitu) Tuhannya Musa dan Harun.”	Harun	http://www.wikidata.org/entity/Q380714	Messenger
7	123	Fir‘aun berkata, “Mengapa kamu beriman kepadanya sebelum aku memberi izin kepadamu? Sesungguhnya ini benar-benar tipu muslihat yang telah kamu rencanakan di kota ini untuk mengusir penduduknya. Kelak kamu akan mengetahui (akibat perbuatanmu ini).	Fir‘aun	http://www.wikidata.org/entity/Q37110	Person
7	124	Pasti akan aku potong tangan dan kakimu dengan bersilang (tangan kanan dan kaki kiri atau sebaliknya) kemudian sungguh akan aku salib kamu semua.”			
7	126	Engkau (Fir‘aun) tidak menghukum kami, kecuali karena kami beriman kepada ayat-ayat Tuhan kami ketika ayat-ayat itu datang kepada kami.” (Mereka berdoa,) “Ya Tuhan kami, limpahkanlah kesabaran kepada kami dan matikanlah kami dalam keadaan muslim (berserah diri kepada-Mu).”	Fir‘aun	http://www.wikidata.org/entity/Q37110	Person
7	127	Para pemuka dari kaum Fir‘aun berkata, “Apakah engkau akan membiarkan Musa dan kaumnya sehingga mereka berbuat kerusakan di negeri ini (Mesir) dan dia (Musa) meninggalkanmu dan tuhan-tuhanmu?” (Fir‘aun) menjawab, “Akan kita bunuh anak-anak laki-laki mereka dan kita biarkan hidup anak-anak perempuan mereka. Sesungguhnya kita berkuasa penuh atas mereka.”	Fir‘aun	http://www.wikidata.org/entity/Q37110	Person
7	127	Para pemuka dari kaum Fir‘aun berkata, “Apakah engkau akan membiarkan Musa dan kaumnya sehingga mereka berbuat kerusakan di negeri ini (Mesir) dan dia (Musa) meninggalkanmu dan tuhan-tuhanmu?” (Fir‘aun) menjawab, “Akan kita bunuh anak-anak laki-laki mereka dan kita biarkan hidup anak-anak perempuan mereka. Sesungguhnya kita berkuasa penuh atas mereka.”	Musa	http://www.wikidata.org/entity/Q1990155	Messenger
7	127	Para pemuka dari kaum Fir‘aun berkata, “Apakah engkau akan membiarkan Musa dan kaumnya sehingga mereka berbuat kerusakan di negeri ini (Mesir) dan dia (Musa) meninggalkanmu dan tuhan-tuhanmu?” (Fir‘aun) menjawab, “Akan kita bunuh anak-anak laki-laki mereka dan kita biarkan hidup anak-anak perempuan mereka. Sesungguhnya kita berkuasa penuh atas mereka.”	Mesir	http://www.wikidata.org/entity/Q79	GeographicalLocation
7	127	Para pemuka dari kaum Fir‘aun berkata, “Apakah engkau akan membiarkan Musa dan kaumnya sehingga mereka berbuat kerusakan di negeri ini (Mesir) dan dia (Musa) meninggalkanmu dan tuhan-tuhanmu?” (Fir‘aun) menjawab, “Akan kita bunuh anak-anak laki-laki mereka dan kita biarkan hidup anak-anak perempuan mereka. Sesungguhnya kita berkuasa penuh atas mereka.”	Musa	http://www.wikidata.org/entity/Q1990155	Messenger
7	127	Para pemuka dari kaum Fir‘aun berkata, “Apakah engkau akan membiarkan Musa dan kaumnya sehingga mereka berbuat kerusakan di negeri ini (Mesir) dan dia (Musa) meninggalkanmu dan tuhan-tuhanmu?” (Fir‘aun) menjawab, “Akan kita bunuh anak-anak laki-laki mereka dan kita biarkan hidup anak-anak perempuan mereka. Sesungguhnya kita berkuasa penuh atas mereka.”	Fir‘aun	http://www.wikidata.org/entity/Q37110	Person
7	128	Musa berkata kepada kaumnya, “Mohonlah pertolongan kepada Allah dan bersabarlah. Sesungguhnya bumi (ini) milik Allah. Dia akan mewariskannya kepada siapa saja yang Dia kehendaki di antara hamba-hamba-Nya. Kesudahan (yang baik) adalah bagi orang-orang yang bertakwa.”	Musa	http://www.wikidata.org/entity/Q1990155	Messenger
7	128	Musa berkata kepada kaumnya, “Mohonlah pertolongan kepada Allah dan bersabarlah. Sesungguhnya bumi (ini) milik Allah. Dia akan mewariskannya kepada siapa saja yang Dia kehendaki di antara hamba-hamba-Nya. Kesudahan (yang baik) adalah bagi orang-orang yang bertakwa.”	Allah	http://www.wikidata.org/entity/Q2095353	Allah
7	128	Musa berkata kepada kaumnya, “Mohonlah pertolongan kepada Allah dan bersabarlah. Sesungguhnya bumi (ini) milik Allah. Dia akan mewariskannya kepada siapa saja yang Dia kehendaki di antara hamba-hamba-Nya. Kesudahan (yang baik) adalah bagi orang-orang yang bertakwa.”	bumi	http://www.wikidata.org/entity/Q2	AstronomicalBody
7	128	Musa berkata kepada kaumnya, “Mohonlah pertolongan kepada Allah dan bersabarlah. Sesungguhnya bumi (ini) milik Allah. Dia akan mewariskannya kepada siapa saja yang Dia kehendaki di antara hamba-hamba-Nya. Kesudahan (yang baik) adalah bagi orang-orang yang bertakwa.”	Allah	http://www.wikidata.org/entity/Q2095353	Allah
7	129	Mereka (kaum Musa) berkata, “Kami telah ditindas (oleh Fir‘aun) sebelum engkau datang kepada kami dan setelah engkau datang.” (Musa) menjawab, “Mudah-mudahan Tuhanmu membinasakan musuhmu dan menjadikan kamu penguasa di bumi lalu Dia akan melihat bagaimana perbuatanmu.”	Musa	http://www.wikidata.org/entity/Q1990155	Messenger
7	129	Mereka (kaum Musa) berkata, “Kami telah ditindas (oleh Fir‘aun) sebelum engkau datang kepada kami dan setelah engkau datang.” (Musa) menjawab, “Mudah-mudahan Tuhanmu membinasakan musuhmu dan menjadikan kamu penguasa di bumi lalu Dia akan melihat bagaimana perbuatanmu.”	Fir‘aun	http://www.wikidata.org/entity/Q37110	Person
7	129	Mereka (kaum Musa) berkata, “Kami telah ditindas (oleh Fir‘aun) sebelum engkau datang kepada kami dan setelah engkau datang.” (Musa) menjawab, “Mudah-mudahan Tuhanmu membinasakan musuhmu dan menjadikan kamu penguasa di bumi lalu Dia akan melihat bagaimana perbuatanmu.”	Musa	http://www.wikidata.org/entity/Q1990155	Messenger
7	129	Mereka (kaum Musa) berkata, “Kami telah ditindas (oleh Fir‘aun) sebelum engkau datang kepada kami dan setelah engkau datang.” (Musa) menjawab, “Mudah-mudahan Tuhanmu membinasakan musuhmu dan menjadikan kamu penguasa di bumi lalu Dia akan melihat bagaimana perbuatanmu.”	bumi	http://www.wikidata.org/entity/Q2	AstronomicalBody
7	130	Sungguh, Kami telah menghukum Fir‘aun dan kaumnya dengan (mendatangkan) kemarau panjang dan kekurangan buah-buahan agar mereka mengambil pelajaran.	Fir‘aun	http://www.wikidata.org/entity/Q37110	Person
7	131	Maka, apabila kebaikan (kemakmuran) datang kepada mereka, mereka berkata, “Kami pantas mendapatkan ini (karena usaha kami).” Jika ditimpa kesusahan, mereka lemparkan sebab kesialan itu kepada Musa dan orang-orang yang bersamanya. Ketahuilah, sesungguhnya ketentuan tentang nasib mereka (baik dan buruk) di sisi Allah, tetapi kebanyakan mereka tidak mengetahui.	Musa	http://www.wikidata.org/entity/Q1990155	Messenger
7	131	Maka, apabila kebaikan (kemakmuran) datang kepada mereka, mereka berkata, “Kami pantas mendapatkan ini (karena usaha kami).” Jika ditimpa kesusahan, mereka lemparkan sebab kesialan itu kepada Musa dan orang-orang yang bersamanya. Ketahuilah, sesungguhnya ketentuan tentang nasib mereka (baik dan buruk) di sisi Allah, tetapi kebanyakan mereka tidak mengetahui.	Allah	http://www.wikidata.org/entity/Q2095353	Allah
7	132	Mereka (kaum Fir‘aun) berkata (kepada Musa), “Bukti apa pun yang engkau bawa kepada kami untuk menyihir kami dengannya, kami tidak akan beriman kepadamu.”	Fir‘aun	http://www.wikidata.org/entity/Q37110	Person
7	132	Mereka (kaum Fir‘aun) berkata (kepada Musa), “Bukti apa pun yang engkau bawa kepada kami untuk menyihir kami dengannya, kami tidak akan beriman kepadamu.”	Musa	http://www.wikidata.org/entity/Q1990155	Messenger
7	133	Maka, Kami kirimkan kepada mereka (siksa berupa) banjir besar, belalang, kutu, katak, dan darah (air minum berubah menjadi darah) sebagai bukti-bukti yang jelas dan terperinci. Akan tetapi, mereka tetap menyombongkan diri dan mereka adalah kaum pendurhaka.			
7	136	Maka, Kami membalas mereka (dengan siksa yang lebih berat). Kami tenggelamkan mereka di laut karena mereka telah mendustakan ayat-ayat Kami dan mereka adalah orang-orang yang lengah terhadapnya.			
7	137	Kami wariskan kepada kaum yang selalu tertindas itu, bumi bagian timur dan bagian baratnya yang telah Kami berkahi. (Dengan demikian,) telah sempurnalah firman Tuhanmu yang baik itu (sebagai janji) untuk Bani Israil disebabkan kesabaran mereka. Kami hancurkan apa pun yang telah dibuat Fir‘aun dan kaumnya serta apa pun yang telah mereka bangun.	bumi	http://www.wikidata.org/entity/Q2	AstronomicalBody
7	137	Kami wariskan kepada kaum yang selalu tertindas itu, bumi bagian timur dan bagian baratnya yang telah Kami berkahi. (Dengan demikian,) telah sempurnalah firman Tuhanmu yang baik itu (sebagai janji) untuk Bani Israil disebabkan kesabaran mereka. Kami hancurkan apa pun yang telah dibuat Fir‘aun dan kaumnya serta apa pun yang telah mereka bangun.	Bani Israil	http://www.wikidata.org/entity/Q2605404	Person
7	137	Kami wariskan kepada kaum yang selalu tertindas itu, bumi bagian timur dan bagian baratnya yang telah Kami berkahi. (Dengan demikian,) telah sempurnalah firman Tuhanmu yang baik itu (sebagai janji) untuk Bani Israil disebabkan kesabaran mereka. Kami hancurkan apa pun yang telah dibuat Fir‘aun dan kaumnya serta apa pun yang telah mereka bangun.	Fir‘aun	http://www.wikidata.org/entity/Q37110	Person
7	138	Kami menyeberangkan Bani Israil (melintasi) laut itu (dengan selamat). Ketika mereka sampai kepada suatu kaum yang masih tetap menyembah berhala, mereka (Bani Israil) berkata, “Wahai Musa, buatlah untuk kami tuhan (berupa berhala) sebagaimana tuhan-tuhan mereka.” (Musa) menjawab, “Sesungguhnya kamu adalah kaum yang bodoh.”	Bani Israil	http://www.wikidata.org/entity/Q2605404	Person
7	138	Kami menyeberangkan Bani Israil (melintasi) laut itu (dengan selamat). Ketika mereka sampai kepada suatu kaum yang masih tetap menyembah berhala, mereka (Bani Israil) berkata, “Wahai Musa, buatlah untuk kami tuhan (berupa berhala) sebagaimana tuhan-tuhan mereka.” (Musa) menjawab, “Sesungguhnya kamu adalah kaum yang bodoh.”	Bani Israil	http://www.wikidata.org/entity/Q2605404	Person
7	138	Kami menyeberangkan Bani Israil (melintasi) laut itu (dengan selamat). Ketika mereka sampai kepada suatu kaum yang masih tetap menyembah berhala, mereka (Bani Israil) berkata, “Wahai Musa, buatlah untuk kami tuhan (berupa berhala) sebagaimana tuhan-tuhan mereka.” (Musa) menjawab, “Sesungguhnya kamu adalah kaum yang bodoh.”	Musa	http://www.wikidata.org/entity/Q1990155	Messenger
7	138	Kami menyeberangkan Bani Israil (melintasi) laut itu (dengan selamat). Ketika mereka sampai kepada suatu kaum yang masih tetap menyembah berhala, mereka (Bani Israil) berkata, “Wahai Musa, buatlah untuk kami tuhan (berupa berhala) sebagaimana tuhan-tuhan mereka.” (Musa) menjawab, “Sesungguhnya kamu adalah kaum yang bodoh.”	Musa	http://www.wikidata.org/entity/Q1990155	Messenger
7	139	Sesungguhnya apa yang mereka anut (kemusyrikan) akan dihancurkan dan akan sia-sia apa yang telah mereka kerjakan.			
7	141	(Ingatlah wahai Bani Israil) ketika Kami menyelamatkan kamu dari para pengikut Fir‘aun yang menyiksa kamu dengan siksaan yang paling buruk. Mereka membunuh anak-anakmu yang laki-laki dan membiarkan hidup anak-anakmu yang perempuan. Pada yang demikian itu terdapat cobaan yang besar dari Tuhanmu.	Bani Israil	http://www.wikidata.org/entity/Q2605404	Person
7	141	(Ingatlah wahai Bani Israil) ketika Kami menyelamatkan kamu dari para pengikut Fir‘aun yang menyiksa kamu dengan siksaan yang paling buruk. Mereka membunuh anak-anakmu yang laki-laki dan membiarkan hidup anak-anakmu yang perempuan. Pada yang demikian itu terdapat cobaan yang besar dari Tuhanmu.	Fir‘aun	http://www.wikidata.org/entity/Q37110	Person
7	143	Ketika Musa datang untuk (bermunajat) pada waktu yang telah Kami tentukan (selama empat puluh hari) dan Tuhan telah berfirman (langsung) kepadanya, dia berkata, “Ya Tuhanku, tampakkanlah (diri-Mu) kepadaku agar aku dapat melihat Engkau.” Dia berfirman, “Engkau tidak akan (sanggup) melihat-Ku, namun lihatlah ke gunung itu. Jika ia tetap di tempatnya (seperti sediakala), niscaya engkau dapat melihat-Ku.” Maka, ketika Tuhannya menampakkan (keagungan-Nya) pada gunung itu, gunung itu hancur luluh dan Musa pun jatuh pingsan. Setelah Musa sadar, dia berkata, “Maha Suci Engkau. Aku bertobat kepada-Mu dan aku adalah orang yang pertama-tama beriman.”	Musa	http://www.wikidata.org/entity/Q1990155	Messenger
7	143	Ketika Musa datang untuk (bermunajat) pada waktu yang telah Kami tentukan (selama empat puluh hari) dan Tuhan telah berfirman (langsung) kepadanya, dia berkata, “Ya Tuhanku, tampakkanlah (diri-Mu) kepadaku agar aku dapat melihat Engkau.” Dia berfirman, “Engkau tidak akan (sanggup) melihat-Ku, namun lihatlah ke gunung itu. Jika ia tetap di tempatnya (seperti sediakala), niscaya engkau dapat melihat-Ku.” Maka, ketika Tuhannya menampakkan (keagungan-Nya) pada gunung itu, gunung itu hancur luluh dan Musa pun jatuh pingsan. Setelah Musa sadar, dia berkata, “Maha Suci Engkau. Aku bertobat kepada-Mu dan aku adalah orang yang pertama-tama beriman.”	Musa	http://www.wikidata.org/entity/Q1990155	Messenger
7	143	Ketika Musa datang untuk (bermunajat) pada waktu yang telah Kami tentukan (selama empat puluh hari) dan Tuhan telah berfirman (langsung) kepadanya, dia berkata, “Ya Tuhanku, tampakkanlah (diri-Mu) kepadaku agar aku dapat melihat Engkau.” Dia berfirman, “Engkau tidak akan (sanggup) melihat-Ku, namun lihatlah ke gunung itu. Jika ia tetap di tempatnya (seperti sediakala), niscaya engkau dapat melihat-Ku.” Maka, ketika Tuhannya menampakkan (keagungan-Nya) pada gunung itu, gunung itu hancur luluh dan Musa pun jatuh pingsan. Setelah Musa sadar, dia berkata, “Maha Suci Engkau. Aku bertobat kepada-Mu dan aku adalah orang yang pertama-tama beriman.”	Musa	http://www.wikidata.org/entity/Q1990155	Messenger
7	145	Kami telah menuliskan untuk Musa pada lauh-lauh (Taurat) segala sesuatu sebagai pelajaran dan penjelasan untuk segala hal. Lalu (Kami berfirman kepadanya,) “Berpegang teguhlah padanya dengan sungguh-sungguh dan suruhlah kaummu berpegang padanya dengan sebaik-baiknya. Aku akan memperlihatkan kepadamu (kehancuran) negeri orang-orang fasik.”	Musa	http://www.wikidata.org/entity/Q1990155	Messenger
7	145	Kami telah menuliskan untuk Musa pada lauh-lauh (Taurat) segala sesuatu sebagai pelajaran dan penjelasan untuk segala hal. Lalu (Kami berfirman kepadanya,) “Berpegang teguhlah padanya dengan sungguh-sungguh dan suruhlah kaummu berpegang padanya dengan sebaik-baiknya. Aku akan memperlihatkan kepadamu (kehancuran) negeri orang-orang fasik.”	Taurat	http://www.wikidata.org/entity/Q2383104	HolyBook
7	146	Aku akan memalingkan orang-orang yang menyombongkan diri di bumi tanpa alasan yang benar dari tanda-tanda (kekuasaan-Ku). Jika mereka melihat semua tanda-tanda itu, mereka tetap tidak mau beriman padanya. Jika mereka melihat jalan kebenaran, mereka tetap tidak mau menempuhnya. (Sebaliknya,) jika mereka melihat jalan kesesatan, mereka menempuhnya. Demikian itu adalah karena mereka mendustakan ayat-ayat Kami dan mereka selalu lengah terhadapnya.	bumi	http://www.wikidata.org/entity/Q2	AstronomicalBody
7	147	Orang-orang yang mendustakan tanda-tanda (kekuasaan) Kami dan adanya pertemuan akhirat, sia-sialah amal mereka. Bukankah mereka (tidak) akan dibalas, kecuali (sesuai dengan) apa yang telah mereka kerjakan.			
7	149	Setelah mereka (sangat) menyesali perbuatannya dan mengetahui bahwa mereka benar-benar sesat, mereka berkata, “Sungguh, jika Tuhan kami tidak memberi rahmat kepada kami dan tidak mengampuni kami, pastilah kami menjadi orang-orang yang merugi.”			
7	150	Ketika Musa kembali kepada kaumnya dalam keadaan marah lagi sedih, dia berkata, “Alangkah buruknya perbuatan yang kamu kerjakan selama kepergianku! Apakah kamu hendak mendahului janji Tuhanmu?” Musa pun melemparkan lauh-lauh (Taurat) itu dan memegang kepala (menjambak) saudaranya (Harun) sambil menariknya ke arahnya. (Harun) berkata, “Wahai anak ibuku, kaum ini telah menganggapku lemah dan hampir saja mereka membunuhku. Oleh karena itu, janganlah engkau menjadikan musuh-musuh menyorakiku (karena melihat perlakuan kasarmu terhadapku). Janganlah engkau menjadikanku (dalam pandanganmu) bersama kaum yang zalim.”	Musa	http://www.wikidata.org/entity/Q1990155	Messenger
7	150	Ketika Musa kembali kepada kaumnya dalam keadaan marah lagi sedih, dia berkata, “Alangkah buruknya perbuatan yang kamu kerjakan selama kepergianku! Apakah kamu hendak mendahului janji Tuhanmu?” Musa pun melemparkan lauh-lauh (Taurat) itu dan memegang kepala (menjambak) saudaranya (Harun) sambil menariknya ke arahnya. (Harun) berkata, “Wahai anak ibuku, kaum ini telah menganggapku lemah dan hampir saja mereka membunuhku. Oleh karena itu, janganlah engkau menjadikan musuh-musuh menyorakiku (karena melihat perlakuan kasarmu terhadapku). Janganlah engkau menjadikanku (dalam pandanganmu) bersama kaum yang zalim.”	Musa	http://www.wikidata.org/entity/Q1990155	Messenger
7	150	Ketika Musa kembali kepada kaumnya dalam keadaan marah lagi sedih, dia berkata, “Alangkah buruknya perbuatan yang kamu kerjakan selama kepergianku! Apakah kamu hendak mendahului janji Tuhanmu?” Musa pun melemparkan lauh-lauh (Taurat) itu dan memegang kepala (menjambak) saudaranya (Harun) sambil menariknya ke arahnya. (Harun) berkata, “Wahai anak ibuku, kaum ini telah menganggapku lemah dan hampir saja mereka membunuhku. Oleh karena itu, janganlah engkau menjadikan musuh-musuh menyorakiku (karena melihat perlakuan kasarmu terhadapku). Janganlah engkau menjadikanku (dalam pandanganmu) bersama kaum yang zalim.”	Taurat	http://www.wikidata.org/entity/Q2383104	HolyBook
7	150	Ketika Musa kembali kepada kaumnya dalam keadaan marah lagi sedih, dia berkata, “Alangkah buruknya perbuatan yang kamu kerjakan selama kepergianku! Apakah kamu hendak mendahului janji Tuhanmu?” Musa pun melemparkan lauh-lauh (Taurat) itu dan memegang kepala (menjambak) saudaranya (Harun) sambil menariknya ke arahnya. (Harun) berkata, “Wahai anak ibuku, kaum ini telah menganggapku lemah dan hampir saja mereka membunuhku. Oleh karena itu, janganlah engkau menjadikan musuh-musuh menyorakiku (karena melihat perlakuan kasarmu terhadapku). Janganlah engkau menjadikanku (dalam pandanganmu) bersama kaum yang zalim.”	Harun	http://www.wikidata.org/entity/Q380714	Messenger
7	150	Ketika Musa kembali kepada kaumnya dalam keadaan marah lagi sedih, dia berkata, “Alangkah buruknya perbuatan yang kamu kerjakan selama kepergianku! Apakah kamu hendak mendahului janji Tuhanmu?” Musa pun melemparkan lauh-lauh (Taurat) itu dan memegang kepala (menjambak) saudaranya (Harun) sambil menariknya ke arahnya. (Harun) berkata, “Wahai anak ibuku, kaum ini telah menganggapku lemah dan hampir saja mereka membunuhku. Oleh karena itu, janganlah engkau menjadikan musuh-musuh menyorakiku (karena melihat perlakuan kasarmu terhadapku). Janganlah engkau menjadikanku (dalam pandanganmu) bersama kaum yang zalim.”	Harun	http://www.wikidata.org/entity/Q380714	Messenger
7	151	Dia (Musa) berdoa, “Ya Tuhanku, ampunilah aku dan saudaraku serta masukkanlah kami ke dalam rahmat-Mu. Engkaulah Maha Penyayang dari semua yang penyayang.”	Musa	http://www.wikidata.org/entity/Q1990155	Messenger
7	152	Sesungguhnya orang-orang yang menjadikan (patung) anak sapi (sebagai sembahan) kelak akan menerima kemurkaan dan kehinaan dari Tuhan mereka dalam kehidupan di dunia. Demikianlah Kami memberi balasan kepada orang-orang yang mengada-ada.			
7	153	Orang-orang yang mengerjakan keburukan, kemudian setelah itu bertobat dan beriman, sesungguhnya Tuhanmu, setelah (tobat) itu, Maha Pengampun lagi Maha Penyayang.			
7	154	Setelah amarah Musa mereda, dia mengambil (kembali) lauh-lauh (Taurat) itu. Di dalam tulisannya terdapat petunjuk dan rahmat bagi orang-orang yang takut kepada Tuhannya.	Musa	http://www.wikidata.org/entity/Q1990155	Messenger
7	154	Setelah amarah Musa mereda, dia mengambil (kembali) lauh-lauh (Taurat) itu. Di dalam tulisannya terdapat petunjuk dan rahmat bagi orang-orang yang takut kepada Tuhannya.	Taurat	http://www.wikidata.org/entity/Q2383104	HolyBook
7	155	Musa memilih tujuh puluh orang dari kaumnya untuk (memohon tobat kepada Kami) pada waktu yang telah Kami tentukan. Ketika mereka ditimpa gempa bumi, Musa berkata, “Ya Tuhanku, jika Engkau kehendaki, tentulah Engkau membinasakan mereka dan aku sebelum ini. Apakah Engkau akan membinasakan kami karena perbuatan orang-orang yang kurang akal di antara kami? (Penyembahan terhadap patung anak sapi) itu hanyalah cobaan dari-Mu. Engkau menyesatkan siapa yang Engkau kehendaki dengan cobaan itu dan Engkau memberi petunjuk siapa yang Engkau kehendaki. Engkaulah Pelindung kami. Maka, ampunilah kami dan berilah kami rahmat. Engkaulah sebaik-baik pemberi ampun.”	Musa	http://www.wikidata.org/entity/Q1990155	Messenger
7	155	Musa memilih tujuh puluh orang dari kaumnya untuk (memohon tobat kepada Kami) pada waktu yang telah Kami tentukan. Ketika mereka ditimpa gempa bumi, Musa berkata, “Ya Tuhanku, jika Engkau kehendaki, tentulah Engkau membinasakan mereka dan aku sebelum ini. Apakah Engkau akan membinasakan kami karena perbuatan orang-orang yang kurang akal di antara kami? (Penyembahan terhadap patung anak sapi) itu hanyalah cobaan dari-Mu. Engkau menyesatkan siapa yang Engkau kehendaki dengan cobaan itu dan Engkau memberi petunjuk siapa yang Engkau kehendaki. Engkaulah Pelindung kami. Maka, ampunilah kami dan berilah kami rahmat. Engkaulah sebaik-baik pemberi ampun.”	bumi	http://www.wikidata.org/entity/Q2	AstronomicalBody
7	155	Musa memilih tujuh puluh orang dari kaumnya untuk (memohon tobat kepada Kami) pada waktu yang telah Kami tentukan. Ketika mereka ditimpa gempa bumi, Musa berkata, “Ya Tuhanku, jika Engkau kehendaki, tentulah Engkau membinasakan mereka dan aku sebelum ini. Apakah Engkau akan membinasakan kami karena perbuatan orang-orang yang kurang akal di antara kami? (Penyembahan terhadap patung anak sapi) itu hanyalah cobaan dari-Mu. Engkau menyesatkan siapa yang Engkau kehendaki dengan cobaan itu dan Engkau memberi petunjuk siapa yang Engkau kehendaki. Engkaulah Pelindung kami. Maka, ampunilah kami dan berilah kami rahmat. Engkaulah sebaik-baik pemberi ampun.”	Musa	http://www.wikidata.org/entity/Q1990155	Messenger
7	156	Tetapkanlah untuk kami kebaikan di dunia ini dan di akhirat. Sesungguhnya kami kembali (bertobat) kepada Engkau. (Allah) berfirman, “Siksa-Ku akan Aku timpakan kepada siapa yang Aku kehendaki dan rahmat-Ku meliputi segala sesuatu. Akan Aku tetapkan rahmat-Ku bagi orang-orang yang bertakwa dan menunaikan zakat serta bagi orang-orang yang beriman pada ayat-ayat Kami.”	Allah	http://www.wikidata.org/entity/Q2095353	Allah
7	157	(Yaitu,) orang-orang yang mengikuti Rasul (Muhammad), Nabi yang ummi (tidak pandai baca tulis) yang (namanya) mereka temukan tertulis di dalam Taurat dan Injil yang ada pada mereka. Dia menyuruh mereka pada yang makruf, mencegah dari yang mungkar, menghalalkan segala yang baik bagi mereka, mengharamkan segala yang buruk bagi mereka, dan membebaskan beban-beban serta belenggu-belenggu yang ada pada mereka. Adapun orang-orang yang beriman kepadanya, memuliakannya, menolongnya, dan mengikuti cahaya terang yang diturunkan bersamanya (Al-Qur’an), mereka itulah orang-orang beruntung.	Muhammad	http://www.wikidata.org/entity/Q9458	Messenger
7	157	(Yaitu,) orang-orang yang mengikuti Rasul (Muhammad), Nabi yang ummi (tidak pandai baca tulis) yang (namanya) mereka temukan tertulis di dalam Taurat dan Injil yang ada pada mereka. Dia menyuruh mereka pada yang makruf, mencegah dari yang mungkar, menghalalkan segala yang baik bagi mereka, mengharamkan segala yang buruk bagi mereka, dan membebaskan beban-beban serta belenggu-belenggu yang ada pada mereka. Adapun orang-orang yang beriman kepadanya, memuliakannya, menolongnya, dan mengikuti cahaya terang yang diturunkan bersamanya (Al-Qur’an), mereka itulah orang-orang beruntung.	Taurat	http://www.wikidata.org/entity/Q2383104	HolyBook
7	157	(Yaitu,) orang-orang yang mengikuti Rasul (Muhammad), Nabi yang ummi (tidak pandai baca tulis) yang (namanya) mereka temukan tertulis di dalam Taurat dan Injil yang ada pada mereka. Dia menyuruh mereka pada yang makruf, mencegah dari yang mungkar, menghalalkan segala yang baik bagi mereka, mengharamkan segala yang buruk bagi mereka, dan membebaskan beban-beban serta belenggu-belenggu yang ada pada mereka. Adapun orang-orang yang beriman kepadanya, memuliakannya, menolongnya, dan mengikuti cahaya terang yang diturunkan bersamanya (Al-Qur’an), mereka itulah orang-orang beruntung.	Injil	http://www.wikidata.org/entity/Q1762323	HolyBook
7	157	(Yaitu,) orang-orang yang mengikuti Rasul (Muhammad), Nabi yang ummi (tidak pandai baca tulis) yang (namanya) mereka temukan tertulis di dalam Taurat dan Injil yang ada pada mereka. Dia menyuruh mereka pada yang makruf, mencegah dari yang mungkar, menghalalkan segala yang baik bagi mereka, mengharamkan segala yang buruk bagi mereka, dan membebaskan beban-beban serta belenggu-belenggu yang ada pada mereka. Adapun orang-orang yang beriman kepadanya, memuliakannya, menolongnya, dan mengikuti cahaya terang yang diturunkan bersamanya (Al-Qur’an), mereka itulah orang-orang beruntung.	Al-Qur’an	http://www.wikidata.org/entity/Q428	HolyBook
7	160	Kami membagi mereka (Bani Israil) menjadi dua belas suku yang tiap-tiap mereka berjumlah besar. Kami wahyukan kepada Musa ketika kaumnya meminta air kepadanya, “Pukullah batu itu dengan tongkatmu!” Maka, memancarlah dari (batu) itu dua belas mata air. Sungguh, setiap suku telah mengetahui tempat minumnya masing-masing. Kami naungi mereka dengan awan dan Kami turunkan kepada mereka manna dan salwa. (Kami berfirman), “Makanlah yang baik-baik dari rezeki yang telah Kami anugerahkan kepadamu.” Mereka tidak menzalimi Kami, tetapi merekalah yang selalu menzalimi dirinya sendiri.	Bani Israil	http://www.wikidata.org/entity/Q2605404	Person
7	160	Kami membagi mereka (Bani Israil) menjadi dua belas suku yang tiap-tiap mereka berjumlah besar. Kami wahyukan kepada Musa ketika kaumnya meminta air kepadanya, “Pukullah batu itu dengan tongkatmu!” Maka, memancarlah dari (batu) itu dua belas mata air. Sungguh, setiap suku telah mengetahui tempat minumnya masing-masing. Kami naungi mereka dengan awan dan Kami turunkan kepada mereka manna dan salwa. (Kami berfirman), “Makanlah yang baik-baik dari rezeki yang telah Kami anugerahkan kepadamu.” Mereka tidak menzalimi Kami, tetapi merekalah yang selalu menzalimi dirinya sendiri.	Musa	http://www.wikidata.org/entity/Q1990155	Messenger
7	161	(Ingatlah) ketika dikatakan kepada mereka (Bani Israil), “Tinggallah di negeri ini (Baitulmaqdis) dan makanlah dari (hasil bumi)-nya di mana saja kamu kehendaki, serta katakanlah, ‘Bebaskanlah kami dari dosa,’ lalu masukilah pintu gerbangnya sambil membungkuk! (Jika kamu melakukan itu semua,) niscaya Kami mengampuni kesalahan-kesalahanmu.” Kami akan menambah (karunia) kepada orang-orang yang berbuat kebaikan.	Bani Israil	http://www.wikidata.org/entity/Q2605404	Person
7	161	(Ingatlah) ketika dikatakan kepada mereka (Bani Israil), “Tinggallah di negeri ini (Baitulmaqdis) dan makanlah dari (hasil bumi)-nya di mana saja kamu kehendaki, serta katakanlah, ‘Bebaskanlah kami dari dosa,’ lalu masukilah pintu gerbangnya sambil membungkuk! (Jika kamu melakukan itu semua,) niscaya Kami mengampuni kesalahan-kesalahanmu.” Kami akan menambah (karunia) kepada orang-orang yang berbuat kebaikan.	Baitulmaqdis	http://www.wikidata.org/entity/Q1218	GeographicalLocation
7	161	(Ingatlah) ketika dikatakan kepada mereka (Bani Israil), “Tinggallah di negeri ini (Baitulmaqdis) dan makanlah dari (hasil bumi)-nya di mana saja kamu kehendaki, serta katakanlah, ‘Bebaskanlah kami dari dosa,’ lalu masukilah pintu gerbangnya sambil membungkuk! (Jika kamu melakukan itu semua,) niscaya Kami mengampuni kesalahan-kesalahanmu.” Kami akan menambah (karunia) kepada orang-orang yang berbuat kebaikan.	bumi	http://www.wikidata.org/entity/Q2	AstronomicalBody
7	162	Maka, orang-orang yang zalim di antara mereka mengganti (perkataan itu) dengan perkataan yang tidak diperintahkan kepada mereka. Lalu, Kami timpakan kepada mereka azab dari langit karena mereka selalu berbuat zalim.	langit	http://www.wikidata.org/entity/Q527	AstronomicalBody
7	163	Tanyakanlah kepada mereka tentang negeri yang terletak di dekat laut ketika mereka melanggar aturan pada hari Sabat, (yaitu) ketika datang kepada mereka ikan-ikan (yang berada di sekitar) mereka bermunculan di permukaan air. Padahal, pada hari-hari yang bukan Sabat ikan-ikan itu tidak datang kepada mereka. Demikianlah Kami menguji mereka karena mereka selalu berlaku fasik.	hari Sabat	http://www.wikidata.org/entity/Q102477	Event
7	163	Tanyakanlah kepada mereka tentang negeri yang terletak di dekat laut ketika mereka melanggar aturan pada hari Sabat, (yaitu) ketika datang kepada mereka ikan-ikan (yang berada di sekitar) mereka bermunculan di permukaan air. Padahal, pada hari-hari yang bukan Sabat ikan-ikan itu tidak datang kepada mereka. Demikianlah Kami menguji mereka karena mereka selalu berlaku fasik.	Sabat	http://www.wikidata.org/entity/Q102477	Event
7	164	(Ingatlah) ketika salah satu golongan di antara mereka berkata, “Mengapa kamu menasihati kaum yang akan dibinasakan atau diazab Allah dengan azab yang sangat keras?” Mereka menjawab, “Agar kami mempunyai alasan (lepas tanggung jawab) kepada Tuhanmu dan agar mereka bertakwa.”	Allah	http://www.wikidata.org/entity/Q2095353	Allah
7	165	Maka, setelah mereka melupakan apa yang diperingatkan kepada mereka, Kami selamatkan orang-orang yang mencegah (orang berbuat) keburukan dan Kami timpakan kepada orang-orang yang zalim azab yang keras karena mereka selalu berbuat fasik.			
7	166	Kemudian, ketika mereka bersikeras (melampaui batas) terhadap segala yang dilarang, Kami katakan kepada mereka, “Jadilah kamu kera yang hina!”			
7	167	(Ingatlah) ketika Tuhanmu memberitahukan bahwa sungguh Dia akan mengirimkan kepada mereka (Bani Israil) orang-orang yang akan menimpakan seburuk-buruk azab kepada mereka sampai hari Kiamat. Sesungguhnya Tuhanmu sangat cepat hukuman-Nya dan sesungguhnya Dia Maha Pengampun lagi Maha Penyayang.	Bani Israil	http://www.wikidata.org/entity/Q2605404	Person
7	167	(Ingatlah) ketika Tuhanmu memberitahukan bahwa sungguh Dia akan mengirimkan kepada mereka (Bani Israil) orang-orang yang akan menimpakan seburuk-buruk azab kepada mereka sampai hari Kiamat. Sesungguhnya Tuhanmu sangat cepat hukuman-Nya dan sesungguhnya Dia Maha Pengampun lagi Maha Penyayang.	hari Kiamat	http://www.wikidata.org/entity/Q12200906	Event
7	168	Kami membagi mereka di bumi ini menjadi beberapa golongan. Di antaranya ada orang-orang yang saleh dan ada (pula) yang tidak. Kami menguji mereka dengan berbagai kebaikan dan keburukan agar mereka kembali (pada kebenaran).	bumi	http://www.wikidata.org/entity/Q2	AstronomicalBody
7	169	Kemudian, setelah mereka, datanglah generasi (yang lebih buruk) yang mewarisi kitab suci (Taurat). Mereka mengambil harta benda (duniawi) yang rendah ini (sebagai ganti dari kebenaran). Lalu, mereka berkata, “Kami akan diampuni.” Jika nanti harta benda (duniawi) datang kepada mereka sebanyak itu, niscaya mereka akan mengambilnya (juga). Bukankah mereka sudah terikat perjanjian dalam kitab suci (Taurat) bahwa mereka tidak akan mengatakan kepada Allah, kecuali yang benar, dan mereka pun telah mempelajari apa yang tersebut di dalamnya? Negeri akhirat itu lebih baik bagi mereka yang bertakwa. Maka, tidakkah kamu mengerti?	Taurat	http://www.wikidata.org/entity/Q2383104	HolyBook
7	169	Kemudian, setelah mereka, datanglah generasi (yang lebih buruk) yang mewarisi kitab suci (Taurat). Mereka mengambil harta benda (duniawi) yang rendah ini (sebagai ganti dari kebenaran). Lalu, mereka berkata, “Kami akan diampuni.” Jika nanti harta benda (duniawi) datang kepada mereka sebanyak itu, niscaya mereka akan mengambilnya (juga). Bukankah mereka sudah terikat perjanjian dalam kitab suci (Taurat) bahwa mereka tidak akan mengatakan kepada Allah, kecuali yang benar, dan mereka pun telah mempelajari apa yang tersebut di dalamnya? Negeri akhirat itu lebih baik bagi mereka yang bertakwa. Maka, tidakkah kamu mengerti?	Taurat	http://www.wikidata.org/entity/Q2383104	HolyBook
7	169	Kemudian, setelah mereka, datanglah generasi (yang lebih buruk) yang mewarisi kitab suci (Taurat). Mereka mengambil harta benda (duniawi) yang rendah ini (sebagai ganti dari kebenaran). Lalu, mereka berkata, “Kami akan diampuni.” Jika nanti harta benda (duniawi) datang kepada mereka sebanyak itu, niscaya mereka akan mengambilnya (juga). Bukankah mereka sudah terikat perjanjian dalam kitab suci (Taurat) bahwa mereka tidak akan mengatakan kepada Allah, kecuali yang benar, dan mereka pun telah mempelajari apa yang tersebut di dalamnya? Negeri akhirat itu lebih baik bagi mereka yang bertakwa. Maka, tidakkah kamu mengerti?	Allah	http://www.wikidata.org/entity/Q2095353	Allah
7	170	Orang-orang yang berpegang teguh pada kitab suci (Taurat) dan melaksanakan salat, sesungguhnya Kami tidak akan menyia-nyiakan pahala orang-orang saleh.	Taurat	http://www.wikidata.org/entity/Q2383104	HolyBook
7	171	(Ingatlah) ketika Kami mengangkat gunung (dari akarnya) ke atas mereka, seakan-akan (gunung) itu awan dan mereka yakin bahwa (gunung) itu akan jatuh menimpa mereka. (Kami berfirman kepada mereka,) “Peganglah dengan teguh apa yang telah Kami anugerahkan kepadamu serta ingatlah selalu (amalkanlah) apa yang tersebut di dalamnya agar kamu bertakwa.”			
7	172	(Ingatlah) ketika Tuhanmu mengeluarkan dari tulang punggung anak cucu Adam, keturunan mereka dan Allah mengambil kesaksiannya terhadap diri mereka sendiri (seraya berfirman), “Bukankah Aku ini Tuhanmu?” Mereka menjawab, “Betul (Engkau Tuhan kami), kami bersaksi.” (Kami melakukannya) agar pada hari Kiamat kamu (tidak) mengatakan, “Sesungguhnya kami lengah terhadap hal ini,”	anak cucu Adam	http://www.wikidata.org/entity/Q5	Person
7	172	(Ingatlah) ketika Tuhanmu mengeluarkan dari tulang punggung anak cucu Adam, keturunan mereka dan Allah mengambil kesaksiannya terhadap diri mereka sendiri (seraya berfirman), “Bukankah Aku ini Tuhanmu?” Mereka menjawab, “Betul (Engkau Tuhan kami), kami bersaksi.” (Kami melakukannya) agar pada hari Kiamat kamu (tidak) mengatakan, “Sesungguhnya kami lengah terhadap hal ini,”	Allah	http://www.wikidata.org/entity/Q2095353	Allah
7	172	(Ingatlah) ketika Tuhanmu mengeluarkan dari tulang punggung anak cucu Adam, keturunan mereka dan Allah mengambil kesaksiannya terhadap diri mereka sendiri (seraya berfirman), “Bukankah Aku ini Tuhanmu?” Mereka menjawab, “Betul (Engkau Tuhan kami), kami bersaksi.” (Kami melakukannya) agar pada hari Kiamat kamu (tidak) mengatakan, “Sesungguhnya kami lengah terhadap hal ini,”	hari Kiamat	http://www.wikidata.org/entity/Q12200906	Event
7	173	atau agar kamu (tidak) mengatakan, “Sesungguhnya nenek moyang kami telah mempersekutukan (Tuhan) sejak dahulu, sedangkan kami adalah keturunan yang (datang) setelah mereka. Maka, apakah Engkau akan menyiksa kami karena perbuatan para pelaku kebatilan?”			
7	174	Demikianlah Kami menjelaskan secara terperinci ayat-ayat itu dan agar mereka kembali (kepada kebenaran).			
7	177	Sangat buruk perumpamaan kaum yang mendustakan ayat-ayat Kami. Mereka hanya menzalimi diri mereka sendiri.			
7	178	Siapa saja yang Allah beri petunjuk, dialah yang mendapat petunjuk dan siapa saja yang Allah sesatkan, merekalah orang-orang yang merugi.	Allah	http://www.wikidata.org/entity/Q2095353	Allah
7	178	Siapa saja yang Allah beri petunjuk, dialah yang mendapat petunjuk dan siapa saja yang Allah sesatkan, merekalah orang-orang yang merugi.	Allah	http://www.wikidata.org/entity/Q2095353	Allah
7	180	Allah memiliki Asmaulhusna (nama-nama yang terbaik). Maka, bermohonlah kepada-Nya dengan menyebut  (Asmaulhusna) itu dan tinggalkanlah orang-orang yang menyalahartikan nama-nama-Nya. Mereka kelak akan mendapat balasan atas apa yang telah mereka kerjakan.	Allah	http://www.wikidata.org/entity/Q2095353	Allah
7	181	Di antara orang-orang yang telah Kami ciptakan ada umat yang memberi petunjuk dengan (dasar) kebenaran dan dengan itu (pula) mereka berlaku adil.			
7	182	Orang-orang yang mendustakan ayat-ayat Kami akan Kami biarkan mereka berangsur-angsur (menuju kebinasaan) dari arah yang tidak mereka ketahui.			
7	183	Aku memberi tenggang waktu kepada mereka. Sesungguhnya rencana-Ku sangat teguh.			
7	184	Apakah mereka tidak merenungkan bahwa teman mereka (Nabi Muhammad) tidak gila sedikit pun? Dia hanyalah seorang pemberi peringatan yang jelas.	Muhammad	http://www.wikidata.org/entity/Q9458	Messenger
7	185	Apakah mereka tidak memperhatikan kerajaan langit dan bumi dan segala apa yang Allah ciptakan dan kemungkinan telah makin dekatnya waktu (kebinasaan) mereka? Lalu, berita mana lagi setelah ini yang akan mereka percayai?	langit	http://www.wikidata.org/entity/Q527	AstronomicalBody
7	185	Apakah mereka tidak memperhatikan kerajaan langit dan bumi dan segala apa yang Allah ciptakan dan kemungkinan telah makin dekatnya waktu (kebinasaan) mereka? Lalu, berita mana lagi setelah ini yang akan mereka percayai?	bumi	http://www.wikidata.org/entity/Q2	AstronomicalBody
7	185	Apakah mereka tidak memperhatikan kerajaan langit dan bumi dan segala apa yang Allah ciptakan dan kemungkinan telah makin dekatnya waktu (kebinasaan) mereka? Lalu, berita mana lagi setelah ini yang akan mereka percayai?	Allah	http://www.wikidata.org/entity/Q2095353	Allah
7	187	Mereka menanyakan kepadamu (Nabi Muhammad) tentang kiamat, “Kapan terjadi?” Katakanlah, “Sesungguhnya pengetahuan tentangnya hanya ada pada Tuhanku. Tidak ada (seorang pun) yang dapat menjelaskan waktu terjadinya selain Dia. (Kiamat) itu sangat berat (huru-haranya bagi makhluk yang) di langit dan di bumi. Ia tidak akan datang kepadamu kecuali secara tiba-tiba.” Mereka bertanya kepadamu seakan-akan engkau mengetahuinya. Katakanlah (Nabi Muhammad), “Sesungguhnya pengetahuan tentangnya hanya ada pada Allah, tetapi kebanyakan manusia tidak mengetahui.”	Muhammad	http://www.wikidata.org/entity/Q9458	Messenger
7	187	Mereka menanyakan kepadamu (Nabi Muhammad) tentang kiamat, “Kapan terjadi?” Katakanlah, “Sesungguhnya pengetahuan tentangnya hanya ada pada Tuhanku. Tidak ada (seorang pun) yang dapat menjelaskan waktu terjadinya selain Dia. (Kiamat) itu sangat berat (huru-haranya bagi makhluk yang) di langit dan di bumi. Ia tidak akan datang kepadamu kecuali secara tiba-tiba.” Mereka bertanya kepadamu seakan-akan engkau mengetahuinya. Katakanlah (Nabi Muhammad), “Sesungguhnya pengetahuan tentangnya hanya ada pada Allah, tetapi kebanyakan manusia tidak mengetahui.”	kiamat	http://www.wikidata.org/entity/Q12200906	Event
7	187	Mereka menanyakan kepadamu (Nabi Muhammad) tentang kiamat, “Kapan terjadi?” Katakanlah, “Sesungguhnya pengetahuan tentangnya hanya ada pada Tuhanku. Tidak ada (seorang pun) yang dapat menjelaskan waktu terjadinya selain Dia. (Kiamat) itu sangat berat (huru-haranya bagi makhluk yang) di langit dan di bumi. Ia tidak akan datang kepadamu kecuali secara tiba-tiba.” Mereka bertanya kepadamu seakan-akan engkau mengetahuinya. Katakanlah (Nabi Muhammad), “Sesungguhnya pengetahuan tentangnya hanya ada pada Allah, tetapi kebanyakan manusia tidak mengetahui.”	Kiamat	http://www.wikidata.org/entity/Q12200906	Event
7	187	Mereka menanyakan kepadamu (Nabi Muhammad) tentang kiamat, “Kapan terjadi?” Katakanlah, “Sesungguhnya pengetahuan tentangnya hanya ada pada Tuhanku. Tidak ada (seorang pun) yang dapat menjelaskan waktu terjadinya selain Dia. (Kiamat) itu sangat berat (huru-haranya bagi makhluk yang) di langit dan di bumi. Ia tidak akan datang kepadamu kecuali secara tiba-tiba.” Mereka bertanya kepadamu seakan-akan engkau mengetahuinya. Katakanlah (Nabi Muhammad), “Sesungguhnya pengetahuan tentangnya hanya ada pada Allah, tetapi kebanyakan manusia tidak mengetahui.”	langit	http://www.wikidata.org/entity/Q527	AstronomicalBody
7	187	Mereka menanyakan kepadamu (Nabi Muhammad) tentang kiamat, “Kapan terjadi?” Katakanlah, “Sesungguhnya pengetahuan tentangnya hanya ada pada Tuhanku. Tidak ada (seorang pun) yang dapat menjelaskan waktu terjadinya selain Dia. (Kiamat) itu sangat berat (huru-haranya bagi makhluk yang) di langit dan di bumi. Ia tidak akan datang kepadamu kecuali secara tiba-tiba.” Mereka bertanya kepadamu seakan-akan engkau mengetahuinya. Katakanlah (Nabi Muhammad), “Sesungguhnya pengetahuan tentangnya hanya ada pada Allah, tetapi kebanyakan manusia tidak mengetahui.”	bumi	http://www.wikidata.org/entity/Q2	AstronomicalBody
7	187	Mereka menanyakan kepadamu (Nabi Muhammad) tentang kiamat, “Kapan terjadi?” Katakanlah, “Sesungguhnya pengetahuan tentangnya hanya ada pada Tuhanku. Tidak ada (seorang pun) yang dapat menjelaskan waktu terjadinya selain Dia. (Kiamat) itu sangat berat (huru-haranya bagi makhluk yang) di langit dan di bumi. Ia tidak akan datang kepadamu kecuali secara tiba-tiba.” Mereka bertanya kepadamu seakan-akan engkau mengetahuinya. Katakanlah (Nabi Muhammad), “Sesungguhnya pengetahuan tentangnya hanya ada pada Allah, tetapi kebanyakan manusia tidak mengetahui.”	Muhammad	http://www.wikidata.org/entity/Q9458	Messenger
7	187	Mereka menanyakan kepadamu (Nabi Muhammad) tentang kiamat, “Kapan terjadi?” Katakanlah, “Sesungguhnya pengetahuan tentangnya hanya ada pada Tuhanku. Tidak ada (seorang pun) yang dapat menjelaskan waktu terjadinya selain Dia. (Kiamat) itu sangat berat (huru-haranya bagi makhluk yang) di langit dan di bumi. Ia tidak akan datang kepadamu kecuali secara tiba-tiba.” Mereka bertanya kepadamu seakan-akan engkau mengetahuinya. Katakanlah (Nabi Muhammad), “Sesungguhnya pengetahuan tentangnya hanya ada pada Allah, tetapi kebanyakan manusia tidak mengetahui.”	Allah	http://www.wikidata.org/entity/Q2095353	Allah
7	188	Katakanlah (Nabi Muhammad), “Aku tidak kuasa mendatangkan manfaat maupun menolak mudarat bagi diriku, kecuali apa yang Allah kehendaki. Seandainya aku mengetahui yang gaib, niscaya aku akan berbuat kebajikan sebanyak-banyaknya dan bahaya tidak akan menimpaku. Aku hanyalah pemberi peringatan dan pembawa berita gembira bagi kaum yang beriman.”	Muhammad	http://www.wikidata.org/entity/Q9458	Messenger
7	188	Katakanlah (Nabi Muhammad), “Aku tidak kuasa mendatangkan manfaat maupun menolak mudarat bagi diriku, kecuali apa yang Allah kehendaki. Seandainya aku mengetahui yang gaib, niscaya aku akan berbuat kebajikan sebanyak-banyaknya dan bahaya tidak akan menimpaku. Aku hanyalah pemberi peringatan dan pembawa berita gembira bagi kaum yang beriman.”	Allah	http://www.wikidata.org/entity/Q2095353	Allah
7	189	Dialah yang menciptakan kamu dari jiwa yang satu (Adam) dan darinya Dia menjadikan pasangannya agar dia cenderung dan merasa tenteram kepadanya. Kemudian, setelah ia mencampurinya, dia (istrinya) mengandung dengan ringan. Maka, ia pun melewatinya dengan mudah. Kemudian, ketika dia merasa berat, keduanya (suami istri) memohon kepada Allah, Tuhan mereka, “Sungguh, jika Engkau memberi kami anak yang saleh, pasti kami termasuk orang-orang yang bersyukur.”	Adam	http://www.wikidata.org/entity/Q2001710	Prophet
7	189	Dialah yang menciptakan kamu dari jiwa yang satu (Adam) dan darinya Dia menjadikan pasangannya agar dia cenderung dan merasa tenteram kepadanya. Kemudian, setelah ia mencampurinya, dia (istrinya) mengandung dengan ringan. Maka, ia pun melewatinya dengan mudah. Kemudian, ketika dia merasa berat, keduanya (suami istri) memohon kepada Allah, Tuhan mereka, “Sungguh, jika Engkau memberi kami anak yang saleh, pasti kami termasuk orang-orang yang bersyukur.”	Allah	http://www.wikidata.org/entity/Q2095353	Allah
7	190	Kemudian, setelah Dia memberi keduanya seorang anak yang saleh, mereka menjadikan sekutu bagi Allah dalam (penciptaan) anak yang telah Dia anugerahkan kepada mereka. Maka, Maha Tinggi Allah dari apa yang mereka persekutukan.	Allah	http://www.wikidata.org/entity/Q2095353	Allah
7	190	Kemudian, setelah Dia memberi keduanya seorang anak yang saleh, mereka menjadikan sekutu bagi Allah dalam (penciptaan) anak yang telah Dia anugerahkan kepada mereka. Maka, Maha Tinggi Allah dari apa yang mereka persekutukan.	Allah	http://www.wikidata.org/entity/Q2095353	Allah
7	191	Apakah mereka mempersekutukan (Allah dengan) sesuatu (berhala) yang tidak dapat menciptakan sesuatu apa pun, padahal ia (berhala) sendiri diciptakan?	Allah	http://www.wikidata.org/entity/Q2095353	Allah
7	192	(Berhala) itu tidak dapat memberikan pertolongan kepada mereka (para penyembahnya) dan (bahkan) kepada dirinya sendiri pun ia tidak dapat memberi pertolongan.			
7	193	Jika kamu (orang-orang musyrik) menyeru mereka (berhala-berhala itu) untuk memberi petunjuk kepadamu, mereka tidak akan memenuhi seruanmu. Sama saja (hasilnya) buatmu, apakah kamu menyeru mereka atau berdiam diri.			
7	195	Apakah mereka (berhala) mempunyai kaki untuk berjalan, mempunyai tangan untuk memegang dengan keras, mempunyai mata untuk melihat, atau mempunyai telinga untuk mendengar? Katakanlah (Nabi Muhammad), “Panggillah (berhala-berhalamu) yang kamu anggap sekutu Allah, kemudian lakukanlah tipu daya (untuk mencelakakan)-ku dan jangan kamu tunda lagi.	Muhammad	http://www.wikidata.org/entity/Q9458	Messenger
7	195	Apakah mereka (berhala) mempunyai kaki untuk berjalan, mempunyai tangan untuk memegang dengan keras, mempunyai mata untuk melihat, atau mempunyai telinga untuk mendengar? Katakanlah (Nabi Muhammad), “Panggillah (berhala-berhalamu) yang kamu anggap sekutu Allah, kemudian lakukanlah tipu daya (untuk mencelakakan)-ku dan jangan kamu tunda lagi.	Allah	http://www.wikidata.org/entity/Q2095353	Allah
7	196	Sesungguhnya pelindungku adalah Allah yang telah menurunkan kitab suci (Al-Qur’an). Dia melindungi orang-orang saleh.	Allah	http://www.wikidata.org/entity/Q2095353	Allah
7	196	Sesungguhnya pelindungku adalah Allah yang telah menurunkan kitab suci (Al-Qur’an). Dia melindungi orang-orang saleh.	Al-Qur’an	http://www.wikidata.org/entity/Q428	HolyBook
7	197	Berhala-berhala yang kamu seru selain Allah tidaklah sanggup menolongmu, bahkan tidak dapat menolong dirinya sendiri.	Allah	http://www.wikidata.org/entity/Q2095353	Allah
7	198	Jika kamu menyeru mereka (berhala-berhala) untuk memberi petunjuk, mereka tidak dapat mendengarnya. Kamu mengira mereka memperhatikanmu, padahal mereka tidak melihat.”			
7	200	Jika setan benar-benar menggodamu dengan halus, berlindunglah kepada Allah. Sesungguhnya Dia Maha Mendengar lagi Maha Mengetahui.	Allah	http://www.wikidata.org/entity/Q2095353	Allah
7	201	Sesungguhnya orang-orang yang bertakwa, jika mereka dibayang-bayangi pikiran jahat (berbuat dosa) dari setan, mereka pun segera ingat (kepada Allah). Maka, seketika itu juga mereka melihat (kesalahan-kesalahannya).	Allah	http://www.wikidata.org/entity/Q2095353	Allah
7	202	Teman-teman mereka (orang kafir dan fasik) membantu setan-setan dalam kesesatan, kemudian mereka tidak henti-hentinya (menyesatkan).			
7	204	Jika dibacakan Al-Qur’an, dengarkanlah (dengan saksama) dan diamlah agar kamu dirahmati.	Al-Qur’an	http://www.wikidata.org/entity/Q428	HolyBook
7	205	Ingatlah Tuhanmu dalam hatimu dengan rendah hati dan rasa takut pada waktu pagi dan petang, dengan tidak mengeraskan suara, dan janganlah kamu termasuk orang-orang yang lengah.			
7	206	Sesungguhnya (malaikat) yang ada di sisi Tuhanmu tidak menyombongkan diri dari ibadah kepada-Nya dan mereka menyucikan-Nya. Hanya kepada-Nya mereka bersujud.			
10	1	Alif Lām Rā. Itulah ayat-ayat Kitab (Al-Qur’an) yang penuh hikmah	Al-Qur’an	http://www.wikidata.org/entity/Q428	HolyBook
10	2	Pantaskah menjadi suatu keheranan bagi manusia bahwa Kami mewahyukan kepada seorang laki-laki di antara mereka (yaitu), “Berilah peringatan kepada manusia dan berilah kabar gembira kepada orang-orang yang beriman bahwa mereka mempunyai kedudukan yang tinggi di sisi Tuhan mereka.” Orang-orang kafir berkata, “Sesungguhnya dia (Nabi Muhammad) ini benar-benar seorang penyihir yang nyata.”	Muhammad	http://www.wikidata.org/entity/Q9458	Messenger
10	3	Sesungguhnya Tuhanmu adalah Allah yang menciptakan langit dan bumi dalam enam masa, kemudian Dia bersemayam di atas ʻArasy (seraya) mengatur segala urusan. Tidak ada seorang pun pemberi syafaat, kecuali setelah (mendapat) izin-Nya. Itulah Allah, Tuhanmu. Maka, sembahlah Dia! Apakah kamu tidak mengambil pelajaran?	Allah	http://www.wikidata.org/entity/Q2095353	Allah
10	3	Sesungguhnya Tuhanmu adalah Allah yang menciptakan langit dan bumi dalam enam masa, kemudian Dia bersemayam di atas ʻArasy (seraya) mengatur segala urusan. Tidak ada seorang pun pemberi syafaat, kecuali setelah (mendapat) izin-Nya. Itulah Allah, Tuhanmu. Maka, sembahlah Dia! Apakah kamu tidak mengambil pelajaran?	langit	http://www.wikidata.org/entity/Q527	AstronomicalBody
10	3	Sesungguhnya Tuhanmu adalah Allah yang menciptakan langit dan bumi dalam enam masa, kemudian Dia bersemayam di atas ʻArasy (seraya) mengatur segala urusan. Tidak ada seorang pun pemberi syafaat, kecuali setelah (mendapat) izin-Nya. Itulah Allah, Tuhanmu. Maka, sembahlah Dia! Apakah kamu tidak mengambil pelajaran?	bumi	http://www.wikidata.org/entity/Q2	AstronomicalBody
10	3	Sesungguhnya Tuhanmu adalah Allah yang menciptakan langit dan bumi dalam enam masa, kemudian Dia bersemayam di atas ʻArasy (seraya) mengatur segala urusan. Tidak ada seorang pun pemberi syafaat, kecuali setelah (mendapat) izin-Nya. Itulah Allah, Tuhanmu. Maka, sembahlah Dia! Apakah kamu tidak mengambil pelajaran?	ʻArasy	http://www.wikidata.org/entity/Q25462647	Throne
10	3	Sesungguhnya Tuhanmu adalah Allah yang menciptakan langit dan bumi dalam enam masa, kemudian Dia bersemayam di atas ʻArasy (seraya) mengatur segala urusan. Tidak ada seorang pun pemberi syafaat, kecuali setelah (mendapat) izin-Nya. Itulah Allah, Tuhanmu. Maka, sembahlah Dia! Apakah kamu tidak mengambil pelajaran?	Allah	http://www.wikidata.org/entity/Q2095353	Allah
10	4	Hanya kepada-Nya kamu semua akan kembali. Itu merupakan janji Allah yang benar dan pasti. Sesungguhnya Dialah yang memulai penciptaan (makhluk), kemudian mengembalikannya (menghidupkannya lagi) agar Dia memberi balasan dengan adil kepada orang-orang yang beriman dan beramal saleh. Adapun untuk orang-orang yang kufur, untuk mereka (disediakan) minuman dari air yang mendidih dan azab yang sangat pedih karena mereka selalu kufur.	Allah	http://www.wikidata.org/entity/Q2095353	Allah
10	5	Dialah yang menjadikan matahari bersinar dan bulan bercahaya. Dialah pula yang menetapkan tempat-tempat orbitnya agar kamu mengetahui bilangan tahun dan perhitungan (waktu). Allah tidak menciptakan demikian itu, kecuali dengan benar. Dia menjelaskan tanda-tanda (kebesaran-Nya) kepada kaum yang mengetahui.	matahari	http://www.wikidata.org/entity/Q525	AstronomicalBody
10	5	Dialah yang menjadikan matahari bersinar dan bulan bercahaya. Dialah pula yang menetapkan tempat-tempat orbitnya agar kamu mengetahui bilangan tahun dan perhitungan (waktu). Allah tidak menciptakan demikian itu, kecuali dengan benar. Dia menjelaskan tanda-tanda (kebesaran-Nya) kepada kaum yang mengetahui.	bulan	http://www.wikidata.org/entity/Q405	AstronomicalBody
10	5	Dialah yang menjadikan matahari bersinar dan bulan bercahaya. Dialah pula yang menetapkan tempat-tempat orbitnya agar kamu mengetahui bilangan tahun dan perhitungan (waktu). Allah tidak menciptakan demikian itu, kecuali dengan benar. Dia menjelaskan tanda-tanda (kebesaran-Nya) kepada kaum yang mengetahui.	Allah	http://www.wikidata.org/entity/Q2095353	Allah
10	7	Sesungguhnya orang-orang yang tidak mengharapkan pertemuan dengan Kami (di akhirat), merasa puas dengan kehidupan dunia, dan merasa tenteram dengannya, serta orang-orang yang lalai terhadap ayat-ayat Kami,			
10	8	mereka itu tempatnya adalah neraka karena apa yang selalu mereka kerjakan.			
10	9	Sesungguhnya orang-orang yang beriman dan beramal saleh, niscaya mereka diberi petunjuk oleh Tuhan karena keimanannya. (Mereka berada) di dalam surga yang penuh kenikmatan yang mengalir di bawahnya sungai-sungai.			
10	10	Doa mereka di dalamnya adalah “Subhānakallāhumma” (‘Maha Suci Engkau, ya Tuhan kami’) penghormatan mereka di dalamnya adalah (ucapan) salam, dan doa penutup mereka adalah “Alḥamdu lillāhi rabbil ‘ālamīn” (‘segala puji bagi Allah, Tuhan semesta alam’).	Allah	http://www.wikidata.org/entity/Q2095353	Allah
10	10	Doa mereka di dalamnya adalah “Subhānakallāhumma” (‘Maha Suci Engkau, ya Tuhan kami’) penghormatan mereka di dalamnya adalah (ucapan) salam, dan doa penutup mereka adalah “Alḥamdu lillāhi rabbil ‘ālamīn” (‘segala puji bagi Allah, Tuhan semesta alam’).	Tuhan semesta alam	http://www.wikidata.org/entity/Q2095353	Allah
10	11	Jikalau Allah menyegerakan keburukan bagi manusia sebagaimana permintaan mereka untuk menyegerakan kebaikan, pasti ajal mereka diakhiri. Akan tetapi, Kami biarkan orang-orang yang tidak mengharapkan pertemuan dengan Kami (di akhirat) terombang-ambing dalam kesesatan mereka.	Allah	http://www.wikidata.org/entity/Q2095353	Allah
10	12	Apabila manusia ditimpa kesusahan, dia berdoa kepada Kami dalam keadaan berbaring, duduk, atau berdiri. Namun, setelah Kami hilangkan kesusahan itu darinya, dia kembali (ke jalan yang sesat) seolah-olah dia tidak pernah berdoa kepada Kami untuk (menghilangkan) kesusahan yang telah menimpanya. Demikianlah, dijadikan terasa indah bagi orang-orang yang melampaui batas itu apa yang selalu mereka kerjakan.			
10	13	Sungguh, Kami benar-benar telah membinasakan beberapa generasi sebelum kamu ketika mereka berbuat zalim, padahal para rasul mereka telah datang membawa bukti-bukti yang nyata. Namun, mereka sama sekali tidak mau beriman. Demikianlah, Kami memberi balasan kepada kaum yang berbuat dosa.			
10	14	Kemudian, Kami jadikan kamu sebagai pengganti-pengganti di bumi setelah mereka untuk Kami lihat bagaimana kamu berbuat.	bumi	http://www.wikidata.org/entity/Q2	AstronomicalBody
10	15	Apabila dibacakan kepada mereka ayat-ayat Kami secara jelas, orang-orang yang tidak mengharapkan pertemuan dengan Kami (di akhirat) berkata, “Datangkanlah kitab selain Al-Qur’an ini atau gantilah!” Katakanlah (Nabi Muhammad), “Tidaklah pantas bagiku menggantinya atas kemauanku sendiri. Aku tidak mengikuti, kecuali apa yang diwahyukan kepadaku. Sesungguhnya aku takut akan azab hari yang dahsyat jika mendurhakai Tuhanku.”	Al-Qur’an	http://www.wikidata.org/entity/Q428	HolyBook
10	15	Apabila dibacakan kepada mereka ayat-ayat Kami secara jelas, orang-orang yang tidak mengharapkan pertemuan dengan Kami (di akhirat) berkata, “Datangkanlah kitab selain Al-Qur’an ini atau gantilah!” Katakanlah (Nabi Muhammad), “Tidaklah pantas bagiku menggantinya atas kemauanku sendiri. Aku tidak mengikuti, kecuali apa yang diwahyukan kepadaku. Sesungguhnya aku takut akan azab hari yang dahsyat jika mendurhakai Tuhanku.”	Muhammad	http://www.wikidata.org/entity/Q9458	Messenger
10	16	Katakanlah (Nabi Muhammad), “Jikalau Allah menghendaki, niscaya aku tidak membacakannya kepadamu dan Allah tidak (pula) memberitahukannya kepadamu. Sungguh, aku telah tinggal bersamamu beberapa lama sebelumnya (sebelum turun Al-Qur’an). Apakah kamu tidak mengerti?”	Muhammad	http://www.wikidata.org/entity/Q9458	Messenger
10	16	Katakanlah (Nabi Muhammad), “Jikalau Allah menghendaki, niscaya aku tidak membacakannya kepadamu dan Allah tidak (pula) memberitahukannya kepadamu. Sungguh, aku telah tinggal bersamamu beberapa lama sebelumnya (sebelum turun Al-Qur’an). Apakah kamu tidak mengerti?”	Allah	http://www.wikidata.org/entity/Q2095353	Allah
10	16	Katakanlah (Nabi Muhammad), “Jikalau Allah menghendaki, niscaya aku tidak membacakannya kepadamu dan Allah tidak (pula) memberitahukannya kepadamu. Sungguh, aku telah tinggal bersamamu beberapa lama sebelumnya (sebelum turun Al-Qur’an). Apakah kamu tidak mengerti?”	Allah	http://www.wikidata.org/entity/Q2095353	Allah
10	16	Katakanlah (Nabi Muhammad), “Jikalau Allah menghendaki, niscaya aku tidak membacakannya kepadamu dan Allah tidak (pula) memberitahukannya kepadamu. Sungguh, aku telah tinggal bersamamu beberapa lama sebelumnya (sebelum turun Al-Qur’an). Apakah kamu tidak mengerti?”	Al-Qur’an	http://www.wikidata.org/entity/Q428	HolyBook
10	17	Maka, siapakah yang lebih zalim daripada orang yang mengada-adakan kebohongan terhadap Allah atau mendustakan ayat-ayat-Nya? Sesungguhnya para pendurhaka itu tidak akan beruntung.	Allah	http://www.wikidata.org/entity/Q2095353	Allah
10	18	Mereka menyembah selain Allah apa yang tidak dapat mendatangkan mudarat kepada mereka dan tidak (pula) memberi manfaat. Mereka berkata, “Mereka (sembahan) itu adalah penolong-penolong kami di hadapan Allah.” Katakanlah, “Apakah kamu akan memberitahukan kepada Allah sesuatu di langit dan di bumi yang tidak Dia ketahui?” Maha Suci dan Maha Tinggi Dia dari apa yang mereka persekutukan.	Allah	http://www.wikidata.org/entity/Q2095353	Allah
10	18	Mereka menyembah selain Allah apa yang tidak dapat mendatangkan mudarat kepada mereka dan tidak (pula) memberi manfaat. Mereka berkata, “Mereka (sembahan) itu adalah penolong-penolong kami di hadapan Allah.” Katakanlah, “Apakah kamu akan memberitahukan kepada Allah sesuatu di langit dan di bumi yang tidak Dia ketahui?” Maha Suci dan Maha Tinggi Dia dari apa yang mereka persekutukan.	Allah	http://www.wikidata.org/entity/Q2095353	Allah
10	18	Mereka menyembah selain Allah apa yang tidak dapat mendatangkan mudarat kepada mereka dan tidak (pula) memberi manfaat. Mereka berkata, “Mereka (sembahan) itu adalah penolong-penolong kami di hadapan Allah.” Katakanlah, “Apakah kamu akan memberitahukan kepada Allah sesuatu di langit dan di bumi yang tidak Dia ketahui?” Maha Suci dan Maha Tinggi Dia dari apa yang mereka persekutukan.	Allah	http://www.wikidata.org/entity/Q2095353	Allah
10	18	Mereka menyembah selain Allah apa yang tidak dapat mendatangkan mudarat kepada mereka dan tidak (pula) memberi manfaat. Mereka berkata, “Mereka (sembahan) itu adalah penolong-penolong kami di hadapan Allah.” Katakanlah, “Apakah kamu akan memberitahukan kepada Allah sesuatu di langit dan di bumi yang tidak Dia ketahui?” Maha Suci dan Maha Tinggi Dia dari apa yang mereka persekutukan.	langit	http://www.wikidata.org/entity/Q527	AstronomicalBody
10	18	Mereka menyembah selain Allah apa yang tidak dapat mendatangkan mudarat kepada mereka dan tidak (pula) memberi manfaat. Mereka berkata, “Mereka (sembahan) itu adalah penolong-penolong kami di hadapan Allah.” Katakanlah, “Apakah kamu akan memberitahukan kepada Allah sesuatu di langit dan di bumi yang tidak Dia ketahui?” Maha Suci dan Maha Tinggi Dia dari apa yang mereka persekutukan.	bumi	http://www.wikidata.org/entity/Q2	AstronomicalBody
10	19	Manusia itu dahulunya hanya umat yang satu (dalam ketauhidan), lalu mereka berselisih. Seandainya tidak karena suatu ketetapan yang telah ada dari Tuhanmu, pastilah di antara mereka telah diberi keputusan (azab di dunia) tentang apa yang mereka perselisihkan itu.			
10	20	Mereka berkata, “Mengapa tidak diturunkan kepadanya (Nabi Muhammad) suatu bukti (mukjizat) dari Tuhannya?” Katakanlah, “Sungguh, segala yang gaib itu hanya milik Allah. Maka, tunggulah (siksaan Allah)! Sesungguhnya aku pun termasuk orang-orang yang menunggu bersamamu.	Muhammad	http://www.wikidata.org/entity/Q9458	Messenger
10	20	Mereka berkata, “Mengapa tidak diturunkan kepadanya (Nabi Muhammad) suatu bukti (mukjizat) dari Tuhannya?” Katakanlah, “Sungguh, segala yang gaib itu hanya milik Allah. Maka, tunggulah (siksaan Allah)! Sesungguhnya aku pun termasuk orang-orang yang menunggu bersamamu.	Allah	http://www.wikidata.org/entity/Q2095353	Allah
10	20	Mereka berkata, “Mengapa tidak diturunkan kepadanya (Nabi Muhammad) suatu bukti (mukjizat) dari Tuhannya?” Katakanlah, “Sungguh, segala yang gaib itu hanya milik Allah. Maka, tunggulah (siksaan Allah)! Sesungguhnya aku pun termasuk orang-orang yang menunggu bersamamu.	Allah	http://www.wikidata.org/entity/Q2095353	Allah
10	21	Apabila Kami memberikan suatu rahmat kepada manusia setelah bencana menimpa mereka, mereka segera melakukan segala tipu daya (untuk menentang) ayat-ayat Kami. Katakanlah, “Allah lebih cepat pembalasan-Nya (atas tipu daya itu).” Sesungguhnya malaikat-malaikat Kami mencatat tipu dayamu.	Allah	http://www.wikidata.org/entity/Q2095353	Allah
10	22	Dialah (Allah) yang menjadikan kamu dapat berjalan di daratan (dan berlayar) di lautan sehingga ketika kamu berada di dalam kapal, lalu meluncurlah (kapal) itu membawa mereka dengan tiupan angin yang baik dan mereka bergembira karenanya. Kemudian, datanglah badai dan gelombang menimpanya dari segenap penjuru dan mereka pun mengira telah terkepung (bahaya). Maka, mereka berdoa dengan mengikhlaskan ketaatan kepada-Nya (seraya berkata), “Sekiranya Engkau menyelamatkan kami dari (bahaya) ini, pasti kami termasuk orang-orang yang bersyukur.”	Allah	http://www.wikidata.org/entity/Q2095353	Allah
10	23	Namun, ketika Allah menyelamatkan mereka, seketika itu mereka berbuat kezaliman di bumi tanpa (alasan) yang benar. Wahai manusia, sesungguhnya (bahaya) kezalimanmu akan menimpa dirimu sendiri. (Itu hanya) kenikmatan hidup duniawi. Kemudian, kepada Kamilah kembalimu, lalu akan Kami kabarkan kepadamu apa yang selama ini kamu kerjakan.	Allah	http://www.wikidata.org/entity/Q2095353	Allah
10	23	Namun, ketika Allah menyelamatkan mereka, seketika itu mereka berbuat kezaliman di bumi tanpa (alasan) yang benar. Wahai manusia, sesungguhnya (bahaya) kezalimanmu akan menimpa dirimu sendiri. (Itu hanya) kenikmatan hidup duniawi. Kemudian, kepada Kamilah kembalimu, lalu akan Kami kabarkan kepadamu apa yang selama ini kamu kerjakan.	bumi	http://www.wikidata.org/entity/Q2	AstronomicalBody
10	24	Sesungguhnya perumpamaan kehidupan dunia adalah ibarat air yang Kami turunkan dari langit, lalu tumbuhlah karenanya macam-macam tanaman bumi yang (dapat) dimakan oleh manusia dan hewan ternak. Hingga apabila bumi itu telah sempurna keindahannya, terhias, dan pemiliknya mengira bahwa mereka pasti menguasainya (memetik hasilnya), datanglah kepadanya azab Kami pada waktu malam atau siang. Lalu, Kami jadikan (tanaman)-nya seperti tanaman yang sudah disabit, seakan-akan belum pernah tumbuh kemarin. Demikianlah Kami menjelaskan secara terperinci ayat-ayat itu kepada kaum yang berpikir.	langit	http://www.wikidata.org/entity/Q527	AstronomicalBody
10	24	Sesungguhnya perumpamaan kehidupan dunia adalah ibarat air yang Kami turunkan dari langit, lalu tumbuhlah karenanya macam-macam tanaman bumi yang (dapat) dimakan oleh manusia dan hewan ternak. Hingga apabila bumi itu telah sempurna keindahannya, terhias, dan pemiliknya mengira bahwa mereka pasti menguasainya (memetik hasilnya), datanglah kepadanya azab Kami pada waktu malam atau siang. Lalu, Kami jadikan (tanaman)-nya seperti tanaman yang sudah disabit, seakan-akan belum pernah tumbuh kemarin. Demikianlah Kami menjelaskan secara terperinci ayat-ayat itu kepada kaum yang berpikir.	bumi	http://www.wikidata.org/entity/Q2	AstronomicalBody
10	24	Sesungguhnya perumpamaan kehidupan dunia adalah ibarat air yang Kami turunkan dari langit, lalu tumbuhlah karenanya macam-macam tanaman bumi yang (dapat) dimakan oleh manusia dan hewan ternak. Hingga apabila bumi itu telah sempurna keindahannya, terhias, dan pemiliknya mengira bahwa mereka pasti menguasainya (memetik hasilnya), datanglah kepadanya azab Kami pada waktu malam atau siang. Lalu, Kami jadikan (tanaman)-nya seperti tanaman yang sudah disabit, seakan-akan belum pernah tumbuh kemarin. Demikianlah Kami menjelaskan secara terperinci ayat-ayat itu kepada kaum yang berpikir.	bumi	http://www.wikidata.org/entity/Q2	AstronomicalBody
10	25	Allah menyeru (manusia) ke Dārussalām (surga) dan memberi petunjuk kepada siapa yang Dia kehendaki menuju jalan yang lurus (berdasarkan kesiapannya untuk menerima petunjuk).	Allah	http://www.wikidata.org/entity/Q2095353	Allah
10	26	Bagi orang-orang yang berbuat baik (ada pahala) yang terbaik (surga) dan tambahannya (kenikmatan melihat Allah). Wajah-wajah mereka tidak ditutupi debu hitam dan tidak (pula diliputi) kehinaan. Mereka itulah para penghuni surga. Mereka kekal di dalamnya.	Allah	http://www.wikidata.org/entity/Q2095353	Allah
10	26	Bagi orang-orang yang berbuat baik (ada pahala) yang terbaik (surga) dan tambahannya (kenikmatan melihat Allah). Wajah-wajah mereka tidak ditutupi debu hitam dan tidak (pula diliputi) kehinaan. Mereka itulah para penghuni surga. Mereka kekal di dalamnya.	hitam	http://www.wikidata.org/entity/Q23445	Color
10	27	Orang-orang yang berbuat kejahatan (akan mendapatkan) balasan kejahatan yang setimpal dan mereka diliputi kehinaan. Tidak ada bagi mereka seorang pelindung (pun) dari (azab) Allah. Wajah-wajah mereka seakan-akan ditutupi kepingan-kepingan malam yang gelap gulita. Mereka itulah para penghuni neraka. Mereka kekal di dalamnya.	Allah	http://www.wikidata.org/entity/Q2095353	Allah
10	28	(Ingatlah) pada hari (ketika) Kami mengumpulkan mereka semuanya, kemudian Kami berfirman kepada orang-orang yang mempersekutukan (Kami), “Tetaplah di tempatmu, kamu dan para sekutumu.” Lalu, Kami pisahkan di antara mereka, dan sekutu-sekutu mereka berkata, “Kamu sekali-kali tidak pernah menyembah kami.”			
10	29	Maka, cukuplah Allah menjadi saksi antara kami dengan kamu, bahwa sesungguhnya kami tidak tahu-menahu tentang penyembahan kamu (kepada kami).”	Allah	http://www.wikidata.org/entity/Q2095353	Allah
10	30	Di sanalah (padang Mahsyar), setiap jiwa merasakan pembalasan dari apa yang telah dikerjakannya (dahulu) dan mereka dikembalikan kepada Allah, pelindung mereka yang sebenarnya, dan lenyaplah dari mereka apa (sesembahan) yang selalu mereka ada-adakan.	Allah	http://www.wikidata.org/entity/Q2095353	Allah
10	31	Katakanlah (Nabi Muhammad), “Siapakah yang menganugerahkan rezeki kepadamu dari langit dan bumi, siapakah yang kuasa (menciptakan) pendengaran dan penglihatan, siapakah yang mengeluarkan yang hidup dari yang mati dan mengeluarkan yang mati dari yang hidup, serta siapakah yang mengatur segala urusan?” Maka, mereka akan menjawab, “Allah.” Maka, katakanlah, “Apakah kamu tidak takut (akan azab Allah)?”	Muhammad	http://www.wikidata.org/entity/Q9458	Messenger
10	31	Katakanlah (Nabi Muhammad), “Siapakah yang menganugerahkan rezeki kepadamu dari langit dan bumi, siapakah yang kuasa (menciptakan) pendengaran dan penglihatan, siapakah yang mengeluarkan yang hidup dari yang mati dan mengeluarkan yang mati dari yang hidup, serta siapakah yang mengatur segala urusan?” Maka, mereka akan menjawab, “Allah.” Maka, katakanlah, “Apakah kamu tidak takut (akan azab Allah)?”	langit	http://www.wikidata.org/entity/Q527	AstronomicalBody
10	31	Katakanlah (Nabi Muhammad), “Siapakah yang menganugerahkan rezeki kepadamu dari langit dan bumi, siapakah yang kuasa (menciptakan) pendengaran dan penglihatan, siapakah yang mengeluarkan yang hidup dari yang mati dan mengeluarkan yang mati dari yang hidup, serta siapakah yang mengatur segala urusan?” Maka, mereka akan menjawab, “Allah.” Maka, katakanlah, “Apakah kamu tidak takut (akan azab Allah)?”	bumi	http://www.wikidata.org/entity/Q2	AstronomicalBody
10	31	Katakanlah (Nabi Muhammad), “Siapakah yang menganugerahkan rezeki kepadamu dari langit dan bumi, siapakah yang kuasa (menciptakan) pendengaran dan penglihatan, siapakah yang mengeluarkan yang hidup dari yang mati dan mengeluarkan yang mati dari yang hidup, serta siapakah yang mengatur segala urusan?” Maka, mereka akan menjawab, “Allah.” Maka, katakanlah, “Apakah kamu tidak takut (akan azab Allah)?”	Allah	http://www.wikidata.org/entity/Q2095353	Allah
10	31	Katakanlah (Nabi Muhammad), “Siapakah yang menganugerahkan rezeki kepadamu dari langit dan bumi, siapakah yang kuasa (menciptakan) pendengaran dan penglihatan, siapakah yang mengeluarkan yang hidup dari yang mati dan mengeluarkan yang mati dari yang hidup, serta siapakah yang mengatur segala urusan?” Maka, mereka akan menjawab, “Allah.” Maka, katakanlah, “Apakah kamu tidak takut (akan azab Allah)?”	Allah	http://www.wikidata.org/entity/Q2095353	Allah
10	32	Maka, itulah Allah, Tuhan kamu yang sebenarnya. Tidak ada setelah kebenaran itu kecuali kesesatan. Maka, bagaimana kamu dipalingkan (dari kebenaran)?	Allah	http://www.wikidata.org/entity/Q2095353	Allah
10	33	Demikianlah, telah pasti (berlaku) ketentuan Tuhanmu terhadap orang-orang yang berbuat fasik bahwa sesungguhnya mereka tidak beriman.			
10	35	Katakanlah (Nabi Muhammad), “Apakah di antara sekutu-sekutu kamu ada yang membimbing pada kebenaran?” Katakanlah, “Allah membimbing pada kebenaran.” Maka, apakah yang membimbing pada kebenaran lebih berhak diikuti ataukah yang tidak mampu membimbing bahkan perlu dibimbing? Maka, mengapa kamu (berbuat demikian)? Bagaimanakah kamu memberi keputusan?	Muhammad	http://www.wikidata.org/entity/Q9458	Messenger
10	35	Katakanlah (Nabi Muhammad), “Apakah di antara sekutu-sekutu kamu ada yang membimbing pada kebenaran?” Katakanlah, “Allah membimbing pada kebenaran.” Maka, apakah yang membimbing pada kebenaran lebih berhak diikuti ataukah yang tidak mampu membimbing bahkan perlu dibimbing? Maka, mengapa kamu (berbuat demikian)? Bagaimanakah kamu memberi keputusan?	Allah	http://www.wikidata.org/entity/Q2095353	Allah
10	37	Tidak mungkin Al-Qur’an ini dibuat-buat oleh selain Allah, tetapi (Al-Qur’an) membenarkan (kitab-kitab) yang sebelumnya dan menjelaskan secara terperinci ketetapan (Allah). Tidak ada keraguan di dalamnya, (diturunkan) dari Tuhan semesta alam.	Al-Qur’an	http://www.wikidata.org/entity/Q428	HolyBook
10	37	Tidak mungkin Al-Qur’an ini dibuat-buat oleh selain Allah, tetapi (Al-Qur’an) membenarkan (kitab-kitab) yang sebelumnya dan menjelaskan secara terperinci ketetapan (Allah). Tidak ada keraguan di dalamnya, (diturunkan) dari Tuhan semesta alam.	Allah	http://www.wikidata.org/entity/Q2095353	Allah
10	37	Tidak mungkin Al-Qur’an ini dibuat-buat oleh selain Allah, tetapi (Al-Qur’an) membenarkan (kitab-kitab) yang sebelumnya dan menjelaskan secara terperinci ketetapan (Allah). Tidak ada keraguan di dalamnya, (diturunkan) dari Tuhan semesta alam.	Al-Qur’an	http://www.wikidata.org/entity/Q428	HolyBook
10	37	Tidak mungkin Al-Qur’an ini dibuat-buat oleh selain Allah, tetapi (Al-Qur’an) membenarkan (kitab-kitab) yang sebelumnya dan menjelaskan secara terperinci ketetapan (Allah). Tidak ada keraguan di dalamnya, (diturunkan) dari Tuhan semesta alam.	Allah	http://www.wikidata.org/entity/Q2095353	Allah
10	37	Tidak mungkin Al-Qur’an ini dibuat-buat oleh selain Allah, tetapi (Al-Qur’an) membenarkan (kitab-kitab) yang sebelumnya dan menjelaskan secara terperinci ketetapan (Allah). Tidak ada keraguan di dalamnya, (diturunkan) dari Tuhan semesta alam.	Tuhan semesta alam	http://www.wikidata.org/entity/Q2095353	Allah
10	38	Bahkan, apakah (pantas) mereka mengatakan, “Dia (Nabi Muhammad) telah membuat-buat (Al-Qur’an) itu.”? Katakanlah (Nabi Muhammad), “(Kalau demikian,) buatlah satu surah yang semisal dengannya dan ajaklah siapa yang dapat kamu (ajak) selain Allah (untuk menolongmu), jika kamu orang-orang yang benar.”	Muhammad	http://www.wikidata.org/entity/Q9458	Messenger
10	38	Bahkan, apakah (pantas) mereka mengatakan, “Dia (Nabi Muhammad) telah membuat-buat (Al-Qur’an) itu.”? Katakanlah (Nabi Muhammad), “(Kalau demikian,) buatlah satu surah yang semisal dengannya dan ajaklah siapa yang dapat kamu (ajak) selain Allah (untuk menolongmu), jika kamu orang-orang yang benar.”	Al-Qur’an	http://www.wikidata.org/entity/Q428	HolyBook
10	38	Bahkan, apakah (pantas) mereka mengatakan, “Dia (Nabi Muhammad) telah membuat-buat (Al-Qur’an) itu.”? Katakanlah (Nabi Muhammad), “(Kalau demikian,) buatlah satu surah yang semisal dengannya dan ajaklah siapa yang dapat kamu (ajak) selain Allah (untuk menolongmu), jika kamu orang-orang yang benar.”	Muhammad	http://www.wikidata.org/entity/Q9458	Messenger
10	38	Bahkan, apakah (pantas) mereka mengatakan, “Dia (Nabi Muhammad) telah membuat-buat (Al-Qur’an) itu.”? Katakanlah (Nabi Muhammad), “(Kalau demikian,) buatlah satu surah yang semisal dengannya dan ajaklah siapa yang dapat kamu (ajak) selain Allah (untuk menolongmu), jika kamu orang-orang yang benar.”	Allah	http://www.wikidata.org/entity/Q2095353	Allah
10	39	Bahkan, mereka mendustakan apa yang mereka belum mengetahuinya dengan sempurna dan belum datang kepada mereka penjelasannya. Demikianlah halnya umat-umat sebelum mereka telah mendustakan (para rasul). Maka, perhatikanlah bagaimana kesudahan orang-orang zalim.			
10	40	Di antara mereka ada orang yang beriman padanya (Al-Qur’an), dan di antara mereka ada (pula) orang yang tidak beriman padanya. Tuhanmu lebih mengetahui tentang orang-orang yang berbuat kerusakan.	Al-Qur’an	http://www.wikidata.org/entity/Q428	HolyBook
10	41	Jika mereka mendustakanmu (Nabi Muhammad), katakanlah, “Bagiku perbuatanku dan bagimu perbuatanmu. Kamu berlepas diri dari apa yang aku perbuat dan aku pun berlepas diri dari apa yang kamu perbuat.”	Muhammad	http://www.wikidata.org/entity/Q9458	Messenger
10	46	Sesungguhnya jika Kami benar-benar memperlihatkan kepadamu (Nabi Muhammad) sebagian dari (siksa) yang Kami janjikan kepada mereka (di dunia), atau jika Kami mewafatkan engkau (sebelum datangnya azab itu), hanya kepada Kamilah mereka kembali, kemudian Allah menjadi saksi atas apa yang mereka lakukan.	Muhammad	http://www.wikidata.org/entity/Q9458	Messenger
10	46	Sesungguhnya jika Kami benar-benar memperlihatkan kepadamu (Nabi Muhammad) sebagian dari (siksa) yang Kami janjikan kepada mereka (di dunia), atau jika Kami mewafatkan engkau (sebelum datangnya azab itu), hanya kepada Kamilah mereka kembali, kemudian Allah menjadi saksi atas apa yang mereka lakukan.	Allah	http://www.wikidata.org/entity/Q2095353	Allah
10	47	Setiap umat mempunyai rasul. Apabila rasul mereka telah datang (di akhirat kelak), diputuskanlah (oleh Allah) di antara mereka dengan adil, sedangkan mereka tidak dizalimi (sedikit pun).	Allah	http://www.wikidata.org/entity/Q2095353	Allah
10	49	Katakanlah (Nabi Muhammad), “Aku tidak kuasa (menolak) mudarat dan tidak pula (mendatangkan) manfaat kepada diriku, kecuali apa yang Allah kehendaki.” Setiap umat mempunyai ajal (batas waktu). Apabila ajalnya tiba, mereka tidak dapat meminta penundaan sesaat pun dan tidak (pula) dapat meminta percepatan.	Muhammad	http://www.wikidata.org/entity/Q9458	Messenger
10	49	Katakanlah (Nabi Muhammad), “Aku tidak kuasa (menolak) mudarat dan tidak pula (mendatangkan) manfaat kepada diriku, kecuali apa yang Allah kehendaki.” Setiap umat mempunyai ajal (batas waktu). Apabila ajalnya tiba, mereka tidak dapat meminta penundaan sesaat pun dan tidak (pula) dapat meminta percepatan.	Allah	http://www.wikidata.org/entity/Q2095353	Allah
10	52	Kemudian, dikatakan kepada orang-orang yang zalim itu, “Rasakanlah olehmu azab yang kekal. (Bukankah) kamu tidak diberi balasan, melainkan (setimpal) dengan apa yang selama ini telah kamu usahakan?”			
10	53	Mereka menanyakan kepadamu (Nabi Muhammad), “Benarkah ia (azab yang dijanjikan Allah) itu?” Katakanlah, “Ya, demi Tuhanku, sesungguhnya (azab) itu pasti benar dan sekali-kali kamu tidak dapat menghindar.”	Muhammad	http://www.wikidata.org/entity/Q9458	Messenger
10	53	Mereka menanyakan kepadamu (Nabi Muhammad), “Benarkah ia (azab yang dijanjikan Allah) itu?” Katakanlah, “Ya, demi Tuhanku, sesungguhnya (azab) itu pasti benar dan sekali-kali kamu tidak dapat menghindar.”	Allah	http://www.wikidata.org/entity/Q2095353	Allah
10	55	Ketahuilah, sesungguhnya milik Allahlah apa yang ada di langit dan di bumi. Ketahuilah, sesungguhnya janji Allah itu benar, tetapi kebanyakan mereka tidak mengetahui.	langit	http://www.wikidata.org/entity/Q527	AstronomicalBody
10	55	Ketahuilah, sesungguhnya milik Allahlah apa yang ada di langit dan di bumi. Ketahuilah, sesungguhnya janji Allah itu benar, tetapi kebanyakan mereka tidak mengetahui.	bumi	http://www.wikidata.org/entity/Q2	AstronomicalBody
10	55	Ketahuilah, sesungguhnya milik Allahlah apa yang ada di langit dan di bumi. Ketahuilah, sesungguhnya janji Allah itu benar, tetapi kebanyakan mereka tidak mengetahui.	Allah	http://www.wikidata.org/entity/Q2095353	Allah
10	56	Dialah yang menghidupkan dan mematikan serta hanya kepada-Nyalah kamu akan dikembalikan.	yang menghidupkan dan mematikan	http://www.wikidata.org/entity/Q2095353	Allah
10	57	Wahai manusia, sungguh telah datang kepadamu pelajaran (Al-Qur’an) dari Tuhanmu, penyembuh bagi sesuatu (penyakit) yang terdapat dalam dada, dan petunjuk serta rahmat bagi orang-orang mukmin.	Al-Qur’an	http://www.wikidata.org/entity/Q428	HolyBook
10	58	Katakanlah (Nabi Muhammad), “Dengan karunia Allah dan rahmat-Nya itu, hendaklah mereka bergembira. Itu lebih baik daripada apa yang mereka kumpulkan.”	Muhammad	http://www.wikidata.org/entity/Q9458	Messenger
10	58	Katakanlah (Nabi Muhammad), “Dengan karunia Allah dan rahmat-Nya itu, hendaklah mereka bergembira. Itu lebih baik daripada apa yang mereka kumpulkan.”	Allah	http://www.wikidata.org/entity/Q2095353	Allah
10	59	Katakanlah (Nabi Muhammad), “Terangkanlah kepadaku tentang rezeki yang diturunkan Allah kepadamu, lalu kamu jadikan sebagiannya haram dan sebagiannya halal.” Katakanlah, “Apakah Allah telah memberikan izin kepadamu (tentang ini) ataukah kamu mengada-ada atas nama Allah?”	Muhammad	http://www.wikidata.org/entity/Q9458	Messenger
10	59	Katakanlah (Nabi Muhammad), “Terangkanlah kepadaku tentang rezeki yang diturunkan Allah kepadamu, lalu kamu jadikan sebagiannya haram dan sebagiannya halal.” Katakanlah, “Apakah Allah telah memberikan izin kepadamu (tentang ini) ataukah kamu mengada-ada atas nama Allah?”	Allah	http://www.wikidata.org/entity/Q2095353	Allah
10	59	Katakanlah (Nabi Muhammad), “Terangkanlah kepadaku tentang rezeki yang diturunkan Allah kepadamu, lalu kamu jadikan sebagiannya haram dan sebagiannya halal.” Katakanlah, “Apakah Allah telah memberikan izin kepadamu (tentang ini) ataukah kamu mengada-ada atas nama Allah?”	Allah	http://www.wikidata.org/entity/Q2095353	Allah
10	59	Katakanlah (Nabi Muhammad), “Terangkanlah kepadaku tentang rezeki yang diturunkan Allah kepadamu, lalu kamu jadikan sebagiannya haram dan sebagiannya halal.” Katakanlah, “Apakah Allah telah memberikan izin kepadamu (tentang ini) ataukah kamu mengada-ada atas nama Allah?”	Allah	http://www.wikidata.org/entity/Q2095353	Allah
10	60	Apakah dugaan orang-orang yang mengada-adakan kebohongan terhadap Allah (berkenaan dengan apa yang akan Allah berikan kepada mereka) pada hari Kiamat? Sesungguhnya Allah benar-benar mempunyai karunia (yang dilimpahkan-Nya) kepada manusia, tetapi kebanyakan mereka tidak bersyukur.	Allah	http://www.wikidata.org/entity/Q2095353	Allah
10	60	Apakah dugaan orang-orang yang mengada-adakan kebohongan terhadap Allah (berkenaan dengan apa yang akan Allah berikan kepada mereka) pada hari Kiamat? Sesungguhnya Allah benar-benar mempunyai karunia (yang dilimpahkan-Nya) kepada manusia, tetapi kebanyakan mereka tidak bersyukur.	Allah	http://www.wikidata.org/entity/Q2095353	Allah
10	60	Apakah dugaan orang-orang yang mengada-adakan kebohongan terhadap Allah (berkenaan dengan apa yang akan Allah berikan kepada mereka) pada hari Kiamat? Sesungguhnya Allah benar-benar mempunyai karunia (yang dilimpahkan-Nya) kepada manusia, tetapi kebanyakan mereka tidak bersyukur.	hari Kiamat	http://www.wikidata.org/entity/Q12200906	Event
10	60	Apakah dugaan orang-orang yang mengada-adakan kebohongan terhadap Allah (berkenaan dengan apa yang akan Allah berikan kepada mereka) pada hari Kiamat? Sesungguhnya Allah benar-benar mempunyai karunia (yang dilimpahkan-Nya) kepada manusia, tetapi kebanyakan mereka tidak bersyukur.	Allah	http://www.wikidata.org/entity/Q2095353	Allah
10	61	Engkau (Nabi Muhammad) tidak berada dalam suatu urusan, tidak membaca suatu ayat Al-Qur’an, dan tidak pula mengerjakan suatu pekerjaan, kecuali Kami menjadi saksi atasmu ketika kamu melakukannya. Tidak ada yang luput sedikit pun dari (pengetahuan) Tuhanmu, walaupun seberat zarah, baik di bumi maupun di langit. Tidak ada sesuatu yang lebih kecil dan yang lebih besar daripada itu, kecuali semua tercatat dalam kitab yang nyata (Lauhulmahfuz).	Muhammad	http://www.wikidata.org/entity/Q9458	Messenger
10	61	Engkau (Nabi Muhammad) tidak berada dalam suatu urusan, tidak membaca suatu ayat Al-Qur’an, dan tidak pula mengerjakan suatu pekerjaan, kecuali Kami menjadi saksi atasmu ketika kamu melakukannya. Tidak ada yang luput sedikit pun dari (pengetahuan) Tuhanmu, walaupun seberat zarah, baik di bumi maupun di langit. Tidak ada sesuatu yang lebih kecil dan yang lebih besar daripada itu, kecuali semua tercatat dalam kitab yang nyata (Lauhulmahfuz).	Al-Qur’an	http://www.wikidata.org/entity/Q428	HolyBook
10	61	Engkau (Nabi Muhammad) tidak berada dalam suatu urusan, tidak membaca suatu ayat Al-Qur’an, dan tidak pula mengerjakan suatu pekerjaan, kecuali Kami menjadi saksi atasmu ketika kamu melakukannya. Tidak ada yang luput sedikit pun dari (pengetahuan) Tuhanmu, walaupun seberat zarah, baik di bumi maupun di langit. Tidak ada sesuatu yang lebih kecil dan yang lebih besar daripada itu, kecuali semua tercatat dalam kitab yang nyata (Lauhulmahfuz).	bumi	http://www.wikidata.org/entity/Q2	AstronomicalBody
10	61	Engkau (Nabi Muhammad) tidak berada dalam suatu urusan, tidak membaca suatu ayat Al-Qur’an, dan tidak pula mengerjakan suatu pekerjaan, kecuali Kami menjadi saksi atasmu ketika kamu melakukannya. Tidak ada yang luput sedikit pun dari (pengetahuan) Tuhanmu, walaupun seberat zarah, baik di bumi maupun di langit. Tidak ada sesuatu yang lebih kecil dan yang lebih besar daripada itu, kecuali semua tercatat dalam kitab yang nyata (Lauhulmahfuz).	langit	http://www.wikidata.org/entity/Q527	AstronomicalBody
10	63	(Mereka adalah) orang-orang yang beriman dan selalu bertakwa.			
10	64	Bagi mereka berita gembira di dalam kehidupan di dunia dan di akhirat. Tidak ada perubahan bagi kalimat-kalimat (ketetapan dan janji) Allah. Demikian itulah kemenangan yang agung.	Allah	http://www.wikidata.org/entity/Q2095353	Allah
10	65	Janganlah engkau (Nabi Muhammad) sedih oleh perkataan mereka. Sesungguhnya kekuasaan itu seluruhnya milik Allah. Dia Maha Mendengar lagi Maha Mengetahui.	Muhammad	http://www.wikidata.org/entity/Q9458	Messenger
10	65	Janganlah engkau (Nabi Muhammad) sedih oleh perkataan mereka. Sesungguhnya kekuasaan itu seluruhnya milik Allah. Dia Maha Mendengar lagi Maha Mengetahui.	Allah	http://www.wikidata.org/entity/Q2095353	Allah
10	66	Ketahuilah bahwa sesungguhnya milik Allahlah siapa yang ada di langit dan siapa yang ada di bumi. Orang-orang yang menyeru sekutu-sekutu selain Allah tidaklah mengikuti (suatu kebenaran). Mereka hanya mengikuti persangkaan belaka dan mereka hanyalah menduga-duga.	langit	http://www.wikidata.org/entity/Q527	AstronomicalBody
10	66	Ketahuilah bahwa sesungguhnya milik Allahlah siapa yang ada di langit dan siapa yang ada di bumi. Orang-orang yang menyeru sekutu-sekutu selain Allah tidaklah mengikuti (suatu kebenaran). Mereka hanya mengikuti persangkaan belaka dan mereka hanyalah menduga-duga.	bumi	http://www.wikidata.org/entity/Q2	AstronomicalBody
10	66	Ketahuilah bahwa sesungguhnya milik Allahlah siapa yang ada di langit dan siapa yang ada di bumi. Orang-orang yang menyeru sekutu-sekutu selain Allah tidaklah mengikuti (suatu kebenaran). Mereka hanya mengikuti persangkaan belaka dan mereka hanyalah menduga-duga.	Allah	http://www.wikidata.org/entity/Q2095353	Allah
10	68	Mereka (yang menyekutukan Allah) berkata, “Allah mengangkat anak.” Maha Suci Dia. Dialah Yang Maha Kaya. Milik-Nyalah apa yang ada di langit dan apa yang ada di bumi. Kamu tidak mempunyai alasan kuat tentang ini. Pantaskah kamu mengatakan tentang Allah apa yang tidak kamu ketahui?	Allah	http://www.wikidata.org/entity/Q2095353	Allah
10	68	Mereka (yang menyekutukan Allah) berkata, “Allah mengangkat anak.” Maha Suci Dia. Dialah Yang Maha Kaya. Milik-Nyalah apa yang ada di langit dan apa yang ada di bumi. Kamu tidak mempunyai alasan kuat tentang ini. Pantaskah kamu mengatakan tentang Allah apa yang tidak kamu ketahui?	Allah	http://www.wikidata.org/entity/Q2095353	Allah
10	68	Mereka (yang menyekutukan Allah) berkata, “Allah mengangkat anak.” Maha Suci Dia. Dialah Yang Maha Kaya. Milik-Nyalah apa yang ada di langit dan apa yang ada di bumi. Kamu tidak mempunyai alasan kuat tentang ini. Pantaskah kamu mengatakan tentang Allah apa yang tidak kamu ketahui?	Yang Maha Kaya	http://www.wikidata.org/entity/Q2095353	Allah
10	68	Mereka (yang menyekutukan Allah) berkata, “Allah mengangkat anak.” Maha Suci Dia. Dialah Yang Maha Kaya. Milik-Nyalah apa yang ada di langit dan apa yang ada di bumi. Kamu tidak mempunyai alasan kuat tentang ini. Pantaskah kamu mengatakan tentang Allah apa yang tidak kamu ketahui?	langit	http://www.wikidata.org/entity/Q527	AstronomicalBody
10	68	Mereka (yang menyekutukan Allah) berkata, “Allah mengangkat anak.” Maha Suci Dia. Dialah Yang Maha Kaya. Milik-Nyalah apa yang ada di langit dan apa yang ada di bumi. Kamu tidak mempunyai alasan kuat tentang ini. Pantaskah kamu mengatakan tentang Allah apa yang tidak kamu ketahui?	bumi	http://www.wikidata.org/entity/Q2	AstronomicalBody
10	68	Mereka (yang menyekutukan Allah) berkata, “Allah mengangkat anak.” Maha Suci Dia. Dialah Yang Maha Kaya. Milik-Nyalah apa yang ada di langit dan apa yang ada di bumi. Kamu tidak mempunyai alasan kuat tentang ini. Pantaskah kamu mengatakan tentang Allah apa yang tidak kamu ketahui?	Allah	http://www.wikidata.org/entity/Q2095353	Allah
10	69	Katakanlah (Nabi Muhammad), “Sesungguhnya orang-orang yang mengada-adakan kebohongan terhadap Allah tidak akan beruntung.”	Muhammad	http://www.wikidata.org/entity/Q9458	Messenger
10	69	Katakanlah (Nabi Muhammad), “Sesungguhnya orang-orang yang mengada-adakan kebohongan terhadap Allah tidak akan beruntung.”	Allah	http://www.wikidata.org/entity/Q2095353	Allah
10	70	(Bagi mereka) kesenangan (sesaat) ketika di dunia, selanjutnya kepada Kamilah tempat mereka kembali, kemudian Kami jadikan mereka merasakan azab yang keras karena mereka selalu kufur.			
10	71	Bacakanlah (sampaikanlah wahai Nabi Muhammad) kepada mereka berita penting (tentang) Nuh ketika dia berkata kepada kaumnya, “Wahai kaumku, jika terasa berat bagi kamu keberadaanku tinggal (bersamamu) dan peringatanku dengan ayat-ayat Allah, kepada Allahlah aku bertawakal. Oleh karena itu, bulatkanlah keputusanmu dan kumpulkanlah sekutu-sekutumu (untuk membinasakanku), selanjutnya janganlah keputusanmu itu dirahasiakan. Kemudian, bertindaklah terhadap diriku dan janganlah kamu tunda-tunda (tindakan itu) kepadaku.	Muhammad	http://www.wikidata.org/entity/Q9458	Messenger
10	71	Bacakanlah (sampaikanlah wahai Nabi Muhammad) kepada mereka berita penting (tentang) Nuh ketika dia berkata kepada kaumnya, “Wahai kaumku, jika terasa berat bagi kamu keberadaanku tinggal (bersamamu) dan peringatanku dengan ayat-ayat Allah, kepada Allahlah aku bertawakal. Oleh karena itu, bulatkanlah keputusanmu dan kumpulkanlah sekutu-sekutumu (untuk membinasakanku), selanjutnya janganlah keputusanmu itu dirahasiakan. Kemudian, bertindaklah terhadap diriku dan janganlah kamu tunda-tunda (tindakan itu) kepadaku.	Nuh	http://www.wikidata.org/entity/Q1782672	Messenger
10	71	Bacakanlah (sampaikanlah wahai Nabi Muhammad) kepada mereka berita penting (tentang) Nuh ketika dia berkata kepada kaumnya, “Wahai kaumku, jika terasa berat bagi kamu keberadaanku tinggal (bersamamu) dan peringatanku dengan ayat-ayat Allah, kepada Allahlah aku bertawakal. Oleh karena itu, bulatkanlah keputusanmu dan kumpulkanlah sekutu-sekutumu (untuk membinasakanku), selanjutnya janganlah keputusanmu itu dirahasiakan. Kemudian, bertindaklah terhadap diriku dan janganlah kamu tunda-tunda (tindakan itu) kepadaku.	Allah	http://www.wikidata.org/entity/Q2095353	Allah
10	72	Jika kamu berpaling (dari peringatanku), aku tidak meminta imbalan sedikit pun darimu. Imbalanku tidak lain hanyalah dari Allah dan aku diperintah agar aku masuk ke dalam golongan orang-orang muslim.”	Allah	http://www.wikidata.org/entity/Q2095353	Allah
10	74	Kemudian, Kami mengutus setelahnya (Nuh) beberapa rasul kepada kaum mereka (umat masing-masing), maka rasul-rasul itu datang kepada mereka dengan membawa bukti-bukti yang nyata, tetapi mereka tidak mau beriman karena mereka dahulu telah (biasa) mendustakannya. Demikianlah Kami mengunci hati orang-orang yang melampaui batas.	Nuh	http://www.wikidata.org/entity/Q1782672	Messenger
10	76	Ketika telah datang kepada mereka kebenaran (mukjizat) dari sisi Kami, mereka berkata, “Sesungguhnya ini benar-benar sihir yang nyata.”			
10	77	Musa berkata, “Apakah (pantas) kamu mengatakan terhadap kebenaran (mukjizat) ketika ia datang kepadamu, ‘sihirkah ini?’ Padahal, para penyihir itu tidaklah mendapat kemenangan.”	Musa	http://www.wikidata.org/entity/Q1990155	Messenger
10	78	Mereka berkata, “Apakah engkau (Musa) datang kepada kami untuk memalingkan kami dari apa yang kami dapati pada nenek moyang kami (menyembah berhala), dan agar kamu berdua (Musa dan Harun) mempunyai kekuasaan di bumi (negeri Mesir)? Kami tidak akan beriman kepada kamu berdua.”	Musa	http://www.wikidata.org/entity/Q1990155	Messenger
10	78	Mereka berkata, “Apakah engkau (Musa) datang kepada kami untuk memalingkan kami dari apa yang kami dapati pada nenek moyang kami (menyembah berhala), dan agar kamu berdua (Musa dan Harun) mempunyai kekuasaan di bumi (negeri Mesir)? Kami tidak akan beriman kepada kamu berdua.”	Musa	http://www.wikidata.org/entity/Q1990155	Messenger
10	78	Mereka berkata, “Apakah engkau (Musa) datang kepada kami untuk memalingkan kami dari apa yang kami dapati pada nenek moyang kami (menyembah berhala), dan agar kamu berdua (Musa dan Harun) mempunyai kekuasaan di bumi (negeri Mesir)? Kami tidak akan beriman kepada kamu berdua.”	Harun	http://www.wikidata.org/entity/Q380714	Messenger
10	78	Mereka berkata, “Apakah engkau (Musa) datang kepada kami untuk memalingkan kami dari apa yang kami dapati pada nenek moyang kami (menyembah berhala), dan agar kamu berdua (Musa dan Harun) mempunyai kekuasaan di bumi (negeri Mesir)? Kami tidak akan beriman kepada kamu berdua.”	bumi	http://www.wikidata.org/entity/Q2	AstronomicalBody
10	78	Mereka berkata, “Apakah engkau (Musa) datang kepada kami untuk memalingkan kami dari apa yang kami dapati pada nenek moyang kami (menyembah berhala), dan agar kamu berdua (Musa dan Harun) mempunyai kekuasaan di bumi (negeri Mesir)? Kami tidak akan beriman kepada kamu berdua.”	Mesir	http://www.wikidata.org/entity/Q79	GeographicalLocation
10	79	Fir‘aun berkata (kepada para pemuka kaumnya), “Datangkanlah kepadaku semua penyihir yang ulung!”	Fir‘aun	http://www.wikidata.org/entity/Q37110	Person
10	80	Ketika para penyihir itu datang, Musa berkata kepada mereka, “Lemparkanlah apa yang hendak kamu lemparkan!”	Musa	http://www.wikidata.org/entity/Q1990155	Messenger
10	81	Setelah mereka melemparkan (tali-temali), Musa berkata, “Apa yang kamu bawa itulah sihir. Sesungguhnya Allah akan membatalkan (mengalahkan)-nya. Sesungguhnya Allah tidak membiarkan perbuatan orang-orang yang berbuat kerusakan.	Musa	http://www.wikidata.org/entity/Q1990155	Messenger
10	81	Setelah mereka melemparkan (tali-temali), Musa berkata, “Apa yang kamu bawa itulah sihir. Sesungguhnya Allah akan membatalkan (mengalahkan)-nya. Sesungguhnya Allah tidak membiarkan perbuatan orang-orang yang berbuat kerusakan.	Allah	http://www.wikidata.org/entity/Q2095353	Allah
10	81	Setelah mereka melemparkan (tali-temali), Musa berkata, “Apa yang kamu bawa itulah sihir. Sesungguhnya Allah akan membatalkan (mengalahkan)-nya. Sesungguhnya Allah tidak membiarkan perbuatan orang-orang yang berbuat kerusakan.	Allah	http://www.wikidata.org/entity/Q2095353	Allah
10	83	Tidak ada yang beriman kepada Musa selain keturunan dari kaumnya disertai ketakutan kepada Fir‘aun dan para pemuka kaumnya yang akan menyiksa mereka. Sesungguhnya Fir‘aun benar-benar sewenang-wenang di bumi. Sesungguhnya ia benar-benar termasuk orang-orang yang melampaui batas.	Musa	http://www.wikidata.org/entity/Q1990155	Messenger
10	83	Tidak ada yang beriman kepada Musa selain keturunan dari kaumnya disertai ketakutan kepada Fir‘aun dan para pemuka kaumnya yang akan menyiksa mereka. Sesungguhnya Fir‘aun benar-benar sewenang-wenang di bumi. Sesungguhnya ia benar-benar termasuk orang-orang yang melampaui batas.	Fir‘aun	http://www.wikidata.org/entity/Q37110	Person
10	83	Tidak ada yang beriman kepada Musa selain keturunan dari kaumnya disertai ketakutan kepada Fir‘aun dan para pemuka kaumnya yang akan menyiksa mereka. Sesungguhnya Fir‘aun benar-benar sewenang-wenang di bumi. Sesungguhnya ia benar-benar termasuk orang-orang yang melampaui batas.	Fir‘aun	http://www.wikidata.org/entity/Q37110	Person
10	83	Tidak ada yang beriman kepada Musa selain keturunan dari kaumnya disertai ketakutan kepada Fir‘aun dan para pemuka kaumnya yang akan menyiksa mereka. Sesungguhnya Fir‘aun benar-benar sewenang-wenang di bumi. Sesungguhnya ia benar-benar termasuk orang-orang yang melampaui batas.	bumi	http://www.wikidata.org/entity/Q2	AstronomicalBody
10	84	Musa berkata, “Wahai kaumku, jika kamu sungguh-sungguh beriman kepada Allah, bertawakallah hanya kepada-Nya apabila kamu benar-benar orang-orang muslim (yang berserah diri kepada Allah).”	Musa	http://www.wikidata.org/entity/Q1990155	Messenger
10	84	Musa berkata, “Wahai kaumku, jika kamu sungguh-sungguh beriman kepada Allah, bertawakallah hanya kepada-Nya apabila kamu benar-benar orang-orang muslim (yang berserah diri kepada Allah).”	Allah	http://www.wikidata.org/entity/Q2095353	Allah
10	84	Musa berkata, “Wahai kaumku, jika kamu sungguh-sungguh beriman kepada Allah, bertawakallah hanya kepada-Nya apabila kamu benar-benar orang-orang muslim (yang berserah diri kepada Allah).”	Allah	http://www.wikidata.org/entity/Q2095353	Allah
10	85	Mereka pun berkata, “Kepada Allahlah kami bertawakal. Ya Tuhan kami, janganlah Engkau jadikan kami (sasaran) fitnah bagi kaum yang zalim.			
10	86	Selamatkanlah pula kami dengan rahmat-Mu dari kaum yang kafir.”			
10	89	Dia (Allah) berfirman, “Sungguh, permohonan kamu berdua telah diperkenankan. Maka, tetaplah kamu berdua (pada jalan yang lurus) dan janganlah sekali-kali kamu berdua mengikuti jalan orang-orang yang tidak mengetahui.”	Allah	http://www.wikidata.org/entity/Q2095353	Allah
10	90	Kami jadikan Bani Israil bisa melintasi laut itu (Laut Merah). Lalu, Fir‘aun dan bala tentaranya mengikuti mereka untuk menganiaya dan menindas hingga ketika Fir‘aun hampir (mati) tenggelam, dia berkata, “Aku percaya bahwa tidak ada tuhan selain (Tuhan) yang telah dipercayai oleh Bani Israil dan aku termasuk orang-orang muslim (yang berserah diri kepada-Nya).”	Bani Israil	http://www.wikidata.org/entity/Q2605404	Person
10	90	Kami jadikan Bani Israil bisa melintasi laut itu (Laut Merah). Lalu, Fir‘aun dan bala tentaranya mengikuti mereka untuk menganiaya dan menindas hingga ketika Fir‘aun hampir (mati) tenggelam, dia berkata, “Aku percaya bahwa tidak ada tuhan selain (Tuhan) yang telah dipercayai oleh Bani Israil dan aku termasuk orang-orang muslim (yang berserah diri kepada-Nya).”	Laut Merah	http://www.wikidata.org/entity/Q23406	GeographicalLocation
10	90	Kami jadikan Bani Israil bisa melintasi laut itu (Laut Merah). Lalu, Fir‘aun dan bala tentaranya mengikuti mereka untuk menganiaya dan menindas hingga ketika Fir‘aun hampir (mati) tenggelam, dia berkata, “Aku percaya bahwa tidak ada tuhan selain (Tuhan) yang telah dipercayai oleh Bani Israil dan aku termasuk orang-orang muslim (yang berserah diri kepada-Nya).”	Fir‘aun	http://www.wikidata.org/entity/Q37110	Person
10	90	Kami jadikan Bani Israil bisa melintasi laut itu (Laut Merah). Lalu, Fir‘aun dan bala tentaranya mengikuti mereka untuk menganiaya dan menindas hingga ketika Fir‘aun hampir (mati) tenggelam, dia berkata, “Aku percaya bahwa tidak ada tuhan selain (Tuhan) yang telah dipercayai oleh Bani Israil dan aku termasuk orang-orang muslim (yang berserah diri kepada-Nya).”	Fir‘aun	http://www.wikidata.org/entity/Q37110	Person
10	90	Kami jadikan Bani Israil bisa melintasi laut itu (Laut Merah). Lalu, Fir‘aun dan bala tentaranya mengikuti mereka untuk menganiaya dan menindas hingga ketika Fir‘aun hampir (mati) tenggelam, dia berkata, “Aku percaya bahwa tidak ada tuhan selain (Tuhan) yang telah dipercayai oleh Bani Israil dan aku termasuk orang-orang muslim (yang berserah diri kepada-Nya).”	Bani Israil	http://www.wikidata.org/entity/Q2605404	Person
10	92	Pada hari ini Kami selamatkan jasadmu agar kamu menjadi pelajaran bagi orang-orang yang datang setelah kamu. Sesungguhnya kebanyakan manusia benar-benar lengah (tidak mengindahkan) tanda-tanda (kekuasaan) Kami.			
10	94	Jika engkau (Nabi Muhammad) berada dalam keraguan tentang apa (kisah nabi-nabi terdahulu) yang Kami turunkan kepadamu, tanyakanlah kepada orang-orang yang membaca kitab sebelum kamu. Sungguh, telah datang kebenaran kepadamu dari Tuhanmu. Maka, janganlah sekali-kali engkau termasuk orang-orang yang ragu.	Muhammad	http://www.wikidata.org/entity/Q9458	Messenger
10	95	Janganlah sekali-kali kamu termasuk orang-orang yang mendustakan ayat-ayat Allah yang menyebabkan kamu tergolong orang-orang yang merugi.	Allah	http://www.wikidata.org/entity/Q2095353	Allah
10	96	Sesungguhnya orang-orang yang telah pasti mendapatkan ketentuan Tuhanmu (menjadi kufur atas pilihan sendiri) itu tidak akan beriman.			
10	97	Meskipun semua tanda-tanda (kebesaran Allah) datang kepada mereka, (mereka tidak juga beriman) hingga mereka menyaksikan azab yang sangat pedih.	Allah	http://www.wikidata.org/entity/Q2095353	Allah
10	99	Seandainya Tuhanmu menghendaki, tentulah semua orang di bumi seluruhnya beriman. Apakah engkau (Nabi Muhammad) akan memaksa manusia hingga mereka menjadi orang-orang mukmin?	bumi	http://www.wikidata.org/entity/Q2	AstronomicalBody
10	99	Seandainya Tuhanmu menghendaki, tentulah semua orang di bumi seluruhnya beriman. Apakah engkau (Nabi Muhammad) akan memaksa manusia hingga mereka menjadi orang-orang mukmin?	Muhammad	http://www.wikidata.org/entity/Q9458	Messenger
10	100	Tidak seorang pun akan beriman, kecuali dengan izin Allah dan Dia menimpakan azab kepada orang-orang yang tidak mau mengerti.	Allah	http://www.wikidata.org/entity/Q2095353	Allah
10	102	Mereka tidak menunggu kecuali seperti hari-hari (kejadian-kejadian) yang sama dengan kejadian-kejadian (yang menimpa) orang-orang terdahulu sebelum mereka. Katakanlah (Nabi Muhammad), “Maka, tunggulah (siksaan Allah)! Sesungguhnya aku pun termasuk orang-orang yang menunggu bersamamu.”	Muhammad	http://www.wikidata.org/entity/Q9458	Messenger
10	102	Mereka tidak menunggu kecuali seperti hari-hari (kejadian-kejadian) yang sama dengan kejadian-kejadian (yang menimpa) orang-orang terdahulu sebelum mereka. Katakanlah (Nabi Muhammad), “Maka, tunggulah (siksaan Allah)! Sesungguhnya aku pun termasuk orang-orang yang menunggu bersamamu.”	Allah	http://www.wikidata.org/entity/Q2095353	Allah
10	103	Kemudian, Kami selamatkan rasul-rasul Kami dan orang-orang yang beriman. Demikianlah menjadi ketentuan Kami untuk menyelamatkan orang-orang mukmin.			
10	104	Katakanlah (Nabi Muhammad), “Wahai manusia, jika kamu masih dalam keragu-raguan tentang agamaku, aku tidak menyembah (apa atau siapa) yang kamu sembah selain Allah, tetapi aku menyembah Allah yang akan mematikan kamu dan aku diperintah supaya aku termasuk orang-orang mukmin.”	Muhammad	http://www.wikidata.org/entity/Q9458	Messenger
10	104	Katakanlah (Nabi Muhammad), “Wahai manusia, jika kamu masih dalam keragu-raguan tentang agamaku, aku tidak menyembah (apa atau siapa) yang kamu sembah selain Allah, tetapi aku menyembah Allah yang akan mematikan kamu dan aku diperintah supaya aku termasuk orang-orang mukmin.”	Allah	http://www.wikidata.org/entity/Q2095353	Allah
10	104	Katakanlah (Nabi Muhammad), “Wahai manusia, jika kamu masih dalam keragu-raguan tentang agamaku, aku tidak menyembah (apa atau siapa) yang kamu sembah selain Allah, tetapi aku menyembah Allah yang akan mematikan kamu dan aku diperintah supaya aku termasuk orang-orang mukmin.”	Allah	http://www.wikidata.org/entity/Q2095353	Allah
10	105	(Aku juga diperintah dengan firman-Nya), “Hadapkanlah wajahmu kepada agama (Islam) dengan lurus dan janganlah sekali-kali engkau termasuk orang-orang musyrik.	Islam	http://www.wikidata.org/entity/Q432	Religion
10	107	Jika Allah menimpakan suatu mudarat kepadamu, tidak ada yang dapat menghilangkannya kecuali Dia dan jika Dia menghendaki kebaikan bagimu, tidak ada yang dapat menolak karunia-Nya. Dia memberikannya (kebaikan itu) kepada siapa yang Dia kehendaki di antara hamba-hamba-Nya. Dialah Yang Maha Pengampun lagi Maha Penyayang.	Allah	http://www.wikidata.org/entity/Q2095353	Allah
10	107	Jika Allah menimpakan suatu mudarat kepadamu, tidak ada yang dapat menghilangkannya kecuali Dia dan jika Dia menghendaki kebaikan bagimu, tidak ada yang dapat menolak karunia-Nya. Dia memberikannya (kebaikan itu) kepada siapa yang Dia kehendaki di antara hamba-hamba-Nya. Dialah Yang Maha Pengampun lagi Maha Penyayang.	Yang Maha Pengampun lagi Maha Penyayang	http://www.wikidata.org/entity/Q2095353	Allah
10	108	Katakanlah (Nabi Muhammad), “Wahai manusia, sungguh telah datang kepadamu kebenaran (Al-Qur’an) dari Tuhanmu. Maka, siapa yang mendapatkan petunjuk, sesungguhnya petunjuknya itu untuk (kebaikan) dirinya sendiri. Siapa yang sesat, sesungguhnya kesesatannya itu (mencelakakan) dirinya sendiri. Aku bukanlah penanggung jawab kamu.”	Muhammad	http://www.wikidata.org/entity/Q9458	Messenger
10	108	Katakanlah (Nabi Muhammad), “Wahai manusia, sungguh telah datang kepadamu kebenaran (Al-Qur’an) dari Tuhanmu. Maka, siapa yang mendapatkan petunjuk, sesungguhnya petunjuknya itu untuk (kebaikan) dirinya sendiri. Siapa yang sesat, sesungguhnya kesesatannya itu (mencelakakan) dirinya sendiri. Aku bukanlah penanggung jawab kamu.”	Al-Qur’an	http://www.wikidata.org/entity/Q428	HolyBook
10	109	Ikutilah apa yang telah diwahyukan kepadamu dan bersabarlah hingga Allah memberi keputusan. Dia adalah pemberi putusan yang terbaik.	Allah	http://www.wikidata.org/entity/Q2095353	Allah
16	1	Ketetapan Allah pasti datang. Maka, janganlah kamu meminta agar dipercepat (kedatangan)-nya. Maha Suci dan Maha Tinggi Dia dari apa yang mereka persekutukan.	Allah	http://www.wikidata.org/entity/Q2095353	Allah
16	2	Dia menurunkan para malaikat membawa wahyu atas perintah-Nya kepada siapa yang Dia kehendaki di antara hamba-hamba-Nya, yaitu (dengan berfirman), “Peringatkanlah (hamba-hamba-Ku) bahwa tidak ada tuhan selain Aku. Maka, bertakwalah kepada-Ku.”			
16	3	Dia menciptakan langit dan bumi dengan hak. Maha Tinggi Dia dari apa yang mereka persekutukan.	langit	http://www.wikidata.org/entity/Q527	AstronomicalBody
16	3	Dia menciptakan langit dan bumi dengan hak. Maha Tinggi Dia dari apa yang mereka persekutukan.	bumi	http://www.wikidata.org/entity/Q2	AstronomicalBody
16	4	Dia telah menciptakan manusia dari mani, lalu ternyata dia menjadi pembantah yang nyata.			
16	6	Kamu memperoleh keindahan padanya ketika kamu membawanya kembali ke kandang dan ketika melepaskannya (ke tempat penggembalaan).			
16	7	Ia mengangkut beban-bebanmu ke suatu negeri yang kamu tidak sanggup mencapainya, kecuali dengan susah payah. Sesungguhnya Tuhanmu Maha Pengasih lagi Maha Penyayang.			
16	8	(Dia telah menciptakan) kuda, bagal, dan keledai untuk kamu tunggangi dan (menjadi) perhiasan. Allah menciptakan apa yang tidak kamu ketahui.	Allah	http://www.wikidata.org/entity/Q2095353	Allah
16	10	Dialah yang telah menurunkan air (hujan) dari langit untuk kamu. Sebagiannya menjadi minuman dan sebagiannya (menyuburkan) tumbuhan yang dengannya kamu menggembalakan ternakmu.	langit	http://www.wikidata.org/entity/Q527	AstronomicalBody
16	11	Dengan (air hujan) itu Dia menumbuhkan untukmu tumbuh-tumbuhan, zaitun, kurma, anggur, dan segala macam buah-buahan. Sesungguhnya pada yang demikian itu benar-benar terdapat tanda (kebesaran Allah) bagi orang yang berpikir.	Allah	http://www.wikidata.org/entity/Q2095353	Allah
16	12	Dia menundukkan malam dan siang, matahari dan bulan untukmu, dan bintang-bintang dikendalikan dengan perintah-Nya. Sesungguhnya pada yang demikian itu benar-benar terdapat tanda-tanda (kebesaran Allah) bagi orang yang mengerti.	matahari	http://www.wikidata.org/entity/Q525	AstronomicalBody
16	12	Dia menundukkan malam dan siang, matahari dan bulan untukmu, dan bintang-bintang dikendalikan dengan perintah-Nya. Sesungguhnya pada yang demikian itu benar-benar terdapat tanda-tanda (kebesaran Allah) bagi orang yang mengerti.	bulan	http://www.wikidata.org/entity/Q405	AstronomicalBody
16	12	Dia menundukkan malam dan siang, matahari dan bulan untukmu, dan bintang-bintang dikendalikan dengan perintah-Nya. Sesungguhnya pada yang demikian itu benar-benar terdapat tanda-tanda (kebesaran Allah) bagi orang yang mengerti.	Allah	http://www.wikidata.org/entity/Q2095353	Allah
16	13	(Dia juga mengendalikan) apa yang Dia ciptakan untukmu di bumi ini dengan berbagai jenis dan macam warnanya. Sesungguhnya pada yang demikian itu benar-benar terdapat tanda (kebesaran Allah) bagi kaum yang mengambil pelajaran.	bumi	http://www.wikidata.org/entity/Q2	AstronomicalBody
16	13	(Dia juga mengendalikan) apa yang Dia ciptakan untukmu di bumi ini dengan berbagai jenis dan macam warnanya. Sesungguhnya pada yang demikian itu benar-benar terdapat tanda (kebesaran Allah) bagi kaum yang mengambil pelajaran.	Allah	http://www.wikidata.org/entity/Q2095353	Allah
16	15	Dia memancangkan gunung-gunung di bumi agar bumi tidak berguncang bersamamu serta (menciptakan) sungai-sungai dan jalan-jalan agar kamu mendapat petunjuk.	bumi	http://www.wikidata.org/entity/Q2	AstronomicalBody
16	15	Dia memancangkan gunung-gunung di bumi agar bumi tidak berguncang bersamamu serta (menciptakan) sungai-sungai dan jalan-jalan agar kamu mendapat petunjuk.	bumi	http://www.wikidata.org/entity/Q2	AstronomicalBody
16	16	(Dia juga menciptakan) tanda-tanda. Dengan bintang-bintang mereka mendapat petunjuk.			
16	17	Maka, apakah (Zat) yang (dapat) menciptakan (sesuatu) sama dengan yang tidak (dapat) menciptakan? Apakah kamu tidak mengambil pelajaran?			
16	20	(Berhala-berhala) yang mereka seru selain Allah tidak dapat menciptakan sesuatu apa pun, bahkan berhala-berhala itu (sendiri) diciptakan (oleh manusia).	Allah	http://www.wikidata.org/entity/Q2095353	Allah
16	21	(Berhala-berhala itu benda) mati, tidak hidup, dan tidak mengetahui kapankah mereka (penyembahnya) dibangkitkan.			
16	22	Tuhanmu adalah Tuhan Yang Maha Esa. Maka, orang-orang yang tidak beriman kepada akhirat hatinya mengingkari (keesaan Allah). Mereka adalah orang-orang yang sombong.	Tuhan Yang Maha Esa	http://www.wikidata.org/entity/Q2095353	Allah
16	22	Tuhanmu adalah Tuhan Yang Maha Esa. Maka, orang-orang yang tidak beriman kepada akhirat hatinya mengingkari (keesaan Allah). Mereka adalah orang-orang yang sombong.	Allah	http://www.wikidata.org/entity/Q2095353	Allah
16	23	Tidak diragukan lagi bahwa Allah mengetahui apa yang mereka rahasiakan dan apa yang mereka tampakkan. Sesungguhnya Dia tidak menyukai orang-orang yang sombong.	Allah	http://www.wikidata.org/entity/Q2095353	Allah
16	25	(Ucapan mereka) menyebabkan mereka pada hari Kiamat memikul dosa-dosanya sendiri secara utuh dan sebagian dosa orang-orang yang mereka sesatkan yang tidak mengetahui (bahwa mereka disesatkan). Ingatlah, alangkah buruknya (dosa) yang mereka pikul.	hari Kiamat	http://www.wikidata.org/entity/Q12200906	Event
16	26	Sungguh, orang-orang sebelum mereka telah mengadakan tipu daya. Maka, Allah menghancurkan rumah-rumah mereka mulai dari fondasinya, lalu atapnya jatuh menimpa mereka dari atas. Azab itu datang kepada mereka dari arah yang tidak mereka sadari.	Allah	http://www.wikidata.org/entity/Q2095353	Allah
16	27	Pada hari Kiamat Dia kemudian menghinakan mereka dan berfirman, “Di manakah sekutu-sekutu-Ku itu (yang karena membelanya) kamu selalu memusuhi mereka (nabi-nabi dan orang yang beriman)?” Orang-orang yang dianugerahi ilmu berkata, “Sesungguhnya kehinaan dan azab pada hari ini ditimpakan kepada orang-orang kafir.	hari Kiamat	http://www.wikidata.org/entity/Q12200906	Event
16	28	(yaitu) orang yang dicabut nyawanya oleh malaikat dalam keadaan (berbuat) zalim kepada diri sendiri, lalu mereka menyerahkan diri (sambil berkata), “Kami tidak pernah mengerjakan suatu kejahatan pun.” (Malaikat menjawab,) “Pernah! Sesungguhnya Allah Maha Mengetahui apa yang telah kamu kerjakan.”	Allah	http://www.wikidata.org/entity/Q2095353	Allah
16	30	Kemudian, dikatakan kepada orang yang bertakwa, “Apa yang telah Tuhanmu turunkan?” Mereka menjawab, “Kebaikan.” Orang-orang yang berbuat baik di dunia ini mendapat (balasan) yang baik. Sungguh, negeri akhirat pasti lebih baik. Itulah sebaik-baik tempat (bagi) orang-orang yang bertakwa,			
16	31	(yaitu) surga-surga ‘Adn yang mereka masuki. Sungai-sungai mengalir di bawahnya. Di dalam (surga) itu mereka mendapat segala yang mereka inginkan. Demikianlah Allah memberi balasan kepada orang-orang yang bertakwa.	‘Adn	http://www.wikidata.org/entity/Q19014	AfterlifeLocation
16	31	(yaitu) surga-surga ‘Adn yang mereka masuki. Sungai-sungai mengalir di bawahnya. Di dalam (surga) itu mereka mendapat segala yang mereka inginkan. Demikianlah Allah memberi balasan kepada orang-orang yang bertakwa.	Allah	http://www.wikidata.org/entity/Q2095353	Allah
16	32	(Yaitu) orang-orang yang diwafatkan oleh malaikat dalam keadaan baik. Mereka (para malaikat) mengatakan, “Salāmun ‘alaikum (semoga keselamatan tercurah kepadamu). Masuklah ke dalam surga karena apa yang telah kamu kerjakan.”			
16	33	Adakah yang mereka (orang kafir) tunggu selain kedatangan para malaikat kepadanya atau perintah Tuhanmu? Demikianlah orang-orang (kafir) sebelumnya berbuat. Allah tidak menzalimi mereka, justru merekalah yang (selalu) menzalimi diri mereka sendiri.	Allah	http://www.wikidata.org/entity/Q2095353	Allah
16	35	Orang-orang yang musyrik berkata, “Seandainya Allah menghendaki, niscaya kami dan nenek moyang kami tidak akan menyembah sesuatu apa pun selain-Nya dan tidak (pula) mengharamkan sesuatu pun tanpa (ketetapan)-Nya.” Demikianlah orang-orang (kafir) sebelumnya berbuat. Bukankah kewajiban para rasul hanya menyampaikan (amanat Allah) dengan jelas?	Allah	http://www.wikidata.org/entity/Q2095353	Allah
16	35	Orang-orang yang musyrik berkata, “Seandainya Allah menghendaki, niscaya kami dan nenek moyang kami tidak akan menyembah sesuatu apa pun selain-Nya dan tidak (pula) mengharamkan sesuatu pun tanpa (ketetapan)-Nya.” Demikianlah orang-orang (kafir) sebelumnya berbuat. Bukankah kewajiban para rasul hanya menyampaikan (amanat Allah) dengan jelas?	Allah	http://www.wikidata.org/entity/Q2095353	Allah
16	36	Sungguh, Kami telah mengutus seorang rasul untuk setiap umat (untuk menyerukan), “Sembahlah Allah dan jauhilah tagut!” Di antara mereka ada yang diberi petunjuk oleh Allah dan ada pula yang ditetapkan dalam kesesatan. Maka, berjalanlah kamu di bumi dan perhatikanlah bagaimana kesudahan orang yang mendustakan (rasul-rasul).	Allah	http://www.wikidata.org/entity/Q2095353	Allah
16	36	Sungguh, Kami telah mengutus seorang rasul untuk setiap umat (untuk menyerukan), “Sembahlah Allah dan jauhilah tagut!” Di antara mereka ada yang diberi petunjuk oleh Allah dan ada pula yang ditetapkan dalam kesesatan. Maka, berjalanlah kamu di bumi dan perhatikanlah bagaimana kesudahan orang yang mendustakan (rasul-rasul).	Allah	http://www.wikidata.org/entity/Q2095353	Allah
16	36	Sungguh, Kami telah mengutus seorang rasul untuk setiap umat (untuk menyerukan), “Sembahlah Allah dan jauhilah tagut!” Di antara mereka ada yang diberi petunjuk oleh Allah dan ada pula yang ditetapkan dalam kesesatan. Maka, berjalanlah kamu di bumi dan perhatikanlah bagaimana kesudahan orang yang mendustakan (rasul-rasul).	bumi	http://www.wikidata.org/entity/Q2	AstronomicalBody
16	37	Jika engkau (Nabi Muhammad) berusaha keras untuk memberi mereka petunjuk, maka sesungguhnya Allah tidak akan memberi petunjuk kepada orang yang telah Dia sesatkan dan mereka tidak mempunyai penolong.	Muhammad	http://www.wikidata.org/entity/Q9458	Messenger
16	37	Jika engkau (Nabi Muhammad) berusaha keras untuk memberi mereka petunjuk, maka sesungguhnya Allah tidak akan memberi petunjuk kepada orang yang telah Dia sesatkan dan mereka tidak mempunyai penolong.	Allah	http://www.wikidata.org/entity/Q2095353	Allah
16	38	Mereka sungguh-sungguh bersumpah dengan (nama) Allah, “Allah tidak akan membangkitkan orang yang mati.” Bukan demikian (justru Allah pasti akan membangkitkannya). (Yang demikian ini) adalah janji yang pasti Dia penuhi, tetapi kebanyakan manusia tidak mengetahui,	Allah	http://www.wikidata.org/entity/Q2095353	Allah
16	38	Mereka sungguh-sungguh bersumpah dengan (nama) Allah, “Allah tidak akan membangkitkan orang yang mati.” Bukan demikian (justru Allah pasti akan membangkitkannya). (Yang demikian ini) adalah janji yang pasti Dia penuhi, tetapi kebanyakan manusia tidak mengetahui,	Allah	http://www.wikidata.org/entity/Q2095353	Allah
16	38	Mereka sungguh-sungguh bersumpah dengan (nama) Allah, “Allah tidak akan membangkitkan orang yang mati.” Bukan demikian (justru Allah pasti akan membangkitkannya). (Yang demikian ini) adalah janji yang pasti Dia penuhi, tetapi kebanyakan manusia tidak mengetahui,	Allah	http://www.wikidata.org/entity/Q2095353	Allah
16	39	supaya Dia menjelaskan kepada mereka apa yang mereka perselisihkan, dan supaya orang-orang yang kufur mengetahui bahwa mereka adalah para pendusta.			
16	40	Sesungguhnya firman Kami terhadap sesuatu apabila Kami menghendakinya, hanya (dengan) berfirman kepadanya, “Jadilah!” Maka, jadilah sesuatu itu.			
16	41	Orang yang berhijrah karena Allah setelah mereka dizalimi, pasti Kami akan memberikan tempat yang baik kepada mereka di dunia. Pahala di akhirat pasti lebih besar, sekiranya mereka mengetahui,	Allah	http://www.wikidata.org/entity/Q2095353	Allah
16	42	(yaitu) orang-orang yang sabar dan hanya kepada Tuhan mereka bertawakal.			
16	43	Kami tidak mengutus sebelum engkau (Nabi Muhammad), melainkan laki-laki yang Kami beri wahyu kepadanya. Maka, bertanyalah kepada orang-orang yang mempunyai pengetahuan jika kamu tidak mengetahui.	Muhammad	http://www.wikidata.org/entity/Q9458	Messenger
16	45	Apakah orang-orang yang membuat tipu daya yang jahat itu merasa aman (dari bencana) dibenamkannya bumi oleh Allah bersama mereka atau (terhadap) datangnya siksa kepada mereka dari arah yang tidak mereka sadari.	bumi	http://www.wikidata.org/entity/Q2	AstronomicalBody
16	45	Apakah orang-orang yang membuat tipu daya yang jahat itu merasa aman (dari bencana) dibenamkannya bumi oleh Allah bersama mereka atau (terhadap) datangnya siksa kepada mereka dari arah yang tidak mereka sadari.	Allah	http://www.wikidata.org/entity/Q2095353	Allah
16	46	Atau, Allah mengazab mereka pada waktu mereka dalam perjalanan sehingga mereka tidak berdaya menolak (azab itu).	Allah	http://www.wikidata.org/entity/Q2095353	Allah
16	47	Atau, Allah mengazab mereka dengan kekurangan (secara berangsur-angsur sampai binasa). Sesungguhnya Tuhanmu Maha Pengasih lagi Maha Penyayang.	Allah	http://www.wikidata.org/entity/Q2095353	Allah
16	48	Apakah mereka tidak memperhatikan segala sesuatu yang diciptakan Allah, bayang-bayangnya berbolak-balik ke kanan dan ke kiri (dalam keadaan) sujud kepada Allah, sedangkan mereka rendah hati.	Allah	http://www.wikidata.org/entity/Q2095353	Allah
16	48	Apakah mereka tidak memperhatikan segala sesuatu yang diciptakan Allah, bayang-bayangnya berbolak-balik ke kanan dan ke kiri (dalam keadaan) sujud kepada Allah, sedangkan mereka rendah hati.	Allah	http://www.wikidata.org/entity/Q2095353	Allah
16	49	Hanya kepada Allah bersujud segala apa yang ada di langit dan apa yang ada di bumi, yaitu semua makhluk yang bergerak (bernyawa). Para malaikat (juga bersujud) dan mereka tidak menyombongkan diri.	Allah	http://www.wikidata.org/entity/Q2095353	Allah
16	49	Hanya kepada Allah bersujud segala apa yang ada di langit dan apa yang ada di bumi, yaitu semua makhluk yang bergerak (bernyawa). Para malaikat (juga bersujud) dan mereka tidak menyombongkan diri.	langit	http://www.wikidata.org/entity/Q527	AstronomicalBody
16	49	Hanya kepada Allah bersujud segala apa yang ada di langit dan apa yang ada di bumi, yaitu semua makhluk yang bergerak (bernyawa). Para malaikat (juga bersujud) dan mereka tidak menyombongkan diri.	bumi	http://www.wikidata.org/entity/Q2	AstronomicalBody
16	51	Allah berfirman, “Janganlah kamu menyembah dua tuhan. Sesungguhnya hanya Dialah Tuhan Yang Maha Esa. Maka, hendaklah kepada-Ku saja kamu takut.”	Allah	http://www.wikidata.org/entity/Q2095353	Allah
16	51	Allah berfirman, “Janganlah kamu menyembah dua tuhan. Sesungguhnya hanya Dialah Tuhan Yang Maha Esa. Maka, hendaklah kepada-Ku saja kamu takut.”	Tuhan Yang Maha Esa	http://www.wikidata.org/entity/Q2095353	Allah
16	52	Hanya milik-Nya segala apa yang ada di langit dan di bumi serta hanya kepada-Nya ketaatan selama-lamanya. Mengapa kepada selain Allah kamu bertakwa?	langit	http://www.wikidata.org/entity/Q527	AstronomicalBody
16	52	Hanya milik-Nya segala apa yang ada di langit dan di bumi serta hanya kepada-Nya ketaatan selama-lamanya. Mengapa kepada selain Allah kamu bertakwa?	bumi	http://www.wikidata.org/entity/Q2	AstronomicalBody
16	52	Hanya milik-Nya segala apa yang ada di langit dan di bumi serta hanya kepada-Nya ketaatan selama-lamanya. Mengapa kepada selain Allah kamu bertakwa?	Allah	http://www.wikidata.org/entity/Q2095353	Allah
16	53	Segala nikmat yang ada padamu (datangnya) dari Allah. Kemudian, apabila kamu ditimpa kemudaratan, kepada-Nyalah kamu meminta pertolongan.	Allah	http://www.wikidata.org/entity/Q2095353	Allah
16	54	Kemudian, apabila Dia telah menghilangkan kemudaratan darimu, tiba-tiba segolongan dari kamu mempersekutukan Tuhan mereka (dengan yang lain).			
16	57	Mereka menetapkan bagi Allah anak-anak perempuan; Maha Suci Dia, sedangkan untuk mereka sendiri apa yang mereka sukai (anak-anak laki-laki).	Allah	http://www.wikidata.org/entity/Q2095353	Allah
16	58	(Padahal,) apabila salah seorang dari mereka diberi kabar tentang (kelahiran) anak perempuan, wajahnya menjadi hitam (merah padam) dan dia sangat marah (sedih dan malu).	hitam	http://www.wikidata.org/entity/Q23445	Color
16	59	Dia bersembunyi dari orang banyak karena kabar buruk yang disampaikan kepadanya. Apakah dia akan memeliharanya dengan (menanggung) kehinaan atau akan membenamkannya ke dalam tanah (hidup-hidup)? Ingatlah, alangkah buruk (putusan) yang mereka tetapkan itu!			
16	62	Mereka menetapkan bagi Allah apa yang mereka sendiri membencinya dan lidah mereka mengucapkan kebohongan bahwa sesungguhnya bagi merekalah (balasan) yang terbaik (surga). Tidak diragukan bahwa nerakalah (tempat yang layak) bagi mereka dan sesungguhnya mereka segera akan dimasukkan (ke dalamnya).	Allah	http://www.wikidata.org/entity/Q2095353	Allah
16	65	Allah menurunkan air (hujan) dari langit dan dengannya (air itu) Allah menghidupkan bumi sesudah mati (kering)-nya. Sesungguhnya pada yang demikian itu benar-benar terdapat tanda (kebesaran Allah) bagi kaum yang mendengarkan (pelajaran dengan perhatian dan penghayatan).	Allah	http://www.wikidata.org/entity/Q2095353	Allah
16	65	Allah menurunkan air (hujan) dari langit dan dengannya (air itu) Allah menghidupkan bumi sesudah mati (kering)-nya. Sesungguhnya pada yang demikian itu benar-benar terdapat tanda (kebesaran Allah) bagi kaum yang mendengarkan (pelajaran dengan perhatian dan penghayatan).	langit	http://www.wikidata.org/entity/Q527	AstronomicalBody
16	65	Allah menurunkan air (hujan) dari langit dan dengannya (air itu) Allah menghidupkan bumi sesudah mati (kering)-nya. Sesungguhnya pada yang demikian itu benar-benar terdapat tanda (kebesaran Allah) bagi kaum yang mendengarkan (pelajaran dengan perhatian dan penghayatan).	Allah	http://www.wikidata.org/entity/Q2095353	Allah
16	65	Allah menurunkan air (hujan) dari langit dan dengannya (air itu) Allah menghidupkan bumi sesudah mati (kering)-nya. Sesungguhnya pada yang demikian itu benar-benar terdapat tanda (kebesaran Allah) bagi kaum yang mendengarkan (pelajaran dengan perhatian dan penghayatan).	bumi	http://www.wikidata.org/entity/Q2	AstronomicalBody
16	65	Allah menurunkan air (hujan) dari langit dan dengannya (air itu) Allah menghidupkan bumi sesudah mati (kering)-nya. Sesungguhnya pada yang demikian itu benar-benar terdapat tanda (kebesaran Allah) bagi kaum yang mendengarkan (pelajaran dengan perhatian dan penghayatan).	Allah	http://www.wikidata.org/entity/Q2095353	Allah
16	66	Sesungguhnya pada hewan ternak itu benar-benar terdapat pelajaran bagi kamu. Kami memberi kamu minum dari sebagian apa yang ada dalam perutnya, dari antara kotoran dan darah (berupa) susu murni yang mudah ditelan oleh orang-orang yang meminumnya.			
16	67	Dari buah kurma dan anggur, kamu membuat minuman yang memabukkan dan rezeki yang baik. Sesungguhnya pada yang demikian itu benar-benar terdapat tanda (kebesaran Allah) bagi kaum yang mengerti.	Allah	http://www.wikidata.org/entity/Q2095353	Allah
16	68	Tuhanmu mengilhamkan kepada lebah, “Buatlah sarang-sarang di pegunungan, pepohonan, dan bangunan yang dibuat oleh manusia.			
16	69	Kemudian, makanlah (wahai lebah) dari segala (macam) buah-buahan lalu tempuhlah jalan-jalan Tuhanmu yang telah dimudahkan (bagimu).” Dari perutnya itu keluar minuman (madu) yang beraneka warnanya. Di dalamnya terdapat obat bagi manusia. Sesungguhnya pada yang demikian itu benar-benar terdapat tanda (kebesaran Allah) bagi kaum yang berpikir.	Allah	http://www.wikidata.org/entity/Q2095353	Allah
16	71	Allah melebihkan sebagian kamu atas sebagian yang lain dalam hal rezeki. Akan tetapi, orang-orang yang dilebihkan (rezekinya itu) tidak mau memberikan rezekinya kepada para hamba sahaya yang mereka miliki sehingga mereka sama-sama (merasakan) rezeki itu. Mengapa terhadap nikmat Allah mereka ingkar?	Allah	http://www.wikidata.org/entity/Q2095353	Allah
16	71	Allah melebihkan sebagian kamu atas sebagian yang lain dalam hal rezeki. Akan tetapi, orang-orang yang dilebihkan (rezekinya itu) tidak mau memberikan rezekinya kepada para hamba sahaya yang mereka miliki sehingga mereka sama-sama (merasakan) rezeki itu. Mengapa terhadap nikmat Allah mereka ingkar?	Allah	http://www.wikidata.org/entity/Q2095353	Allah
16	72	Allah menjadikan bagimu pasangan (suami atau istri) dari jenis kamu sendiri, menjadikan bagimu dari pasanganmu anak-anak dan cucu-cucu, serta menganugerahi kamu rezeki yang baik-baik. Mengapa terhadap yang batil mereka beriman, sedangkan terhadap nikmat Allah mereka ingkar?	Allah	http://www.wikidata.org/entity/Q2095353	Allah
16	72	Allah menjadikan bagimu pasangan (suami atau istri) dari jenis kamu sendiri, menjadikan bagimu dari pasanganmu anak-anak dan cucu-cucu, serta menganugerahi kamu rezeki yang baik-baik. Mengapa terhadap yang batil mereka beriman, sedangkan terhadap nikmat Allah mereka ingkar?	Allah	http://www.wikidata.org/entity/Q2095353	Allah
16	75	Allah membuat perumpamaan seorang hamba sahaya di bawah kekuasaan orang lain, yang tidak berdaya berbuat sesuatu, dengan seorang yang Kami anugerahi rezeki yang baik dari Kami. Lalu, dia menginfakkan sebagian rezeki itu secara sembunyi-sembunyi dan secara terang-terangan. Apakah mereka itu sama? Segala puji bagi Allah, tetapi kebanyakan mereka tidak mengetahui.	Allah	http://www.wikidata.org/entity/Q2095353	Allah
16	75	Allah membuat perumpamaan seorang hamba sahaya di bawah kekuasaan orang lain, yang tidak berdaya berbuat sesuatu, dengan seorang yang Kami anugerahi rezeki yang baik dari Kami. Lalu, dia menginfakkan sebagian rezeki itu secara sembunyi-sembunyi dan secara terang-terangan. Apakah mereka itu sama? Segala puji bagi Allah, tetapi kebanyakan mereka tidak mengetahui.	Allah	http://www.wikidata.org/entity/Q2095353	Allah
16	76	Allah (juga) membuat perumpamaan dua orang laki-laki, yang seorang bisu tidak dapat berbuat sesuatu sehingga dia menjadi beban penanggungnya. Ke mana saja disuruh (oleh penanggungnya itu), dia sama sekali tidak dapat mendatangkan suatu kebaikan. Apakah sama orang itu dengan orang yang menyuruh berbuat adil dan dia berada di jalan yang lurus?	Allah	http://www.wikidata.org/entity/Q2095353	Allah
16	77	Milik Allah (segala) yang tersembunyi di langit dan di bumi. Urusan kejadian Kiamat itu hanya seperti sekejap mata atau lebih cepat (lagi). Sesungguhnya Allah Maha Kuasa atas segala sesuatu.	Allah	http://www.wikidata.org/entity/Q2095353	Allah
16	77	Milik Allah (segala) yang tersembunyi di langit dan di bumi. Urusan kejadian Kiamat itu hanya seperti sekejap mata atau lebih cepat (lagi). Sesungguhnya Allah Maha Kuasa atas segala sesuatu.	langit	http://www.wikidata.org/entity/Q527	AstronomicalBody
16	77	Milik Allah (segala) yang tersembunyi di langit dan di bumi. Urusan kejadian Kiamat itu hanya seperti sekejap mata atau lebih cepat (lagi). Sesungguhnya Allah Maha Kuasa atas segala sesuatu.	bumi	http://www.wikidata.org/entity/Q2	AstronomicalBody
16	77	Milik Allah (segala) yang tersembunyi di langit dan di bumi. Urusan kejadian Kiamat itu hanya seperti sekejap mata atau lebih cepat (lagi). Sesungguhnya Allah Maha Kuasa atas segala sesuatu.	Kiamat	http://www.wikidata.org/entity/Q12200906	Event
16	77	Milik Allah (segala) yang tersembunyi di langit dan di bumi. Urusan kejadian Kiamat itu hanya seperti sekejap mata atau lebih cepat (lagi). Sesungguhnya Allah Maha Kuasa atas segala sesuatu.	Allah	http://www.wikidata.org/entity/Q2095353	Allah
16	78	Allah mengeluarkan kamu dari perut ibumu dalam keadaan tidak mengetahui sesuatu pun dan Dia menjadikan bagi kamu pendengaran, penglihatan, dan hati nurani agar kamu bersyukur.	Allah	http://www.wikidata.org/entity/Q2095353	Allah
16	79	Tidakkah mereka memperhatikan burung-burung yang dapat terbang di angkasa dengan mudah. Tidak ada yang menahannya selain Allah. Sesungguhnya pada yang demikian itu benar-benar terdapat tanda-tanda (kebesaran Allah) bagi kaum yang beriman.	Allah	http://www.wikidata.org/entity/Q2095353	Allah
16	79	Tidakkah mereka memperhatikan burung-burung yang dapat terbang di angkasa dengan mudah. Tidak ada yang menahannya selain Allah. Sesungguhnya pada yang demikian itu benar-benar terdapat tanda-tanda (kebesaran Allah) bagi kaum yang beriman.	Allah	http://www.wikidata.org/entity/Q2095353	Allah
16	80	Allah menjadikan bagimu rumah sebagai tempat tinggal dan Dia menjadikan bagimu dari kulit binatang ternak (sebagai) rumah (kemah) yang kamu merasa ringan (membawa)-nya pada waktu kamu bepergian dan bermukim. (Dijadikan-Nya pula) dari bulu domba, bulu unta, dan bulu kambing peralatan rumah tangga serta kesenangan sampai waktu (tertentu).	Allah	http://www.wikidata.org/entity/Q2095353	Allah
16	81	Allah menjadikan tempat bernaung bagi kamu dari apa yang telah Dia ciptakan. Dia menjadikan bagi kamu tempat-tempat tertutup (gua dan lorong-lorong sebagai tempat tinggal) di gunung-gunung. Dia menjadikan pakaian bagimu untuk melindungimu dari panas dan pakaian (baju besi) untuk melindungimu dalam peperangan. Demikian Allah menyempurnakan nikmat-Nya kepadamu agar kamu berserah diri (kepada-Nya).	Allah	http://www.wikidata.org/entity/Q2095353	Allah
16	81	Allah menjadikan tempat bernaung bagi kamu dari apa yang telah Dia ciptakan. Dia menjadikan bagi kamu tempat-tempat tertutup (gua dan lorong-lorong sebagai tempat tinggal) di gunung-gunung. Dia menjadikan pakaian bagimu untuk melindungimu dari panas dan pakaian (baju besi) untuk melindungimu dalam peperangan. Demikian Allah menyempurnakan nikmat-Nya kepadamu agar kamu berserah diri (kepada-Nya).	Allah	http://www.wikidata.org/entity/Q2095353	Allah
16	82	Jika mereka (kaum musyrik) berpaling, sesungguhnya kewajibanmu (Nabi Muhammad) hanyalah (melakukan) penyampaian yang jelas.	Muhammad	http://www.wikidata.org/entity/Q9458	Messenger
16	83	Mereka mengetahui nikmat Allah, kemudian mengingkarinya dan kebanyakan mereka adalah orang-orang kafir.	Allah	http://www.wikidata.org/entity/Q2095353	Allah
16	86	Apabila orang-orang yang mempersekutukan (Allah) melihat sekutu-sekutu mereka, mereka berkata, “Wahai Tuhan kami, mereka inilah sekutu-sekutu kami yang dahulu kami sembah selain Engkau.” Lalu sekutu-sekutu mereka melontarkan ucapan kepada mereka, “Sesungguhnya kamu benar-benar para pendusta.”	Allah	http://www.wikidata.org/entity/Q2095353	Allah
16	87	Pada hari itu mereka menyatakan tunduk kepada Allah dan lenyaplah dari mereka apa yang selalu mereka ada-adakan.	Allah	http://www.wikidata.org/entity/Q2095353	Allah
16	88	Orang-orang yang kufur dan menghalangi (manusia) dari jalan Allah, Kami tambahkan kepada mereka siksaan demi siksaan karena mereka selalu berbuat kerusakan.	Allah	http://www.wikidata.org/entity/Q2095353	Allah
16	89	(Ingatlah) hari (ketika) Kami menghadirkan seorang saksi (rasul) kepada setiap umat dari (kalangan) mereka sendiri dan Kami mendatangkan engkau (Nabi Muhammad) menjadi saksi atas mereka. Kami turunkan Kitab (Al-Qur’an) kepadamu untuk menjelaskan segala sesuatu sebagai petunjuk, rahmat, dan kabar gembira bagi orang-orang muslim.	Muhammad	http://www.wikidata.org/entity/Q9458	Messenger
16	89	(Ingatlah) hari (ketika) Kami menghadirkan seorang saksi (rasul) kepada setiap umat dari (kalangan) mereka sendiri dan Kami mendatangkan engkau (Nabi Muhammad) menjadi saksi atas mereka. Kami turunkan Kitab (Al-Qur’an) kepadamu untuk menjelaskan segala sesuatu sebagai petunjuk, rahmat, dan kabar gembira bagi orang-orang muslim.	Al-Qur’an	http://www.wikidata.org/entity/Q428	HolyBook
16	90	Sesungguhnya Allah menyuruh berlaku adil, berbuat kebajikan, dan memberikan bantuan kepada kerabat. Dia (juga) melarang perbuatan keji, kemungkaran, dan permusuhan. Dia memberi pelajaran kepadamu agar kamu selalu ingat.	Allah	http://www.wikidata.org/entity/Q2095353	Allah
16	91	Tepatilah janji dengan Allah apabila kamu berjanji. Janganlah kamu melanggar sumpah(-mu) setelah meneguhkannya, sedangkan kamu telah menjadikan Allah sebagai saksimu (terhadap sumpah itu). Sesungguhnya Allah mengetahui apa yang kamu kerjakan.	Allah	http://www.wikidata.org/entity/Q2095353	Allah
16	91	Tepatilah janji dengan Allah apabila kamu berjanji. Janganlah kamu melanggar sumpah(-mu) setelah meneguhkannya, sedangkan kamu telah menjadikan Allah sebagai saksimu (terhadap sumpah itu). Sesungguhnya Allah mengetahui apa yang kamu kerjakan.	Allah	http://www.wikidata.org/entity/Q2095353	Allah
16	91	Tepatilah janji dengan Allah apabila kamu berjanji. Janganlah kamu melanggar sumpah(-mu) setelah meneguhkannya, sedangkan kamu telah menjadikan Allah sebagai saksimu (terhadap sumpah itu). Sesungguhnya Allah mengetahui apa yang kamu kerjakan.	Allah	http://www.wikidata.org/entity/Q2095353	Allah
16	92	Janganlah kamu seperti seorang perempuan yang menguraikan tenunannya yang sudah dipintal dengan kuat menjadi cerai-berai kembali. Kamu menjadikan sumpahmu sebagai alat penipu di antaramu karena ada (kecenderungan memihak kepada) satu golongan yang lebih banyak kelebihannya (jumlah, harta, kekuatan, pengaruh, dan sebagainya) daripada golongan yang lain. Sesungguhnya Allah hanya menguji kamu dengan hal itu dan pasti pada hari Kiamat Allah akan menjelaskan kepadamu apa yang selalu kamu perselisihkan.	Allah	http://www.wikidata.org/entity/Q2095353	Allah
16	92	Janganlah kamu seperti seorang perempuan yang menguraikan tenunannya yang sudah dipintal dengan kuat menjadi cerai-berai kembali. Kamu menjadikan sumpahmu sebagai alat penipu di antaramu karena ada (kecenderungan memihak kepada) satu golongan yang lebih banyak kelebihannya (jumlah, harta, kekuatan, pengaruh, dan sebagainya) daripada golongan yang lain. Sesungguhnya Allah hanya menguji kamu dengan hal itu dan pasti pada hari Kiamat Allah akan menjelaskan kepadamu apa yang selalu kamu perselisihkan.	hari Kiamat	http://www.wikidata.org/entity/Q12200906	Event
16	92	Janganlah kamu seperti seorang perempuan yang menguraikan tenunannya yang sudah dipintal dengan kuat menjadi cerai-berai kembali. Kamu menjadikan sumpahmu sebagai alat penipu di antaramu karena ada (kecenderungan memihak kepada) satu golongan yang lebih banyak kelebihannya (jumlah, harta, kekuatan, pengaruh, dan sebagainya) daripada golongan yang lain. Sesungguhnya Allah hanya menguji kamu dengan hal itu dan pasti pada hari Kiamat Allah akan menjelaskan kepadamu apa yang selalu kamu perselisihkan.	Allah	http://www.wikidata.org/entity/Q2095353	Allah
16	93	Seandainya Allah berkehendak, niscaya Dia menjadikanmu satu umat (saja). Akan tetapi, Dia menyesatkan siapa yang Dia kehendaki dan memberi petunjuk kepada siapa yang Dia kehendaki (berdasarkan kesiapannya untuk menerima petunjuk). Kamu pasti akan ditanya tentang apa yang kamu kerjakan.	Allah	http://www.wikidata.org/entity/Q2095353	Allah
16	94	Janganlah kamu jadikan sumpah-sumpahmu sebagai alat penipu di antara kamu, yang menyebabkan kakimu tergelincir setelah kukuh tegaknya dan kamu akan merasakan keburukan karena kamu menghalangi (manusia) dari jalan Allah dan bagi kamu azab yang besar.	Allah	http://www.wikidata.org/entity/Q2095353	Allah
16	95	Janganlah kamu jual perjanjian (dengan) Allah dengan harga murah. Sesungguhnya apa yang ada di sisi Allah itulah yang lebih baik bagimu jika kamu mengetahui.	Allah	http://www.wikidata.org/entity/Q2095353	Allah
16	95	Janganlah kamu jual perjanjian (dengan) Allah dengan harga murah. Sesungguhnya apa yang ada di sisi Allah itulah yang lebih baik bagimu jika kamu mengetahui.	Allah	http://www.wikidata.org/entity/Q2095353	Allah
16	96	Apa yang ada di sisimu akan lenyap dan apa yang ada di sisi Allah adalah kekal. Kami pasti akan memberi balasan kepada orang-orang yang sabar dengan pahala yang lebih baik daripada apa yang selalu mereka kerjakan.	Allah	http://www.wikidata.org/entity/Q2095353	Allah
16	97	Siapa yang mengerjakan kebajikan, baik laki-laki maupun perempuan, sedangkan dia seorang mukmin, sungguh, Kami pasti akan berikan kepadanya kehidupan yang baik dan akan Kami beri balasan dengan pahala yang lebih baik daripada apa yang selalu mereka kerjakan.			
16	98	Apabila engkau hendak membaca Al-Qur’an, mohonlah pelindungan kepada Allah dari setan yang terkutuk.	Al-Qur’an	http://www.wikidata.org/entity/Q428	HolyBook
16	98	Apabila engkau hendak membaca Al-Qur’an, mohonlah pelindungan kepada Allah dari setan yang terkutuk.	Allah	http://www.wikidata.org/entity/Q2095353	Allah
16	99	Sesungguhnya ia (setan) tidak memiliki pengaruh terhadap orang-orang yang beriman dan bertawakal hanya kepada Tuhan mereka.			
16	100	Pengaruhnya hanyalah terhadap orang-orang yang menjadikannya pemimpin dan orang-orang yang menjadi musyrik karena (tipu daya)-nya.			
16	102	Katakanlah (Nabi Muhammad), “Ruhulkudus (Jibril) menurunkannya (Al-Qur’an) dari Tuhanmu dengan hak untuk meneguhkan (hati) orang-orang yang telah beriman dan menjadi petunjuk serta kabar gembira bagi orang-orang muslim (yang berserah diri kepada Allah).”	Muhammad	http://www.wikidata.org/entity/Q9458	Messenger
16	102	Katakanlah (Nabi Muhammad), “Ruhulkudus (Jibril) menurunkannya (Al-Qur’an) dari Tuhanmu dengan hak untuk meneguhkan (hati) orang-orang yang telah beriman dan menjadi petunjuk serta kabar gembira bagi orang-orang muslim (yang berserah diri kepada Allah).”	Ruhulkudus	http://www.wikidata.org/entity/Q3467762	Angel
16	102	Katakanlah (Nabi Muhammad), “Ruhulkudus (Jibril) menurunkannya (Al-Qur’an) dari Tuhanmu dengan hak untuk meneguhkan (hati) orang-orang yang telah beriman dan menjadi petunjuk serta kabar gembira bagi orang-orang muslim (yang berserah diri kepada Allah).”	Jibril	http://www.wikidata.org/entity/Q3467762	Angel
16	102	Katakanlah (Nabi Muhammad), “Ruhulkudus (Jibril) menurunkannya (Al-Qur’an) dari Tuhanmu dengan hak untuk meneguhkan (hati) orang-orang yang telah beriman dan menjadi petunjuk serta kabar gembira bagi orang-orang muslim (yang berserah diri kepada Allah).”	Al-Qur’an	http://www.wikidata.org/entity/Q428	HolyBook
16	102	Katakanlah (Nabi Muhammad), “Ruhulkudus (Jibril) menurunkannya (Al-Qur’an) dari Tuhanmu dengan hak untuk meneguhkan (hati) orang-orang yang telah beriman dan menjadi petunjuk serta kabar gembira bagi orang-orang muslim (yang berserah diri kepada Allah).”	Allah	http://www.wikidata.org/entity/Q2095353	Allah
16	103	Sungguh, Kami benar-benar mengetahui bahwa mereka berkata, “Sesungguhnya ia (Al-Qur’an) hanyalah diajarkan kepadanya (Nabi Muhammad) oleh seorang manusia.” Bahasa orang yang mereka tuduh (bahwa Nabi Muhammad belajar kepadanya) adalah bahasa ajam (bukan bahasa Arab). Padahal, ini (Al-Qur’an) adalah bahasa Arab yang jelas.	Al-Qur’an	http://www.wikidata.org/entity/Q428	HolyBook
16	103	Sungguh, Kami benar-benar mengetahui bahwa mereka berkata, “Sesungguhnya ia (Al-Qur’an) hanyalah diajarkan kepadanya (Nabi Muhammad) oleh seorang manusia.” Bahasa orang yang mereka tuduh (bahwa Nabi Muhammad belajar kepadanya) adalah bahasa ajam (bukan bahasa Arab). Padahal, ini (Al-Qur’an) adalah bahasa Arab yang jelas.	Muhammad	http://www.wikidata.org/entity/Q9458	Messenger
16	103	Sungguh, Kami benar-benar mengetahui bahwa mereka berkata, “Sesungguhnya ia (Al-Qur’an) hanyalah diajarkan kepadanya (Nabi Muhammad) oleh seorang manusia.” Bahasa orang yang mereka tuduh (bahwa Nabi Muhammad belajar kepadanya) adalah bahasa ajam (bukan bahasa Arab). Padahal, ini (Al-Qur’an) adalah bahasa Arab yang jelas.	Muhammad	http://www.wikidata.org/entity/Q9458	Messenger
16	103	Sungguh, Kami benar-benar mengetahui bahwa mereka berkata, “Sesungguhnya ia (Al-Qur’an) hanyalah diajarkan kepadanya (Nabi Muhammad) oleh seorang manusia.” Bahasa orang yang mereka tuduh (bahwa Nabi Muhammad belajar kepadanya) adalah bahasa ajam (bukan bahasa Arab). Padahal, ini (Al-Qur’an) adalah bahasa Arab yang jelas.	bahasa Arab	http://www.wikidata.org/entity/Q13955	Language
16	103	Sungguh, Kami benar-benar mengetahui bahwa mereka berkata, “Sesungguhnya ia (Al-Qur’an) hanyalah diajarkan kepadanya (Nabi Muhammad) oleh seorang manusia.” Bahasa orang yang mereka tuduh (bahwa Nabi Muhammad belajar kepadanya) adalah bahasa ajam (bukan bahasa Arab). Padahal, ini (Al-Qur’an) adalah bahasa Arab yang jelas.	Al-Qur’an	http://www.wikidata.org/entity/Q428	HolyBook
16	103	Sungguh, Kami benar-benar mengetahui bahwa mereka berkata, “Sesungguhnya ia (Al-Qur’an) hanyalah diajarkan kepadanya (Nabi Muhammad) oleh seorang manusia.” Bahasa orang yang mereka tuduh (bahwa Nabi Muhammad belajar kepadanya) adalah bahasa ajam (bukan bahasa Arab). Padahal, ini (Al-Qur’an) adalah bahasa Arab yang jelas.	bahasa Arab	http://www.wikidata.org/entity/Q13955	Language
16	104	Sesungguhnya orang-orang yang tidak beriman kepada ayat-ayat Allah (Al-Qur’an) tidak akan Allah beri petunjuk dan bagi mereka ada azab yang sangat pedih.	Allah	http://www.wikidata.org/entity/Q2095353	Allah
16	104	Sesungguhnya orang-orang yang tidak beriman kepada ayat-ayat Allah (Al-Qur’an) tidak akan Allah beri petunjuk dan bagi mereka ada azab yang sangat pedih.	Al-Qur’an	http://www.wikidata.org/entity/Q428	HolyBook
16	104	Sesungguhnya orang-orang yang tidak beriman kepada ayat-ayat Allah (Al-Qur’an) tidak akan Allah beri petunjuk dan bagi mereka ada azab yang sangat pedih.	Allah	http://www.wikidata.org/entity/Q2095353	Allah
16	106	Siapa yang kufur kepada Allah setelah beriman (dia mendapat kemurkaan Allah), kecuali orang yang dipaksa (mengucapkan kalimat kekufuran), sedangkan hatinya tetap tenang dengan keimanannya (dia tidak berdosa). Akan tetapi, siapa yang berlapang dada untuk (menerima) kekufuran, niscaya kemurkaan Allah menimpanya dan bagi mereka ada azab yang besar.	Allah	http://www.wikidata.org/entity/Q2095353	Allah
16	106	Siapa yang kufur kepada Allah setelah beriman (dia mendapat kemurkaan Allah), kecuali orang yang dipaksa (mengucapkan kalimat kekufuran), sedangkan hatinya tetap tenang dengan keimanannya (dia tidak berdosa). Akan tetapi, siapa yang berlapang dada untuk (menerima) kekufuran, niscaya kemurkaan Allah menimpanya dan bagi mereka ada azab yang besar.	Allah	http://www.wikidata.org/entity/Q2095353	Allah
16	106	Siapa yang kufur kepada Allah setelah beriman (dia mendapat kemurkaan Allah), kecuali orang yang dipaksa (mengucapkan kalimat kekufuran), sedangkan hatinya tetap tenang dengan keimanannya (dia tidak berdosa). Akan tetapi, siapa yang berlapang dada untuk (menerima) kekufuran, niscaya kemurkaan Allah menimpanya dan bagi mereka ada azab yang besar.	Allah	http://www.wikidata.org/entity/Q2095353	Allah
16	107	Yang demikian itu disebabkan mereka lebih mencintai kehidupan dunia daripada akhirat dan sesungguhnya Allah tidak memberi petunjuk kepada kaum yang kafir.	Allah	http://www.wikidata.org/entity/Q2095353	Allah
16	110	Kemudian, sesungguhnya Tuhanmu (adalah pelindung) bagi orang-orang yang berhijrah setelah menderita cobaan. Lalu, mereka berjihad dan bersabar. Sesungguhnya Tuhanmu setelah itu benar-benar Maha Pengampun lagi Maha Penyayang.			
16	111	(Ingatlah) hari (ketika) setiap orang datang untuk membela dirinya dan setiap orang disempurnakan (balasan) apa yang telah ia kerjakan dan mereka tidak dizalimi.			
16	112	Allah telah membuat suatu perumpamaan sebuah negeri yang dahulu aman lagi tenteram yang rezekinya datang kepadanya berlimpah ruah dari setiap tempat, tetapi (penduduknya) mengingkari nikmat-nikmat Allah. Oleh karena itu, Allah menimpakan kepada mereka bencana kelaparan dan ketakutan karena apa yang selalu mereka perbuat.	Allah	http://www.wikidata.org/entity/Q2095353	Allah
16	112	Allah telah membuat suatu perumpamaan sebuah negeri yang dahulu aman lagi tenteram yang rezekinya datang kepadanya berlimpah ruah dari setiap tempat, tetapi (penduduknya) mengingkari nikmat-nikmat Allah. Oleh karena itu, Allah menimpakan kepada mereka bencana kelaparan dan ketakutan karena apa yang selalu mereka perbuat.	Allah	http://www.wikidata.org/entity/Q2095353	Allah
16	112	Allah telah membuat suatu perumpamaan sebuah negeri yang dahulu aman lagi tenteram yang rezekinya datang kepadanya berlimpah ruah dari setiap tempat, tetapi (penduduknya) mengingkari nikmat-nikmat Allah. Oleh karena itu, Allah menimpakan kepada mereka bencana kelaparan dan ketakutan karena apa yang selalu mereka perbuat.	Allah	http://www.wikidata.org/entity/Q2095353	Allah
16	113	Sungguh, telah datang kepada mereka seorang rasul dari (kalangan) mereka sendiri, tetapi mereka mendustakannya. Oleh karena itu, mereka ditimpa azab dan mereka itulah orang-orang zalim.			
16	114	Makanlah sebagian apa yang telah Allah anugerahkan kepadamu sebagai (rezeki) yang halal lagi baik dan syukurilah nikmat Allah jika kamu hanya menyembah kepada-Nya.	Allah	http://www.wikidata.org/entity/Q2095353	Allah
16	114	Makanlah sebagian apa yang telah Allah anugerahkan kepadamu sebagai (rezeki) yang halal lagi baik dan syukurilah nikmat Allah jika kamu hanya menyembah kepada-Nya.	Allah	http://www.wikidata.org/entity/Q2095353	Allah
16	115	Sesungguhnya Allah hanya mengharamkan atasmu bangkai, darah, daging babi, dan (hewan) yang disembelih dengan (menyebut nama) selain Allah. Akan tetapi, siapa yang terpaksa (memakannya) bukan karena menginginkan dan tidak (pula) melampaui batas, sesungguhnya Allah Maha Pengampun lagi Maha Penyayang.	Allah	http://www.wikidata.org/entity/Q2095353	Allah
16	115	Sesungguhnya Allah hanya mengharamkan atasmu bangkai, darah, daging babi, dan (hewan) yang disembelih dengan (menyebut nama) selain Allah. Akan tetapi, siapa yang terpaksa (memakannya) bukan karena menginginkan dan tidak (pula) melampaui batas, sesungguhnya Allah Maha Pengampun lagi Maha Penyayang.	Allah	http://www.wikidata.org/entity/Q2095353	Allah
16	115	Sesungguhnya Allah hanya mengharamkan atasmu bangkai, darah, daging babi, dan (hewan) yang disembelih dengan (menyebut nama) selain Allah. Akan tetapi, siapa yang terpaksa (memakannya) bukan karena menginginkan dan tidak (pula) melampaui batas, sesungguhnya Allah Maha Pengampun lagi Maha Penyayang.	Allah	http://www.wikidata.org/entity/Q2095353	Allah
16	116	Janganlah kamu mengatakan terhadap apa yang diucapkan oleh lidahmu secara bohong, “Ini halal dan ini haram,” untuk mengada-adakan kebohongan terhadap Allah. Sesungguhnya orang-orang yang mengada-adakan kebohongan terhadap Allah tidak akan beruntung.	Allah	http://www.wikidata.org/entity/Q2095353	Allah
16	116	Janganlah kamu mengatakan terhadap apa yang diucapkan oleh lidahmu secara bohong, “Ini halal dan ini haram,” untuk mengada-adakan kebohongan terhadap Allah. Sesungguhnya orang-orang yang mengada-adakan kebohongan terhadap Allah tidak akan beruntung.	Allah	http://www.wikidata.org/entity/Q2095353	Allah
16	117	(Itu adalah) kesenangan yang sedikit dan bagi mereka ada azab yang pedih.			
16	118	Terhadap orang Yahudi Kami haramkan apa yang telah Kami ceritakan kepadamu (Nabi Muhammad) dahulu. Kami tidak menzalimi mereka, tetapi merekalah yang menzalimi diri sendiri.	orang Yahudi	http://www.wikidata.org/entity/Q7325	Person
16	118	Terhadap orang Yahudi Kami haramkan apa yang telah Kami ceritakan kepadamu (Nabi Muhammad) dahulu. Kami tidak menzalimi mereka, tetapi merekalah yang menzalimi diri sendiri.	Muhammad	http://www.wikidata.org/entity/Q9458	Messenger
16	119	Kemudian, sesungguhnya Tuhanmu (mengampuni) orang-orang yang melakukan keburukan karena kebodohan (tidak menyadari akibatnya), lalu bertobat dan memperbaiki (dirinya). Sesungguhnya Tuhanmu setelah itu benar-benar Maha Pengampun lagi Maha Penyayang.			
16	120	Sesungguhnya Ibrahim adalah imam (sosok anutan) yang patuh kepada Allah, hanif (lurus), dan bukan termasuk orang-orang musyrik.	Ibrahim	http://www.wikidata.org/entity/Q1768161	Messenger
16	120	Sesungguhnya Ibrahim adalah imam (sosok anutan) yang patuh kepada Allah, hanif (lurus), dan bukan termasuk orang-orang musyrik.	Allah	http://www.wikidata.org/entity/Q2095353	Allah
16	122	Kami berikan kepadanya kebaikan di dunia dan sesungguhnya di akhirat dia termasuk orang-orang yang saleh.			
16	123	Kemudian, Kami wahyukan kepadamu (Nabi Muhammad), “Ikutilah agama Ibrahim sebagai (sosok) yang hanif dan tidak termasuk orang-orang musyrik.”	Muhammad	http://www.wikidata.org/entity/Q9458	Messenger
16	123	Kemudian, Kami wahyukan kepadamu (Nabi Muhammad), “Ikutilah agama Ibrahim sebagai (sosok) yang hanif dan tidak termasuk orang-orang musyrik.”	agama Ibrahim	http://www.wikidata.org/entity/Q432	Religion
16	124	Sesungguhnya (mengagungkan) hari Sabtu hanya diwajibkan bagi orang-orang (Yahudi) yang memperselisihkannya. Sesungguhnya Tuhanmu benar-benar akan memberi keputusan di antara mereka pada hari Kiamat tentang apa yang mereka perselisihkan.	hari Sabtu	http://www.wikidata.org/entity/Q102477	Event
16	124	Sesungguhnya (mengagungkan) hari Sabtu hanya diwajibkan bagi orang-orang (Yahudi) yang memperselisihkannya. Sesungguhnya Tuhanmu benar-benar akan memberi keputusan di antara mereka pada hari Kiamat tentang apa yang mereka perselisihkan.	Yahudi	http://www.wikidata.org/entity/Q7325	Religion
16	124	Sesungguhnya (mengagungkan) hari Sabtu hanya diwajibkan bagi orang-orang (Yahudi) yang memperselisihkannya. Sesungguhnya Tuhanmu benar-benar akan memberi keputusan di antara mereka pada hari Kiamat tentang apa yang mereka perselisihkan.	hari Kiamat	http://www.wikidata.org/entity/Q12200906	Event
16	125	Serulah (manusia) ke jalan Tuhanmu dengan hikmah dan pengajaran yang baik serta debatlah mereka dengan cara yang lebih baik. Sesungguhnya Tuhanmu Dialah yang paling tahu siapa yang tersesat dari jalan-Nya dan Dia (pula) yang paling tahu siapa yang mendapat petunjuk.			
16	127	Bersabarlah (Nabi Muhammad) dan kesabaranmu itu semata-mata dengan (pertolongan) Allah, janganlah bersedih terhadap (kekufuran) mereka, dan jangan (pula) bersempit dada terhadap tipu daya yang mereka rencanakan.	Muhammad	http://www.wikidata.org/entity/Q9458	Messenger
16	127	Bersabarlah (Nabi Muhammad) dan kesabaranmu itu semata-mata dengan (pertolongan) Allah, janganlah bersedih terhadap (kekufuran) mereka, dan jangan (pula) bersempit dada terhadap tipu daya yang mereka rencanakan.	Allah	http://www.wikidata.org/entity/Q2095353	Allah
16	128	Sesungguhnya Allah bersama orang-orang yang bertakwa dan yang berbuat kebaikan.	Allah	http://www.wikidata.org/entity/Q2095353	Allah
